Date,Open,High,Low,Close,Adj Close,Volume
2014-01-02,41.1199989319,41.2299995422,40.5099983215,40.6599998474,27.5328254700,12698600
2014-01-03,40.6800003052,40.7299995422,40.3499984741,40.4599990845,27.3973999023,10403400
2014-01-06,40.4799995422,40.5900001526,40.1599998474,40.2700004578,27.2687397003,11036300
2014-01-07,40.4799995422,40.7200012207,40.2900009155,40.3899993896,27.3499965668,11872300
2014-01-08,40.4399986267,40.4399986267,39.8300018311,39.9399986267,27.0452823639,15339600
2014-01-09,39.9500007629,40.0000000000,39.5200004578,39.7299995422,26.9030838013,14070200
2014-01-10,39.9599990845,40.2900009155,39.9000015259,40.1300010681,27.1739463806,13290000
2014-01-13,40.0000000000,40.1300010681,39.5000000000,39.5299987793,26.7676544189,14091900
2014-01-14,39.6399993896,39.9199981689,39.5800018311,39.6899986267,26.8759860992,12801100
2014-01-15,39.8300018311,39.9399986267,39.5800018311,39.7599983215,26.9234085083,12844900
2014-01-16,39.7799987793,39.8199996948,39.5800018311,39.7099990845,26.8895435333,11063100
2014-01-17,39.7200012207,39.7500000000,39.2799987793,39.2799987793,26.5983619690,13992700
2014-01-21,39.6399993896,39.9199981689,39.5299987793,39.9199981689,27.0317420959,17579000
2014-01-22,39.9900016785,40.0900001526,39.7500000000,39.9000015259,27.0181980133,9841700
2014-01-23,39.6100006104,39.6399993896,39.1199989319,39.2400016785,26.5712738037,14828100
2014-01-24,39.0800018311,39.2500000000,38.8199996948,38.8400001526,26.3004169464,16507500
2014-01-27,38.8199996948,38.9799995422,38.7099990845,38.7299995422,26.2259330750,14601900
2014-01-28,38.7700004578,39.0800018311,38.6199989319,38.8699989319,26.3207378387,8915500
2014-01-29,38.5699996948,38.5699996948,37.8199996948,37.9000015259,25.6639041901,23776100
2014-01-30,38.0000000000,38.4099998474,38.0000000000,38.1699981689,25.8467273712,13662000
2014-01-31,37.9500007629,38.1599998474,37.7200012207,37.8199996948,25.6097316742,16185000
2014-02-03,38.0200004578,38.0200004578,37.0999984741,37.2000007629,25.1898975372,23164900
2014-02-04,37.4399986267,37.5499992371,37.2099990845,37.4799995422,25.3795032501,17759700
2014-02-05,37.4900016785,37.7200012207,37.3800010681,37.6100006104,25.4675331116,13665200
2014-02-06,38.7599983215,38.9399986267,37.9199981689,38.0299987793,25.7519359589,22661500
2014-02-07,38.1699981689,38.3499984741,37.8699989319,37.9500007629,25.6977653503,20389000
2014-02-10,38.0699996948,38.6199989319,37.8400001526,38.5699996948,26.1175880432,20877200
2014-02-11,38.6699981689,38.7799987793,38.5099983215,38.6399993896,26.1649951935,15361300
2014-02-12,38.8499984741,38.9199981689,38.4000015259,38.5099983215,26.0769634247,10633400
2014-02-13,38.1300010681,38.7599983215,38.1300010681,38.6500015259,26.1717605591,10435600
2014-02-14,38.5999984741,39.0200004578,38.2700004578,38.9300003052,26.3613643646,16030100
2014-02-18,37.9799995422,38.1100006104,37.2599983215,37.4700012207,25.3727264404,46098500
2014-02-19,37.5000000000,37.5999984741,37.0499992371,37.0999984741,25.1221847534,26645100
2014-02-20,37.0600013733,37.5200004578,36.8899993896,37.2999992371,25.2576160431,22639900
2014-02-21,37.5900001526,37.6199989319,37.1399993896,37.1800003052,25.1763591766,19419800
2014-02-24,37.2999992371,37.5999984741,37.2200012207,37.5000000000,25.3930473328,24223500
2014-02-25,37.6300010681,37.9399986267,37.5000000000,37.7700004578,25.5758647919,22845500
2014-02-26,37.9000015259,37.9399986267,37.7200012207,37.8699989319,25.6435909271,18195100
2014-02-27,37.8400001526,38.1100006104,37.7999992371,38.0699996948,25.7790145874,18423400
2014-02-28,38.0800018311,38.3899993896,38.0400009155,38.2000007629,25.8670387268,15763200
2014-03-03,37.8800010681,38.1599998474,37.8499984741,38.1199989319,25.8128738403,18683400
2014-03-04,38.3400001526,38.3899993896,38.2299995422,38.3100013733,25.9415397644,20425200
2014-03-05,38.4199981689,38.4500007629,38.2500000000,38.3499984741,25.9686183929,14367400
2014-03-06,38.4000015259,38.5499992371,38.2700004578,38.4700012207,26.0498771667,14700000
2014-03-07,38.5600013733,38.6100006104,38.3600006104,38.5499992371,26.1040496826,17047600
2014-03-10,38.5499992371,38.6500015259,38.4399986267,38.6500015259,26.1717605591,14540800
2014-03-11,38.8400001526,38.8400001526,38.5400009155,38.7999992371,26.2733402252,13812100
2014-03-12,38.2700004578,38.5000000000,38.2099990845,38.4700012207,26.2562732697,15673700
2014-03-13,38.4500007629,38.4900016785,37.9199981689,37.9700012207,25.9150142670,18302800
2014-03-14,37.9500007629,38.3199996948,37.8800010681,38.1699981689,26.0515155792,14687200
2014-03-17,38.1699981689,38.3699989319,38.0499992371,38.2700004578,26.1197719574,19203000
2014-03-18,38.2700004578,38.4599990845,38.1399993896,38.4000015259,26.2084980011,16880400
2014-03-19,38.3600006104,38.5900001526,38.0999984741,38.1399993896,26.0310440063,20882200
2014-03-20,38.1100006104,38.4700012207,37.9500007629,38.4500007629,26.2426147461,13228000
2014-03-21,38.7799987793,38.8300018311,38.2799987793,38.4399986267,26.2357940674,19189100
2014-03-24,38.4799995422,38.5299987793,38.2099990845,38.4000015259,26.2084980011,15693000
2014-03-25,38.4900016785,38.7999992371,38.4599990845,38.6199989319,26.3586540222,16898900
2014-03-26,38.6899986267,38.9399986267,38.6100006104,38.6100006104,26.3518238068,15835500
2014-03-27,38.5099983215,39.0000000000,38.4799995422,38.8199996948,26.4951496124,13031500
2014-03-28,38.8899993896,39.0299987793,38.8199996948,38.9500007629,26.5838794708,11502100
2014-03-31,38.9900016785,39.0299987793,38.4599990845,38.6599998474,26.3859539032,24489800
2014-04-01,38.5299987793,38.8899993896,38.3100013733,38.4099998474,26.2153091431,20515700
2014-04-02,38.4900016785,38.5400009155,38.2999992371,38.3300018311,26.1607284546,15709100
2014-04-03,38.3899993896,38.4900016785,38.0400009155,38.0699996948,25.9832630157,18114000
2014-04-04,38.2400016785,38.4799995422,38.1399993896,38.2200012207,26.0856437683,15453600
2014-04-07,38.2700004578,38.8899993896,38.2599983215,38.6199989319,26.3586540222,17295700
2014-04-08,38.6699981689,38.9000015259,38.4799995422,38.9000015259,26.5497512817,14769900
2014-04-09,38.8400001526,38.9900016785,38.7000007629,38.9900016785,26.6111793518,12031400
2014-04-10,38.9799995422,39.4000015259,38.8199996948,38.8899993896,26.5429306030,21025700
2014-04-11,38.8300018311,39.2200012207,38.5699996948,38.6300010681,26.3654708862,18084200
2014-04-14,38.7099990845,38.7999992371,38.4000015259,38.7299995422,26.4337234497,19389800
2014-04-15,39.8300018311,40.4700012207,39.5000000000,40.1800003052,27.4233684540,47529200
2014-04-16,40.1199989319,40.5900001526,40.1199989319,40.5900001526,27.7031993866,21919900
2014-04-17,40.4300003052,40.7200012207,40.2500000000,40.7200012207,27.7919273376,18547100
2014-04-21,40.4700012207,40.7599983215,40.3499984741,40.7500000000,27.8124027252,12630900
2014-04-22,40.5800018311,40.7599983215,40.4199981689,40.7099990845,27.7851009369,17404900
2014-04-23,40.7000007629,40.8100013733,40.5600013733,40.7299995422,27.7987537384,12072500
2014-04-24,40.7000007629,40.8899993896,40.4599990845,40.7000007629,27.7782802582,11392600
2014-04-25,40.4599990845,41.0099983215,40.4399986267,41.0099983215,27.9898471832,16811400
2014-04-28,40.8199996948,41.2799987793,40.7400016785,41.0299987793,28.0034980774,20736700
2014-04-29,40.9700012207,41.0299987793,40.5200004578,40.5699996948,27.6895465851,18928400
2014-04-30,40.6899986267,40.8800010681,40.5900001526,40.7900009155,27.8396968842,12362000
2014-05-01,40.7900009155,40.7999992371,40.2599983215,40.7799987793,27.8328762054,15385800
2014-05-02,40.7900009155,40.9599990845,40.6300010681,40.9500007629,27.9489059448,14197000
2014-05-05,40.6500015259,40.9300003052,40.5499992371,40.7599983215,27.8192176819,10163500
2014-05-06,40.5200004578,40.6599998474,40.4500007629,40.4900016785,27.6349449158,9359900
2014-05-07,40.7000007629,40.9700012207,40.6300010681,40.9099998474,27.9216022491,11115600
2014-05-08,40.8499984741,40.9599990845,40.6500015259,40.7299995422,27.7987537384,8538700
2014-05-09,40.7799987793,40.9500007629,40.7099990845,40.8699989319,27.8943061829,8516400
2014-05-12,40.8800010681,40.9700012207,40.6899986267,40.8199996948,27.8601799011,8906000
2014-05-13,40.8300018311,41.2200012207,40.8199996948,41.1100006104,28.0581054688,11579600
2014-05-14,41.0200004578,41.1800003052,40.8300018311,40.8899993896,27.9079532623,10036100
2014-05-15,40.6199989319,40.9599990845,40.4399986267,40.5200004578,27.6554203033,12379200
2014-05-16,40.5200004578,40.9099998474,40.4500007629,40.8899993896,27.9079532623,13823900
2014-05-19,40.5999984741,40.7299995422,40.4199981689,40.7099990845,27.7851009369,7559500
2014-05-20,40.7999992371,40.9300003052,40.5699996948,40.5800018311,27.6963748932,9639500
2014-05-21,40.5499992371,40.8800010681,40.5000000000,40.8699989319,27.8943061829,8607300
2014-05-22,40.7700004578,40.8400001526,40.5299987793,40.5800018311,27.6963748932,8430400
2014-05-23,40.6300010681,40.7000007629,40.5299987793,40.5800018311,27.6963748932,6255200
2014-05-27,40.5600013733,40.8199996948,40.4799995422,40.7700004578,27.8260555267,11282900
2014-05-28,40.7000007629,40.8899993896,40.5299987793,40.5800018311,27.6963748932,7536700
2014-05-29,40.6800003052,40.8699989319,40.5999984741,40.6599998474,27.7509727478,9867100
2014-05-30,40.5400009155,40.9199981689,40.4900016785,40.9099998474,27.9216022491,10446100
2014-06-02,40.7500000000,40.8899993896,40.6800003052,40.8600006104,27.8874835968,7472100
2014-06-03,40.7200012207,41.0000000000,40.7099990845,40.8800010681,27.9011325836,10493100
2014-06-04,40.9099998474,40.9199981689,40.7099990845,40.7900009155,27.8396968842,7864700
2014-06-05,40.7299995422,41.0000000000,40.6300010681,40.8899993896,27.9079532623,10131700
2014-06-06,40.9399986267,41.0600013733,40.8400001526,40.9900016785,27.9762096405,8760600
2014-06-09,40.8499984741,41.0900001526,40.8499984741,40.9099998474,27.9216022491,7316400
2014-06-10,40.8400001526,41.1500015259,40.8100013733,41.0699996948,28.0308017731,9168600
2014-06-11,40.9799995422,41.0600013733,40.7900009155,40.8600006104,27.8874835968,9648600
2014-06-12,40.4099998474,40.6800003052,40.3699989319,40.4199981689,27.7946395874,11583600
2014-06-13,40.3899993896,40.5299987793,40.2500000000,40.3699989319,27.7602729797,9194600
2014-06-16,40.1899986267,40.7700004578,40.1500015259,40.6599998474,27.9596786499,12878200
2014-06-17,41.1800003052,41.2000007629,40.6100006104,40.9199981689,28.1384696960,26926600
2014-06-18,40.7900009155,41.5699996948,40.7500000000,41.5600013733,28.5785636902,18518200
2014-06-19,41.5400009155,41.8699989319,41.5299987793,41.7900009155,28.7367210388,13275200
2014-06-20,41.8699989319,41.8800010681,41.5299987793,41.6899986267,28.6679477692,23402600
2014-06-23,41.4599990845,41.7400016785,41.3300018311,41.7299995422,28.6954669952,13099300
2014-06-24,41.5200004578,41.8899993896,41.4700012207,41.8499984741,28.7779674530,14962800
2014-06-25,41.5999984741,41.9799995422,41.4599990845,41.9599990845,28.8536224365,17621800
2014-06-26,41.9099998474,42.0499992371,41.7799987793,42.0299987793,28.9017562866,16903300
2014-06-27,41.9900016785,42.2900009155,41.9099998474,42.1899986267,29.0117893219,18674400
2014-06-30,41.9799995422,42.4900016785,41.8199996948,42.3600006104,29.1286697388,14058700
2014-07-01,42.3899993896,42.4500007629,42.1500015259,42.2900009155,29.0805511475,11497700
2014-07-02,42.3100013733,42.4099998474,42.1500015259,42.2900009155,29.0805511475,6707000
2014-07-03,42.2599983215,42.3199996948,42.0099983215,42.2299995422,29.0392837524,7537700
2014-07-07,41.9599990845,42.2000007629,41.9300003052,42.1399993896,28.9773902893,8991900
2014-07-08,41.9700012207,42.2500000000,41.9099998474,41.9399986267,28.8398704529,10090500
2014-07-09,41.9300003052,42.1599998474,41.7900009155,41.9500007629,28.8467464447,9891600
2014-07-10,41.5600013733,42.2900009155,41.5499992371,42.2599983215,29.0599174500,12564500
2014-07-11,42.1199989319,42.2500000000,41.8800010681,41.9700012207,28.8604946136,9773000
2014-07-14,41.9900016785,42.3899993896,41.9799995422,42.3800010681,29.1424293518,11857700
2014-07-15,42.4099998474,42.4300003052,41.9500007629,42.0999984741,28.9498996735,10541900
2014-07-16,42.2599983215,42.3899993896,42.0200004578,42.1199989319,28.9636535645,10331400
2014-07-17,41.9300003052,42.1500015259,41.8300018311,42.0200004578,28.8948764801,9983500
2014-07-18,42.1399993896,42.4700012207,42.0200004578,42.4300003052,29.1768074036,19272400
2014-07-21,42.1199989319,42.5699996948,42.0900001526,42.4000015259,29.1561813354,17607200
2014-07-22,41.0999984741,41.3300018311,40.6100006104,41.1899986267,28.3241252899,24706000
2014-07-23,40.9799995422,41.0499992371,40.6300010681,40.8100013733,28.0628280640,17531700
2014-07-24,40.9700012207,41.0999984741,40.6599998474,40.9700012207,28.1728496552,14856000
2014-07-25,40.9199981689,41.0400009155,40.8100013733,41.0000000000,28.1934795380,10809900
2014-07-28,40.9900016785,41.0000000000,40.6100006104,40.6800003052,27.9734382629,11709100
2014-07-29,40.7500000000,40.7799987793,40.3499984741,40.3499984741,27.7465057373,10863600
2014-07-30,40.4500007629,40.5000000000,39.6100006104,39.6199989319,27.2445373535,20346200
2014-07-31,39.5299987793,39.7299995422,39.2500000000,39.2900009155,27.0176086426,15434700
2014-08-01,39.1300010681,39.4900016785,39.0600013733,39.2900009155,27.0176086426,13566700
2014-08-04,39.4099998474,39.4599990845,39.1199989319,39.4000015259,27.0932502747,11012900
2014-08-05,39.3400001526,39.5299987793,39.0999984741,39.1800003052,26.9419689178,11639200
2014-08-06,39.1300010681,39.9599990845,39.1300010681,39.9199981689,27.4508266449,17567500
2014-08-07,39.9599990845,40.0099983215,39.3300018311,39.3499984741,27.0588569641,14367400
2014-08-08,39.3400001526,39.5800018311,39.2599983215,39.4500007629,27.1276359558,13667000
2014-08-11,39.5200004578,39.8699989319,39.5200004578,39.5699996948,27.2101478577,14102600
2014-08-12,39.5600013733,39.8400001526,39.5400009155,39.6800003052,27.2857875824,13297500
2014-08-13,39.7000007629,40.0999984741,39.7000007629,39.9399986267,27.4645748138,9638900
2014-08-14,39.9300003052,40.1899986267,39.9300003052,40.1800003052,27.6296100616,6902000
2014-08-15,40.8499984741,41.1500015259,40.6599998474,40.8800010681,28.1109676361,23221600
2014-08-18,40.7900009155,41.4199981689,40.7900009155,41.3499984741,28.4341564178,14891500
2014-08-19,41.3499984741,41.4799995422,41.1599998474,41.2599983215,28.3722763062,10260400
2014-08-20,41.1500015259,41.3400001526,41.0900001526,41.2500000000,28.3653984070,6782500
2014-08-21,41.2900009155,41.6899986267,41.2200012207,41.4099998474,28.4754123688,11951000
2014-08-22,41.2900009155,41.5200004578,41.0499992371,41.1199989319,28.2759971619,11244600
2014-08-25,41.3199996948,41.4500007629,41.1199989319,41.4099998474,28.4754123688,10229300
2014-08-26,41.4099998474,41.7000007629,41.4099998474,41.5999984741,28.6060695648,8416500
2014-08-27,41.5299987793,41.7099990845,41.4399986267,41.5999984741,28.6060695648,7693100
2014-08-28,41.5099983215,41.7000007629,41.4399986267,41.6300010681,28.6266956329,9746400
2014-08-29,41.5999984741,41.7500000000,41.4700012207,41.7200012207,28.6885890961,7666700
2014-09-02,41.5200004578,41.8400001526,41.3100013733,41.6399993896,28.6335716248,9798100
2014-09-03,41.6899986267,41.8499984741,41.6599998474,41.7799987793,28.7298431396,8635400
2014-09-04,41.7999992371,42.1699981689,41.7299995422,41.8699989319,28.7917404175,16785300
2014-09-05,41.8600006104,41.8600006104,41.6100006104,41.8400001526,28.7711067200,12768100
2014-09-08,41.6699981689,41.9399986267,41.6300010681,41.7799987793,28.7298431396,9097700
2014-09-09,41.7700004578,42.0299987793,41.7500000000,41.9399986267,28.8398704529,11892500
2014-09-10,41.9000015259,42.1899986267,41.8300018311,42.1699981689,28.9980297089,17558000
2014-09-11,41.6800003052,42.0600013733,41.6599998474,41.9500007629,29.0569019318,19614000
2014-09-12,41.9000015259,41.9199981689,41.3600006104,41.4599990845,28.7175045013,12966800
2014-09-15,41.4500007629,41.5800018311,41.3300018311,41.5000000000,28.7452049255,12259600
2014-09-16,41.2900009155,41.7999992371,41.1800003052,41.6399993896,28.8421726227,15232800
2014-09-17,41.7700004578,41.7799987793,41.3199996948,41.6100006104,28.8213920593,16693800
2014-09-18,41.7500000000,41.8800010681,41.5499992371,41.7900009155,28.9460735321,12586400
2014-09-19,41.9799995422,42.3499984741,41.7500000000,42.0499992371,29.1261653900,47559700
2014-09-22,41.8499984741,42.2500000000,41.7299995422,42.2200012207,29.2439193726,11518100
2014-09-23,42.0000000000,42.1599998474,41.8800010681,41.8899993896,29.0153484344,10251300
2014-09-24,41.8499984741,42.3400001526,41.8499984741,42.2700004578,29.2785530090,13540900
2014-09-25,42.0600013733,42.1699981689,41.7700004578,41.7799987793,28.9391517639,11076300
2014-09-26,42.0000000000,42.2500000000,41.7099990845,42.2000007629,29.2300567627,9939600
2014-09-29,41.9000015259,42.2599983215,41.8800010681,42.2500000000,29.2646942139,12441100
2014-09-30,42.0999984741,42.8100013733,42.0800018311,42.6599998474,29.5486888885,22613700
2014-10-01,42.5499992371,42.8499984741,42.3699989319,42.7400016785,29.6040954590,30409700
2014-10-02,42.5999984741,42.7799987793,42.4199981689,42.6599998474,29.5486888885,16643200
2014-10-03,42.8600006104,43.0699996948,42.6599998474,43.0000000000,29.7841854095,14046300
2014-10-06,43.0299987793,43.6800003052,42.9700012207,43.5999984741,30.1997852325,20328100
2014-10-07,43.4799995422,44.1399993896,43.4799995422,43.9199981689,30.4214248657,24936600
2014-10-08,43.5800018311,44.5600013733,43.5099983215,44.5499992371,30.8577976227,26115600
2014-10-09,44.4399986267,44.7500000000,43.8699989319,43.8699989319,30.3868007660,25029300
2014-10-10,43.8800010681,44.8699989319,43.8499984741,44.4700012207,30.8023910522,25920800
2014-10-13,44.2799987793,44.6300010681,44.0299987793,44.0699996948,30.5253257751,20175200
2014-10-14,44.0400009155,44.1199989319,43.4700012207,43.6399993896,30.2274913788,21027400
2014-10-15,42.7000007629,43.5299987793,42.7000007629,43.2299995422,29.9435005188,22988600
2014-10-16,42.6500015259,42.9399986267,42.3800010681,42.5600013733,29.4794273376,22519200
2014-10-17,42.6899986267,43.0299987793,42.3100013733,42.8800010681,29.7010707855,23236000
2014-10-20,42.7500000000,43.4700012207,42.7099990845,43.2900009155,29.9850597382,17647800
2014-10-21,40.7999992371,41.1899986267,40.2599983215,40.6800003052,28.1772346497,55953500
2014-10-22,40.1899986267,41.1100006104,40.0999984741,40.6199989319,28.1356754303,27728200
2014-10-23,40.9399986267,41.3800010681,40.7400016785,40.8600006104,28.3019065857,23346800
2014-10-24,40.9799995422,41.2700004578,40.9199981689,41.0299987793,28.4196586609,13396000
2014-10-27,40.7000007629,40.9099998474,40.5600013733,40.7599983215,28.2326316833,17222500
2014-10-28,40.7599983215,40.8600006104,40.5099983215,40.5600013733,28.0941047668,18658700
2014-10-29,40.6500015259,41.0299987793,40.5200004578,40.9599990845,28.3711643219,25761800
2014-10-30,41.0000000000,41.5900001526,40.8300018311,41.4000015259,28.6759338379,18295600
2014-10-31,41.8300018311,41.8899993896,41.4000015259,41.8800010681,29.0084190369,18477700
2014-11-03,41.7900009155,42.2799987793,41.5900001526,41.8100013733,28.9599437714,13230600
2014-11-04,41.7700004578,42.0499992371,41.6599998474,41.8199996948,28.9668655396,10105300
2014-11-05,42.2999992371,42.5400009155,41.9900016785,42.3100013733,29.3062648773,20676800
2014-11-06,42.4300003052,42.6199989319,42.1100006104,42.2900009155,29.2924079895,11528800
2014-11-07,42.4500007629,42.4599990845,42.1399993896,42.3199996948,29.3131828308,11803800
2014-11-10,42.2500000000,42.5699996948,42.0900001526,42.3899993896,29.3616657257,9088900
2014-11-11,42.3800010681,42.7099990845,42.3600006104,42.5099983215,29.4447860718,8563700
2014-11-12,42.5099983215,42.8899993896,42.3100013733,42.7099990845,29.5833244324,12768800
2014-11-13,42.6500015259,43.0800018311,42.6300010681,42.7900009155,29.6387405396,12007700
2014-11-14,42.7000007629,42.9700012207,42.5000000000,42.7299995422,29.5971641541,10939500
2014-11-17,42.7500000000,42.9900016785,42.7299995422,42.9199981689,29.7287807465,10664000
2014-11-18,42.9500007629,43.8600006104,42.7500000000,43.5299987793,30.1513004303,26143000
2014-11-19,43.6699981689,44.4300003052,43.5600013733,44.2200012207,30.6292266846,25402300
2014-11-20,43.9599990845,44.4199981689,43.8499984741,44.2500000000,30.6500205994,13465400
2014-11-21,44.5800018311,44.7400016785,44.2799987793,44.5000000000,30.8231716156,14382700
2014-11-24,44.5099983215,44.7799987793,44.2000007629,44.2700004578,30.6638717651,12890800
2014-11-25,44.2700004578,44.5900001526,44.1199989319,44.4300003052,30.7746925354,10741700
2014-11-26,43.9900016785,44.3699989319,43.9700012207,44.2900009155,30.8897666931,9199200
2014-11-28,44.1500015259,45.0000000000,44.1500015259,44.8300018311,31.2663822174,10502000
2014-12-01,44.1800003052,44.7700004578,44.1300010681,44.5499992371,31.0710926056,10065700
2014-12-02,44.3699989319,44.6699981689,44.2299995422,44.5400009155,31.0641288757,9878100
2014-12-03,44.4199981689,44.4399986267,43.7599983215,43.7999992371,30.5480079651,15246500
2014-12-04,43.6199989319,43.8400001526,43.3699989319,43.5000000000,30.3387813568,13779700
2014-12-05,43.5000000000,43.6100006104,43.2000007629,43.5299987793,30.3597106934,12536900
2014-12-08,43.5099983215,43.6300010681,43.0900001526,43.1399993896,30.0877017975,12802300
2014-12-09,42.1500015259,42.5299987793,41.6699981689,42.0400009155,29.3205127716,25714600
2014-12-10,42.0400009155,42.2400016785,41.5600013733,41.5999984741,29.0136356354,18324100
2014-12-11,41.6199989319,42.0099983215,41.5000000000,41.5299987793,28.9648170471,16201500
2014-12-12,41.3899993896,41.6100006104,40.8699989319,40.9099998474,28.5324020386,18432400
2014-12-15,41.1300010681,41.1800003052,40.5600013733,40.5699996948,28.2952632904,23378500
2014-12-16,40.2000007629,41.3100013733,39.7999992371,40.3899993896,28.1697368622,23475400
2014-12-17,40.4399986267,41.7599983215,40.3800010681,41.5499992371,28.9787712097,20223900
2014-12-18,41.8600006104,42.3899993896,41.7500000000,42.3899993896,29.5646190643,18030700
2014-12-19,42.4399986267,42.7900009155,41.8899993896,41.9500007629,29.2577495575,24009500
2014-12-22,42.1399993896,42.4399986267,42.0900001526,42.3499984741,29.5367221832,11190900
2014-12-23,42.5400009155,43.1399993896,42.4700012207,42.9700012207,29.9691295624,13411300
2014-12-24,43.0999984741,43.2299995422,42.9199981689,42.9399986267,29.9482116699,6405900
2014-12-26,42.9700012207,43.2999992371,42.9300003052,42.9599990845,29.9621639252,6466900
2014-12-29,42.7999992371,43.0600013733,42.4900016785,42.8600006104,29.8924331665,8694500
2014-12-30,42.7400016785,42.9900016785,42.6500015259,42.7599983215,29.8226737976,9222000
2014-12-31,42.9199981689,42.9399986267,42.2200012207,42.2200012207,29.4460620880,9369500
2015-01-02,42.2599983215,42.4000015259,41.7999992371,42.1399993896,29.3902511597,9921100
2015-01-05,42.6899986267,42.9700012207,42.0800018311,42.1399993896,29.3902511597,26292600
2015-01-06,42.4099998474,42.9399986267,42.2400016785,42.4599990845,29.6134395599,16897500
2015-01-07,42.7999992371,43.1100006104,42.5800018311,42.9900016785,29.9830951691,13412300
2015-01-08,43.1800003052,43.5699996948,43.0999984741,43.5099983215,30.3457698822,21743600
2015-01-09,43.4700012207,43.5600013733,42.9500007629,43.0299987793,30.0109806061,12733500
2015-01-12,43.0699996948,43.2000007629,42.4599990845,42.6399993896,29.7389850616,11415800
2015-01-13,42.8300018311,43.2400016785,42.4500007629,42.6300010681,29.7320137024,12529500
2015-01-14,42.0800018311,42.5999984741,42.0699996948,42.5600013733,29.6831932068,13447600
2015-01-15,42.8300018311,42.8600006104,42.1699981689,42.3800010681,29.5576496124,11193100
2015-01-16,42.3600006104,42.5900001526,42.2400016785,42.5299987793,29.6622657776,15114900
2015-01-20,42.7000007629,43.3300018311,42.6100006104,43.1599998474,30.1016426086,17047300
2015-01-21,42.8899993896,43.4300003052,42.7599983215,43.3600006104,30.2411441803,10720600
2015-01-22,43.3699989319,43.8300018311,43.0699996948,43.7799987793,30.5340709686,14709100
2015-01-23,43.5999984741,43.7500000000,43.1800003052,43.3100013733,30.2062683105,12357700
2015-01-26,43.1800003052,43.2299995422,42.8300018311,43.0000000000,29.9900588989,11151900
2015-01-27,42.5400009155,42.6399993896,42.1500015259,42.3899993896,29.5646190643,15274000
2015-01-28,42.5900001526,42.7999992371,41.9000015259,41.9199981689,29.2368335724,14278500
2015-01-29,41.7700004578,42.1500015259,41.4700012207,42.0999984741,29.3623695374,13657900
2015-01-30,41.8300018311,41.9300003052,41.1100006104,41.1699981689,28.7137508392,19193700
2015-02-02,41.2099990845,41.6300010681,40.9000015259,41.5900001526,29.0066757202,15197500
2015-02-03,41.7500000000,41.8499984741,41.3699989319,41.6300010681,29.0345630646,13193100
2015-02-04,41.7700004578,42.0900001526,41.6199989319,41.6800003052,29.0694332123,16400000
2015-02-05,41.7999992371,41.8199996948,41.5099983215,41.7900009155,29.1461524963,11078500
2015-02-06,41.6300010681,41.7599983215,41.3199996948,41.4500007629,28.9090347290,12366400
2015-02-09,41.3800010681,41.4500007629,41.0400009155,41.2299995422,28.7555904388,13371100
2015-02-10,42.9099998474,43.0299987793,42.2000007629,42.4000015259,29.5715885162,32184200
2015-02-11,42.0999984741,42.4900016785,41.7000007629,42.3699989319,29.5506706238,20496300
2015-02-12,42.4000015259,42.6599998474,42.0699996948,42.1699981689,29.4111804962,13818200
2015-02-13,42.0200004578,42.2299995422,41.7599983215,41.9900016785,29.2856521606,10792100
2015-02-17,41.8100013733,41.8800010681,41.6399993896,41.8100013733,29.1601200104,12804200
2015-02-18,41.7500000000,41.7999992371,41.4700012207,41.7299995422,29.1043109894,9789800
2015-02-19,41.6800003052,42.2400016785,41.5299987793,42.1100006104,29.3693408966,16578300
2015-02-20,42.0400009155,42.1100006104,41.6399993896,41.9700012207,29.2716960907,15982400
2015-02-23,41.7099990845,42.1699981689,41.6899986267,41.8499984741,29.1879959106,11830300
2015-02-24,41.8499984741,42.3300018311,41.7700004578,42.1300010681,29.3832893372,12782700
2015-02-25,42.1699981689,42.2400016785,41.7400016785,42.0499992371,29.3274917603,10323300
2015-02-26,42.0400009155,42.5499992371,41.9700012207,42.4599990845,29.6134395599,14346500
2015-02-27,42.5200004578,43.6599998474,42.4700012207,43.2999992371,30.1993064880,28312800
2015-03-02,43.2999992371,43.2999992371,43.0800018311,43.2000007629,30.1295642853,13514600
2015-03-03,43.1100006104,43.1599998474,42.8400001526,42.9500007629,29.9552001953,10036300
2015-03-04,42.9199981689,42.9799995422,42.4700012207,42.5000000000,29.6413421631,16263000
2015-03-05,42.5600013733,42.6100006104,42.2500000000,42.4000015259,29.5715885162,9223000
2015-03-06,42.1199989319,42.2000007629,41.3300018311,41.5200004578,28.9578399658,18180500
2015-03-09,41.5299987793,41.5499992371,41.3199996948,41.3899993896,28.8671779633,10123300
2015-03-10,41.0999984741,41.1500015259,40.6800003052,40.6899986267,28.3789634705,14599100
2015-03-11,40.7299995422,40.7299995422,40.0800018311,40.0999984741,27.9674816132,18549700
2015-03-12,40.0999984741,40.5699996948,40.0200004578,40.5699996948,28.5300655365,17728700
2015-03-13,40.4399986267,40.5699996948,39.6100006104,39.9099998474,28.0659332275,17438400
2015-03-16,40.0000000000,40.3499984741,39.9900016785,40.2900009155,28.3331661224,15238800
2015-03-17,40.6699981689,40.7299995422,40.3199996948,40.5099983215,28.4878673553,21661800
2015-03-18,40.4799995422,40.7900009155,39.7999992371,40.5999984741,28.5511646271,26247500
2015-03-19,40.4799995422,40.5200004578,39.9599990845,40.0200004578,28.1432952881,16057600
2015-03-20,40.0699996948,40.6599998474,40.0099983215,40.6500015259,28.5863304138,31608500
2015-03-23,40.6399993896,40.9399986267,40.5000000000,40.6199989319,28.5652256012,17060500
2015-03-24,40.9099998474,40.9900016785,40.4700012207,40.4700012207,28.4597377777,13485700
2015-03-25,40.5900001526,40.7000007629,40.2400016785,40.4500007629,28.4456748962,22811300
2015-03-26,40.3400001526,40.5600013733,40.2299995422,40.3499984741,28.3753528595,17359600
2015-03-27,40.4799995422,40.4799995422,39.9700012207,40.0800018311,28.1854705811,14384400
2015-03-30,40.1100006104,40.6100006104,39.9399986267,40.5099983215,28.4878673553,12561400
2015-03-31,40.5099983215,40.9000015259,40.3499984741,40.5499992371,28.5159988403,16604800
2015-04-01,40.7900009155,40.8100013733,40.2299995422,40.6800003052,28.6074123383,14300700
2015-04-02,40.7299995422,40.8699989319,40.4799995422,40.6800003052,28.6074123383,14343100
2015-04-06,40.7700004578,41.6100006104,40.5900001526,41.1699981689,28.9519958496,19843400
2015-04-07,41.0499992371,41.3699989319,40.9700012207,41.0099983215,28.8394813538,9773400
2015-04-08,40.9799995422,41.0900001526,40.7400016785,40.8899993896,28.7550907135,8954700
2015-04-09,40.7999992371,41.0800018311,40.6300010681,41.0499992371,28.8676166534,12710900
2015-04-10,41.0900001526,41.1599998474,40.8499984741,40.8800010681,28.7480545044,8720000
2015-04-13,40.9700012207,40.9700012207,40.7000007629,40.7000007629,28.6214885712,9616300
2015-04-14,40.5900001526,40.6500015259,40.3199996948,40.5099983215,28.4878673553,11209700
2015-04-15,40.5900001526,40.8100013733,40.3199996948,40.4000015259,28.4105186462,11189100
2015-04-16,40.4099998474,40.8600006104,40.2999992371,40.5999984741,28.5511646271,13121000
2015-04-17,40.4700012207,40.6599998474,40.0999984741,40.2999992371,28.3401851654,15330300
2015-04-20,40.4199981689,40.9000015259,40.4099998474,40.6599998474,28.5933609009,13023700
2015-04-21,40.6699981689,40.9900016785,40.5400009155,40.7799987793,28.6777362823,19673100
2015-04-22,41.5600013733,41.5699996948,41.0699996948,41.3100013733,29.0504627228,26887200
2015-04-23,41.2299995422,41.4099998474,40.9199981689,40.9500007629,28.7972869873,17408800
2015-04-24,41.0400009155,41.1199989319,40.8100013733,40.8899993896,28.7550907135,11623300
2015-04-27,41.0000000000,41.1500015259,40.7799987793,40.8300018311,28.7129058838,10044600
2015-04-28,40.9500007629,40.9700012207,40.5999984741,40.7700004578,28.6707096100,12174800
2015-04-29,40.6599998474,40.7500000000,40.4000015259,40.4900016785,28.4738063812,11371400
2015-04-30,40.4000015259,40.5800018311,40.2799987793,40.5600013733,28.5230312347,12700800
2015-05-01,40.5800018311,40.9300003052,40.5000000000,40.9099998474,28.7691612244,10848300
2015-05-04,40.8800010681,41.0999984741,40.7700004578,40.9599990845,28.8043231964,10204800
2015-05-05,41.1399993896,41.1399993896,40.6800003052,40.7500000000,28.6566390991,11721300
2015-05-06,41.0400009155,41.0900001526,40.3899993896,40.6599998474,28.5933609009,11906900
2015-05-07,40.5299987793,40.9099998474,40.5099983215,40.7000007629,28.6214885712,13834700
2015-05-08,41.0000000000,41.1699981689,40.8499984741,40.9799995422,28.8183860779,11144400
2015-05-11,40.9799995422,41.3899993896,40.8800010681,40.9399986267,28.7902717590,10113500
2015-05-12,40.7700004578,40.9599990845,40.5200004578,40.6899986267,28.6144447327,12384500
2015-05-13,40.7500000000,41.3600006104,40.7200012207,41.0499992371,28.8676166534,13183700
2015-05-14,41.2999992371,41.5999984741,41.2599983215,41.5000000000,29.1840572357,9961000
2015-05-15,41.4500007629,41.6899986267,41.4300003052,41.5200004578,29.1981372833,8479000
2015-05-18,41.4900016785,41.4900016785,41.2500000000,41.3199996948,29.0574798584,11511700
2015-05-19,41.2299995422,41.3899993896,41.1300010681,41.3100013733,29.0504627228,9072000
2015-05-20,41.3699989319,41.5900001526,41.3100013733,41.3499984741,29.0785865784,10965200
2015-05-21,41.2599983215,41.3199996948,41.0699996948,41.2299995422,28.9941921234,9270900
2015-05-22,41.1199989319,41.2400016785,41.0400009155,41.2099990845,28.9801292419,11909500
2015-05-26,41.1199989319,41.1800003052,40.7400016785,40.9900016785,28.8254299164,15194300
2015-05-27,40.9399986267,41.2000007629,40.8300018311,41.1199989319,28.9168395996,9863100
2015-05-28,41.2000007629,41.2999992371,40.8800010681,41.1399993896,28.9309043884,9395200
2015-05-29,41.1800003052,41.1800003052,40.7700004578,40.9599990845,28.8043231964,19628600
2015-06-01,41.3600006104,41.4099998474,40.8800010681,40.9399986267,28.7902717590,12684100
2015-06-02,40.8400001526,41.1599998474,40.6800003052,40.9900016785,28.8254299164,11878600
2015-06-03,41.0999984741,41.2099990845,40.7799987793,40.8699989319,28.7410392761,8153800
2015-06-04,40.7099990845,40.9799995422,40.5299987793,40.5900001526,28.5441322327,10145800
2015-06-05,40.4799995422,40.5200004578,40.0800018311,40.0999984741,28.1995449066,15975600
2015-06-08,40.0999984741,40.2599983215,40.0200004578,40.1599998474,28.2417373657,14339300
2015-06-09,40.1699981689,40.4199981689,40.1100006104,40.2000007629,28.2698669434,10772700
2015-06-10,40.3199996948,40.5400009155,40.2799987793,40.3300018311,28.3612899780,11979900
2015-06-11,40.1100006104,40.2500000000,40.0299987793,40.0999984741,28.4321880341,11944900
2015-06-12,40.0400009155,40.1199989319,39.8400001526,39.9599990845,28.3329315186,15568600
2015-06-15,39.8300018311,39.8600006104,39.5699996948,39.5900001526,28.0705947876,11364800
2015-06-16,39.6300010681,40.1599998474,39.5999984741,40.0800018311,28.4180126190,12517400
2015-06-17,40.0800018311,40.3199996948,40.0099983215,40.2700004578,28.5527305603,13898400
2015-06-18,40.1599998474,40.7400016785,40.1599998474,40.6500015259,28.8221549988,16314600
2015-06-19,40.5900001526,40.6500015259,40.4000015259,40.4000015259,28.6449012756,23550600
2015-06-22,40.5099983215,40.8100013733,40.4599990845,40.4799995422,28.7016315460,8775900
2015-06-23,40.4300003052,40.5200004578,40.3100013733,40.3800010681,28.6307201385,11094900
2015-06-24,40.3699989319,40.4500007629,40.1899986267,40.1899986267,28.4960098267,10385100
2015-06-25,40.2799987793,40.3400001526,40.0200004578,40.0200004578,28.3754653931,10607600
2015-06-26,40.0999984741,40.3499984741,40.0000000000,40.0000000000,28.3612899780,16215600
2015-06-29,39.7999992371,39.9799995422,39.4000015259,39.4000015259,27.9358768463,15500800
2015-06-30,39.6100006104,39.6100006104,39.1199989319,39.2299995422,27.8153343201,14621300
2015-07-01,39.3800010681,39.5999984741,39.2799987793,39.5000000000,28.0067729950,11177400
2015-07-02,39.6300010681,39.8100013733,39.3499984741,39.4900016785,27.9996814728,8975900
2015-07-06,39.3199996948,39.5999984741,39.2200012207,39.4199981689,27.9500484467,10252600
2015-07-07,39.4900016785,40.3800010681,39.4000015259,40.2500000000,28.5385532379,20335000
2015-07-08,39.9900016785,40.2299995422,39.8400001526,39.8600006104,28.2620162964,11383700
2015-07-09,40.4599990845,40.5800018311,39.9000015259,39.9199981689,28.3045711517,13392000
2015-07-10,40.2700004578,40.5200004578,40.1599998474,40.3899993896,28.6378059387,13360400
2015-07-13,40.5600013733,40.7700004578,40.4900016785,40.6599998474,28.8292541504,9854200
2015-07-14,40.9000015259,41.2599983215,40.8400001526,41.1699981689,29.1908588409,19531000
2015-07-15,41.1500015259,41.3600006104,41.0999984741,41.1300010681,29.1624908447,11252100
2015-07-16,41.4199981689,41.5999984741,41.3499984741,41.4799995422,29.4106674194,10483700
2015-07-17,41.3100013733,41.3199996948,41.0499992371,41.2500000000,29.2475795746,9608300
2015-07-20,41.3499984741,41.5400009155,41.2200012207,41.3800010681,29.3397541046,10024200
2015-07-21,41.3800010681,41.5200004578,41.0999984741,41.1899986267,29.2050285339,13653800
2015-07-22,40.8100013733,41.5900001526,40.5900001526,40.9000015259,28.9994125366,15528600
2015-07-23,40.9900016785,41.0200004578,40.4799995422,40.8400001526,28.9568729401,13522200
2015-07-24,40.7599983215,40.8300018311,40.4099998474,40.4399986267,28.6732692719,10912500
2015-07-27,40.2799987793,40.5800018311,40.1599998474,40.5400009155,28.7441730499,10945700
2015-07-28,40.6500015259,40.7299995422,40.4399986267,40.5499992371,28.7512531281,11021800
2015-07-29,40.5299987793,40.7099990845,40.4900016785,40.5900001526,28.7796211243,8479900
2015-07-30,40.5499992371,40.7500000000,40.3899993896,40.5600013733,28.7583446503,9095500
2015-07-31,40.8800010681,41.2200012207,40.7700004578,41.0800018311,29.1270427704,15309500
2015-08-03,40.8499984741,41.5499992371,40.8400001526,41.5400009155,29.4532012939,14672600
2015-08-04,41.5099983215,41.8699989319,41.3400001526,41.8499984741,29.6729984283,17559900
2015-08-05,41.9199981689,42.2200012207,41.8199996948,42.1199989319,29.8644332886,15329200
2015-08-06,42.0000000000,42.2500000000,41.8600006104,41.9199981689,29.7226295471,11378900
2015-08-07,41.8100013733,41.9700012207,41.5299987793,41.7700004578,29.6162910461,10886700
2015-08-10,41.8899993896,41.9900016785,41.5800018311,41.6800003052,29.5524597168,9501900
2015-08-11,41.4000015259,41.5699996948,41.1699981689,41.4799995422,29.4106674194,11254900
2015-08-12,41.1300010681,41.2599983215,40.8499984741,41.2599983215,29.2546520233,9602200
2015-08-13,41.2799987793,41.3800010681,41.0099983215,41.0999984741,29.1412220001,10270900
2015-08-14,41.0099983215,41.2500000000,40.9599990845,41.2500000000,29.2475795746,9904800
2015-08-17,41.0299987793,41.4500007629,40.9700012207,41.3499984741,29.3184814453,8272800
2015-08-18,41.2799987793,41.5299987793,41.1899986267,41.2999992371,29.2830238342,11199400
2015-08-19,41.1399993896,41.2400016785,40.7799987793,40.7799987793,28.9143333435,15796500
2015-08-20,40.5200004578,40.8199996948,40.4199981689,40.5499992371,28.7512531281,14218000
2015-08-21,40.1599998474,40.4700012207,39.5099983215,39.5299987793,28.0280418396,28036200
2015-08-24,37.9900016785,38.9399986267,36.5600013733,38.3800010681,27.2126617432,44065300
2015-08-25,39.1300010681,39.2799987793,37.9300003052,37.9900016785,26.9361324310,31363700
2015-08-26,38.7500000000,38.8300018311,37.8899993896,38.7299995422,27.4608192444,23523300
2015-08-27,39.0600013733,39.3800010681,38.5999984741,39.2700004578,27.8436985016,18871600
2015-08-28,39.1100006104,39.4700012207,39.0499992371,39.4500007629,27.9713230133,14503900
2015-08-31,39.1500015259,39.4500007629,39.0600013733,39.3199996948,27.8791484833,12673300
2015-09-01,38.6699981689,39.0299987793,38.5400009155,38.7500000000,27.4750041962,23703200
2015-09-02,39.0299987793,39.0699996948,38.5600013733,38.9000015259,27.5813636780,14054800
2015-09-03,38.9000015259,39.3400001526,38.8400001526,39.1599998474,27.7656974792,13311600
2015-09-04,38.6800003052,38.7900009155,38.3800010681,38.5200004578,27.3119144440,15450500
2015-09-08,38.8699989319,39.0299987793,38.5999984741,38.9000015259,27.5813636780,15273900
2015-09-09,39.1199989319,39.2099990845,38.2000007629,38.2999992371,27.1559371948,13764600
2015-09-10,38.3100013733,38.6500015259,38.2500000000,38.4199981689,27.2410087585,14952500
2015-09-11,38.0099983215,38.1899986267,37.8400001526,38.1300010681,27.2696208954,11802300
2015-09-14,38.2200012207,38.2200012207,37.8499984741,38.0999984741,27.2481727600,8950000
2015-09-15,38.0699996948,38.6300010681,37.9199981689,38.5000000000,27.5342445374,13019800
2015-09-16,38.6699981689,39.1899986267,38.4700012207,39.1500015259,27.9991092682,22233400
2015-09-17,39.1500015259,39.6100006104,39.0400009155,39.3800010681,28.1635837555,21232500
2015-09-18,38.8600006104,39.2999992371,38.7099990845,38.9799995422,27.8775234222,27527300
2015-09-21,39.0499992371,39.3100013733,38.9399986267,39.1899986267,28.0277061462,12935800
2015-09-22,38.6800003052,38.9900016785,38.5800018311,38.7900009155,27.7416419983,15021300
2015-09-23,38.7900009155,38.8800010681,38.5499992371,38.7599983215,27.7201805115,8910800
2015-09-24,38.5200004578,39.2000007629,38.5099983215,39.1500015259,27.9991092682,19385700
2015-09-25,39.4300003052,40.0800018311,39.3300018311,39.6199989319,28.3352432251,22511300
2015-09-28,39.5200004578,39.8199996948,39.3300018311,39.5299987793,28.2708683014,19323100
2015-09-29,39.5200004578,39.7099990845,39.3300018311,39.6599998474,28.3638477325,14166900
2015-09-30,39.8800010681,40.2299995422,39.7999992371,40.1199989319,28.6928176880,19752600
2015-10-01,40.2200012207,40.4700012207,39.5999984741,39.7999992371,28.4639587402,19606600
2015-10-02,39.5600013733,40.3899993896,39.3600006104,40.3899993896,28.8859157562,15537300
2015-10-05,40.4500007629,41.0499992371,40.4300003052,41.0099983215,29.3293190002,15664000
2015-10-06,41.0400009155,41.3400001526,40.9300003052,40.9599990845,29.2935676575,14579400
2015-10-07,41.1399993896,41.6100006104,41.0999984741,41.5200004578,29.6940746307,14329700
2015-10-08,41.2599983215,41.9900016785,41.2599983215,41.9799995422,30.0230445862,11960200
2015-10-09,41.8199996948,42.1199989319,41.7799987793,42.0200004578,30.0516510010,13931200
2015-10-12,41.8300018311,42.2900009155,41.8100013733,42.0000000000,30.0373477936,12299100
2015-10-13,41.7999992371,41.9099998474,41.5400009155,41.6500015259,29.7870388031,12903600
2015-10-14,41.5600013733,41.9599990845,41.5600013733,41.6800003052,29.8084945679,14180000
2015-10-15,41.8699989319,42.0299987793,41.5999984741,41.9199981689,29.9801349640,11801600
2015-10-16,42.1599998474,42.2099990845,41.8800010681,42.0200004578,30.0516510010,20384200
2015-10-19,41.9000015259,42.0600013733,41.7999992371,41.9900016785,30.0301914215,15553800
2015-10-20,42.0000000000,42.4000015259,42.0000000000,42.2900009155,30.2447586060,16199300
2015-10-21,41.9399986267,42.5200004578,41.7099990845,42.1899986267,30.1732349396,19254900
2015-10-22,42.4399986267,43.8499984741,42.4099998474,43.2400016785,30.9241695404,35920200
2015-10-23,43.3100013733,43.3100013733,42.7500000000,42.7900009155,30.6023464203,18796100
2015-10-26,42.7599983215,42.8899993896,42.4599990845,42.5900001526,30.4592990875,14788600
2015-10-27,42.5000000000,42.7700004578,42.4799995422,42.6100006104,30.4736022949,30166600
2015-10-28,42.7500000000,42.8400001526,42.2099990845,42.7299995422,30.5594329834,13667300
2015-10-29,42.6599998474,42.9000015259,42.3400001526,42.7900009155,30.6023464203,9427400
2015-10-30,42.7999992371,42.8600006104,42.3499984741,42.3499984741,30.2876701355,15356200
2015-11-02,42.3199996948,42.3600006104,41.9000015259,42.2400016785,30.2089881897,16252200
2015-11-03,42.1800003052,42.3199996948,41.8100013733,42.1599998474,30.1517772675,9693100
2015-11-04,42.2700004578,42.3899993896,41.8899993896,41.9700012207,30.0158882141,10488500
2015-11-05,42.0000000000,42.3499984741,41.9799995422,42.3300018311,30.2733669281,9625100
2015-11-06,41.9700012207,42.2200012207,41.6100006104,41.9599990845,30.0087490082,11926700
2015-11-09,41.7000007629,41.7900009155,41.3400001526,41.5400009155,29.7083740234,10842700
2015-11-10,41.4399986267,41.8100013733,41.4300003052,41.7700004578,29.8728752136,8283100
2015-11-11,41.9399986267,42.2000007629,41.9199981689,42.0400009155,30.0659580231,9101200
2015-11-12,42.0099983215,42.0499992371,41.5699996948,41.5800018311,29.7369766235,10725000
2015-11-13,41.4599990845,41.7799987793,41.3600006104,41.3800010681,29.5939445496,11619500
2015-11-16,41.4300003052,42.0000000000,41.3899993896,41.9599990845,30.0087490082,11244900
2015-11-17,41.8499984741,42.1500015259,41.5099983215,41.6699981689,29.8013439178,12739400
2015-11-18,41.7700004578,42.3499984741,41.6800003052,42.2799987793,30.2376060486,12966300
2015-11-19,42.3199996948,43.2999992371,42.3199996948,43.1100006104,30.8311939240,24090700
2015-11-20,43.3100013733,43.5800018311,42.4000015259,42.4300003052,30.3448829651,19780800
2015-11-23,42.5499992371,43.1800003052,42.5299987793,42.9599990845,30.7239189148,13338100
2015-11-24,42.7000007629,43.5999984741,42.6599998474,43.3600006104,31.0099830627,15767200
2015-11-25,43.3199996948,43.5000000000,43.2400016785,43.3600006104,31.0099830627,10344900
2015-11-27,43.0400009155,43.2400016785,42.7999992371,43.1500015259,31.0964717865,7236700
2015-11-30,43.1199989319,43.1500015259,42.6100006104,42.6199989319,30.7145252228,16063000
2015-12-01,42.7299995422,43.0999984741,42.7299995422,42.8899993896,30.9090919495,11153000
2015-12-02,42.8300018311,42.9300003052,42.5900001526,42.7700004578,30.8226146698,12598500
2015-12-03,42.7299995422,42.8899993896,42.3199996948,42.4599990845,30.5992107391,15004400
2015-12-04,42.5800018311,43.4799995422,42.5800018311,43.2900009155,31.1973609924,16488000
2015-12-07,43.3100013733,43.4399986267,43.0000000000,43.2000007629,31.1325130463,12030700
2015-12-08,43.0499992371,43.2500000000,42.7999992371,43.0099983215,30.9955654144,10736200
2015-12-09,42.7799987793,43.2700004578,42.5000000000,42.6599998474,30.7433433533,12945500
2015-12-10,42.7299995422,43.0699996948,42.5299987793,42.7599983215,30.8153972626,15483300
2015-12-11,42.6300010681,42.8300018311,42.1399993896,42.2700004578,30.4622898102,17313400
2015-12-14,42.3100013733,42.7599983215,41.9700012207,42.4500007629,30.5920028687,20092900
2015-12-15,42.8400001526,43.2400016785,42.7599983215,43.0699996948,31.0388107300,17916400
2015-12-16,43.2500000000,43.9099998474,43.2500000000,43.8400001526,31.5937099457,21868600
2015-12-17,43.8100013733,43.8899993896,43.4199981689,43.4900016785,31.3414974213,14697000
2015-12-18,43.3600006104,43.4199981689,42.5000000000,42.5000000000,30.6280288696,24583700
2015-12-21,42.8199996948,42.9399986267,42.4599990845,42.7799987793,30.8298244476,10444400
2015-12-22,42.8600006104,43.3899993896,42.7099990845,43.2900009155,31.1973609924,12280800
2015-12-23,43.3899993896,43.7299995422,43.3499984741,43.6699981689,31.4711990356,9092300
2015-12-24,43.4900016785,43.7200012207,43.4199981689,43.5400009155,31.3775177002,3036600
2015-12-28,43.4399986267,43.5200004578,43.3100013733,43.4900016785,31.3414974213,6326100
2015-12-29,43.5400009155,43.7799987793,43.5000000000,43.7099990845,31.5000419617,7739800
2015-12-30,43.7500000000,43.7700004578,43.4500007629,43.5699996948,31.3991470337,5112500
2015-12-31,43.2999992371,43.3400001526,42.8699989319,42.9599990845,30.9595470428,9727900
2016-01-04,42.3400001526,42.5000000000,41.9700012207,42.4000015259,30.5559692383,16084100
2016-01-05,42.3100013733,42.6300010681,42.1699981689,42.5499992371,30.6640625000,15781900
2016-01-06,42.2000007629,42.5099983215,42.0400009155,42.3199996948,30.4983139038,16245100
2016-01-07,41.6500015259,42.1100006104,41.4500007629,41.6199989319,29.9938526154,20563600
2016-01-08,41.6500015259,42.1199989319,41.4099998474,41.5099983215,29.9145755768,14645900
2016-01-11,41.5800018311,41.8600006104,41.2900009155,41.5800018311,29.9650287628,15815200
2016-01-12,42.2999992371,42.4500007629,41.8699989319,42.1199989319,30.3541851044,21814800
2016-01-13,42.1699981689,42.5699996948,41.7900009155,41.8499984741,30.1596107483,16854300
2016-01-14,41.9900016785,42.1699981689,41.6399993896,41.8800010681,30.1812210083,16028000
2016-01-15,40.9500007629,41.5900001526,40.9300003052,41.5000000000,29.9073791504,21153600
2016-01-19,41.7700004578,42.1199989319,41.6500015259,41.9199981689,30.2100563049,15462200
2016-01-20,41.4500007629,41.6199989319,40.7500000000,41.3800010681,29.8209037781,19923500
2016-01-21,41.4500007629,41.5099983215,41.0900001526,41.3899993896,29.8281116486,15568900
2016-01-22,41.6399993896,42.2400016785,41.4500007629,42.0600013733,30.3109474182,15209200
2016-01-25,42.2400016785,42.5000000000,41.9300003052,42.1599998474,30.3830051422,12505200
2016-01-26,42.1599998474,42.5000000000,41.9300003052,42.0800018311,30.3253650665,13018500
2016-01-27,42.1800003052,42.4599990845,41.8100013733,42.0900001526,30.3325767517,14167000
2016-01-28,42.1800003052,42.7200012207,42.0600013733,42.5699996948,30.6784858704,16622800
2016-01-29,42.8600006104,43.2599983215,42.6500015259,42.9199981689,30.9307022095,20457000
2016-02-01,42.5999984741,43.1500015259,42.5699996948,43.0000000000,30.9883728027,17097800
2016-02-02,42.7000007629,42.7900009155,42.4099998474,42.4399986267,30.5848026276,12332900
2016-02-03,42.7999992371,42.9399986267,42.2799987793,42.7200012207,30.7865848541,15958300
2016-02-04,42.5200004578,42.8899993896,42.4000015259,42.5299987793,30.6496601105,14413700
2016-02-05,42.9300003052,42.9900016785,42.2599983215,42.4399986267,30.5848026276,17315700
2016-02-08,42.1699981689,42.7000007629,41.9000015259,42.6500015259,30.7361392975,17254400
2016-02-09,42.2599983215,43.4900016785,42.2599983215,43.2999992371,31.2045631409,24853800
2016-02-10,43.3400001526,43.3899993896,42.5099983215,42.5499992371,30.6640625000,16729600
2016-02-11,42.0299987793,42.6100006104,41.9799995422,42.4099998474,30.5631732941,16825300
2016-02-12,42.7200012207,43.1399993896,42.5600013733,43.1100006104,31.0676383972,15222400
2016-02-16,43.3199996948,43.4599990845,43.0200004578,43.3600006104,31.2477989197,12675900
2016-02-17,43.4199981689,43.6199989319,43.2799987793,43.4900016785,31.3414974213,12332500
2016-02-18,43.6300010681,43.7299995422,43.2999992371,43.6100006104,31.4279613495,11170300
2016-02-19,43.5800018311,43.7700004578,43.2799987793,43.7700004578,31.5432796478,12850000
2016-02-22,43.7700004578,44.1599998474,43.6300010681,43.9399986267,31.6657848358,20716100
2016-02-23,43.7400016785,44.0499992371,43.6599998474,43.6899986267,31.4856224060,11166400
2016-02-24,43.5600013733,43.9399986267,43.3699989319,43.9099998474,31.6441726685,10844200
2016-02-25,43.9599990845,44.1800003052,43.8699989319,44.1599998474,31.8243389130,10903300
2016-02-26,44.0400009155,44.0600013733,43.1100006104,43.1399993896,31.0892524719,18421000
2016-02-29,43.1699981689,43.6100006104,42.9199981689,43.1300010681,31.0820522308,15049800
2016-03-01,43.3800010681,43.6899986267,43.1699981689,43.6899986267,31.4856224060,12358300
2016-03-02,43.4700012207,43.7700004578,43.4199981689,43.7700004578,31.5432796478,12856300
2016-03-03,43.6100006104,43.9799995422,43.5400009155,43.9599990845,31.6802005768,13134800
2016-03-04,43.7799987793,44.1500015259,43.6800003052,44.1100006104,31.7882976532,13691500
2016-03-07,43.9099998474,44.1399993896,43.8600006104,44.0099983215,31.7162227631,10695300
2016-03-08,43.9199981689,44.4700012207,43.8100013733,44.3199996948,31.9396343231,18900200
2016-03-09,44.3899993896,44.8300018311,44.2900009155,44.8100013733,32.2927627563,18466600
2016-03-10,44.8400001526,45.2599983215,44.6800003052,45.2299995422,32.5954322815,28908600
2016-03-11,45.0000000000,45.2500000000,44.9300003052,45.2000007629,32.8278388977,16129300
2016-03-14,45.0400009155,45.4199981689,45.0400009155,45.2900009155,32.8932113647,13206700
2016-03-15,45.0800018311,45.5600013733,45.0699996948,45.2400016785,32.8569030762,13686300
2016-03-16,45.0499992371,45.1699981689,44.5499992371,45.0499992371,32.7189025879,15386100
2016-03-17,45.0499992371,45.9099998474,44.9700012207,45.7700004578,33.2418212891,24080000
2016-03-18,45.8400001526,45.8699989319,45.3899993896,45.5999984741,33.1183624268,23853400
2016-03-21,45.4199981689,45.8699989319,45.3600006104,45.6699981689,33.1692123413,9740400
2016-03-22,45.5499992371,45.7299995422,45.3899993896,45.5000000000,33.0457229614,13788300
2016-03-23,45.4000015259,45.7099990845,45.3499984741,45.4599990845,33.0166816711,9292100
2016-03-24,45.4500007629,45.5999984741,45.1899986267,45.5800018311,33.1038284302,10890200
2016-03-28,45.5600013733,45.9300003052,45.5099983215,45.7999992371,33.2636184692,13306600
2016-03-29,45.8600006104,46.5099983215,45.8100013733,46.4799995422,33.7574768066,25010400
2016-03-30,46.6300010681,46.7299995422,46.3300018311,46.5800018311,33.8301162720,14312200
2016-03-31,46.5499992371,46.8800010681,46.3199996948,46.3899993896,33.6921234131,15544500
2016-04-01,46.1399993896,46.8699989319,46.1100006104,46.8300018311,34.0116996765,14922900
2016-04-04,46.8400001526,46.9300003052,46.5000000000,46.8899993896,34.0552711487,10629800
2016-04-05,46.6199989319,46.8100013733,46.4399986267,46.5299987793,33.7938003540,10696700
2016-04-06,46.5699996948,46.7299995422,46.3800010681,46.7099990845,33.9245262146,9122700
2016-04-07,46.5000000000,46.5800018311,46.1599998474,46.3600006104,33.6703300476,9292000
2016-04-08,46.4399986267,46.9799995422,46.4399986267,46.8699989319,34.0407295227,11959300
2016-04-11,46.9000015259,47.1300010681,46.4099998474,46.4399986267,33.7284355164,11880100
2016-04-12,46.4099998474,46.7599983215,46.3499984741,46.6500015259,33.8809585571,11219100
2016-04-13,46.7700004578,46.7799987793,45.8199996948,46.0400009155,33.4379158020,13234100
2016-04-14,46.0600013733,46.2200012207,45.7500000000,45.8300018311,33.2854003906,12982200
2016-04-15,45.8199996948,46.1599998474,45.6800003052,46.0999984741,33.4815025330,13647800
2016-04-18,46.0999984741,46.2799987793,45.8199996948,46.2200012207,33.5686454773,11538100
2016-04-19,46.3100013733,46.6199989319,46.1500015259,46.5999984741,33.8446426392,14418300
2016-04-20,45.3400001526,45.3800010681,44.0600013733,44.3699989319,32.2250251770,40360300
2016-04-21,44.2599983215,44.2799987793,42.8699989319,43.6599998474,31.7093772888,37206900
2016-04-22,43.7900009155,44.6599998474,43.7900009155,44.5400009155,32.3484992981,25134200
2016-04-25,44.5000000000,44.7200012207,44.3800010681,44.7099990845,32.4719619751,11173800
2016-04-26,44.9199981689,44.9599990845,44.4300003052,44.5299987793,32.3412399292,13935500
2016-04-27,44.6399993896,44.8600006104,44.2500000000,44.6800003052,32.4501838684,11335500
2016-04-28,44.5000000000,44.9000015259,44.4599990845,44.6300010681,32.4138755798,10932500
2016-04-29,44.5299987793,44.8600006104,44.5000000000,44.7999992371,32.5373344421,11716000
2016-05-02,44.5699996948,45.1899986267,44.5699996948,44.9799995422,32.6680717468,12577500
2016-05-03,44.8699989319,45.0699996948,44.6500015259,44.8400001526,32.5663871765,10420500
2016-05-04,44.7200012207,45.1100006104,44.5099983215,44.9799995422,32.6680717468,9350500
2016-05-05,44.9300003052,45.4900016785,44.8699989319,45.0600013733,32.7261695862,8801100
2016-05-06,45.0600013733,45.4099998474,44.9199981689,45.3199996948,32.9150047302,8564000
2016-05-09,45.3199996948,45.5000000000,45.1699981689,45.2400016785,32.8569030762,8110600
2016-05-10,45.4399986267,45.8400001526,45.4199981689,45.7500000000,33.2273025513,8933500
2016-05-11,45.7299995422,45.8800010681,45.4500007629,45.4599990845,33.0166816711,8833100
2016-05-12,45.5499992371,45.9000015259,45.4900016785,45.8300018311,33.2854003906,10463400
2016-05-13,45.7500000000,45.8300018311,45.2299995422,45.3499984741,32.9367866516,10341200
2016-05-16,45.1599998474,45.7299995422,45.1399993896,45.6199989319,33.1328773499,9413600
2016-05-17,45.4500007629,45.5600013733,44.7099990845,44.7500000000,32.5010223389,17457000
2016-05-18,44.5600013733,44.8300018311,44.2299995422,44.4799995422,32.3049240112,12524300
2016-05-19,44.2500000000,44.3899993896,44.0400009155,44.3199996948,32.1887207031,10659500
2016-05-20,44.5099983215,44.5400009155,43.9399986267,43.9500007629,31.9200019836,12914100
2016-05-23,44.0699996948,44.1599998474,43.9399986267,43.9700012207,31.9345226288,13554700
2016-05-24,44.0999984741,44.4199981689,44.0000000000,44.3699989319,32.2250251770,12634200
2016-05-25,44.5099983215,44.6300010681,44.2500000000,44.3800010681,32.2322998047,9218100
2016-05-26,44.5299987793,44.7700004578,44.4399986267,44.6899986267,32.4574546814,8695800
2016-05-27,44.7099990845,44.9599990845,44.6500015259,44.7799987793,32.5228157043,7893900
2016-05-31,44.9799995422,44.9799995422,44.2599983215,44.5999984741,32.3920783997,18935200
2016-06-01,44.5999984741,44.7799987793,44.4900016785,44.7000007629,32.4646987915,8916000
2016-06-02,44.7000007629,44.7200012207,44.5000000000,44.7200012207,32.4792404175,6693900
2016-06-03,44.7500000000,45.0499992371,44.6800003052,45.0400009155,32.7116508484,13434900
2016-06-06,45.0900001526,45.4799995422,45.0800018311,45.3699989319,32.9513206482,10310600
2016-06-07,45.3499984741,45.4799995422,45.2000007629,45.3199996948,32.9150047302,9812600
2016-06-08,45.2400016785,45.6599998474,45.1899986267,45.5499992371,33.0820503235,7915400
2016-06-09,45.3300018311,45.7999992371,45.3100013733,45.7599983215,33.2345619202,8042900
2016-06-10,45.6199989319,46.0099983215,45.5600013733,45.9900016785,33.4015998840,12357000
2016-06-13,45.4799995422,45.6699981689,45.0900001526,45.1199989319,33.0210380554,10613500
2016-06-14,44.8499984741,45.1300010681,44.4399986267,45.0400009155,32.9624938965,11298200
2016-06-15,45.1199989319,45.3400001526,44.8800010681,45.0099983215,32.9405326843,8360400
2016-06-16,44.8699989319,45.3400001526,44.7200012207,45.3100013733,33.1600990295,11305400
2016-06-17,45.1699981689,45.2200012207,44.3800010681,44.7900009155,32.7795486450,20805400
2016-06-20,45.0900001526,45.3100013733,44.9599990845,44.9799995422,32.9185981750,10712400
2016-06-21,45.1599998474,45.2799987793,45.0000000000,45.1300010681,33.0283660889,7919400
2016-06-22,45.2500000000,45.3300018311,44.8100013733,44.8600006104,32.8307571411,10738900
2016-06-23,45.0299987793,45.1699981689,44.8400001526,45.0800018311,32.9917755127,9655300
2016-06-24,44.2000007629,44.5600013733,43.8199996948,43.9300003052,32.1501426697,26003700
2016-06-27,43.6699981689,43.8899993896,43.3199996948,43.7799987793,32.0403709412,15779500
2016-06-28,44.0600013733,44.1899986267,43.6699981689,44.1800003052,32.3331031799,16509800
2016-06-29,44.3899993896,44.7099990845,44.2400016785,44.4399986267,32.5233879089,12250900
2016-06-30,44.5200004578,45.3300018311,44.4900016785,45.3300018311,33.1747398376,16056500
2016-07-01,45.3300018311,45.4099998474,45.0699996948,45.1199989319,33.0210380554,11799700
2016-07-05,45.1599998474,45.6699981689,45.1500015259,45.4300003052,33.2479209900,12339100
2016-07-06,45.5000000000,45.5499992371,44.9199981689,45.2700004578,33.1308250427,10902600
2016-07-07,45.4199981689,45.5200004578,44.9700012207,45.0900001526,32.9990844727,9741100
2016-07-08,45.2999992371,45.5200004578,45.0699996948,45.3800010681,33.2113265991,11127100
2016-07-11,45.3499984741,45.7700004578,45.1100006104,45.5699996948,33.3503799438,10937800
2016-07-12,45.6399993896,45.7099990845,45.1800003052,45.5800018311,33.3576889038,9739000
2016-07-13,45.6100006104,45.7599983215,45.4300003052,45.7400016785,33.4747848511,8028400
2016-07-14,45.7299995422,45.9399986267,45.5800018311,45.6899986267,33.4381904602,7621200
2016-07-15,45.8800010681,45.9000015259,45.4399986267,45.6300010681,33.3942947388,10621000
2016-07-18,45.6899986267,45.7000007629,45.4799995422,45.6300010681,33.3942947388,7958300
2016-07-19,45.4599990845,45.7099990845,45.4300003052,45.6300010681,33.3942947388,7761100
2016-07-20,45.7500000000,45.7700004578,45.3899993896,45.5099983215,33.3064613342,8478200
2016-07-21,45.3400001526,45.5099983215,45.2599983215,45.4500007629,33.2625579834,8045100
2016-07-22,45.5000000000,45.8400001526,45.4599990845,45.8300018311,33.5406532288,8836100
2016-07-25,45.8100013733,45.8300018311,45.4700012207,45.5699996948,33.3503799438,9134300
2016-07-26,45.5299987793,45.6500015259,44.8300018311,44.8800010681,32.8454093933,15819900
2016-07-27,43.9000015259,44.0600013733,43.0999984741,43.4000015259,31.7622642517,37461100
2016-07-28,43.2700004578,43.6899986267,43.2200012207,43.6500015259,31.9452171326,13077800
2016-07-29,43.7200012207,43.7500000000,43.4799995422,43.6300010681,31.9305858612,16530500
2016-08-01,43.6899986267,43.8300018311,43.4300003052,43.4500007629,31.7988624573,12349700
2016-08-02,43.3499984741,43.5800018311,43.3100013733,43.5299987793,31.8574008942,12825200
2016-08-03,43.6599998474,43.7000007629,43.3699989319,43.6399993896,31.9379081726,12119100
2016-08-04,43.5600013733,43.7999992371,43.4000015259,43.5099983215,31.8427715302,11244100
2016-08-05,43.6500015259,43.7500000000,43.4099998474,43.4799995422,31.8208065033,10398200
2016-08-08,43.4300003052,43.5200004578,43.2200012207,43.4399986267,31.7915363312,8680300
2016-08-09,43.5000000000,43.6399993896,43.3800010681,43.4700012207,31.8135013580,7281300
2016-08-10,43.6399993896,43.6899986267,43.5000000000,43.6100006104,31.9159507751,8412100
2016-08-11,43.7200012207,43.8699989319,43.6199989319,43.7500000000,32.0184097290,11303300
2016-08-12,43.9099998474,44.1899986267,43.7900009155,44.0299987793,32.2233276367,10928900
2016-08-15,44.0999984741,44.3300018311,44.0099983215,44.2400016785,32.3770217896,10390600
2016-08-16,44.2500000000,44.2500000000,43.8300018311,43.8300018311,32.0769615173,9706100
2016-08-17,44.0099983215,44.0699996948,43.7799987793,44.0600013733,32.2452850342,11208500
2016-08-18,44.0099983215,44.2599983215,44.0000000000,44.0999984741,32.2745590210,9144300
2016-08-19,44.0499992371,44.0600013733,43.7400016785,43.9199981689,32.1428260803,9385900
2016-08-22,43.9399986267,43.9500007629,43.7299995422,43.7400016785,32.0110931396,8687500
2016-08-23,43.8499984741,43.9799995422,43.7400016785,43.8499984741,32.0915985107,8421100
2016-08-24,43.8199996948,43.9399986267,43.6599998474,43.8499984741,32.0915985107,11508900
2016-08-25,43.8499984741,43.9399986267,43.6300010681,43.6699981689,31.9598579407,9815700
2016-08-26,43.7200012207,43.9199981689,43.3100013733,43.3199996948,31.7037181854,11824900
2016-08-29,43.3400001526,43.6100006104,43.3300018311,43.5400009155,31.8647289276,9544600
2016-08-30,43.4599990845,43.5299987793,43.1199989319,43.2400016785,31.6451759338,9720100
2016-08-31,43.4300003052,43.4599990845,43.0800018311,43.4300003052,31.7842254639,10217900
2016-09-01,43.2099990845,43.4099998474,43.2000007629,43.3499984741,31.7256755829,8457800
2016-09-02,43.5200004578,43.8300018311,43.4700012207,43.6599998474,31.9525508881,9026000
2016-09-06,43.7400016785,43.7999992371,43.4000015259,43.7900009155,32.0476837158,8600400
2016-09-07,43.7200012207,43.7999992371,43.5299987793,43.6399993896,31.9379081726,8656600
2016-09-08,43.6699981689,43.7299995422,43.4500007629,43.6300010681,31.9305858612,10020400
2016-09-09,43.4300003052,43.4300003052,42.2700004578,42.2700004578,30.9352817535,23624200
2016-09-12,42.3600006104,43.2299995422,42.3400001526,43.1899986267,31.6085739136,15932300
2016-09-13,42.7700004578,42.7700004578,42.2099990845,42.2799987793,31.1953926086,12962700
2016-09-14,42.2700004578,42.4099998474,41.9900016785,42.1100006104,31.0699596405,9823900
2016-09-15,42.0099983215,42.3899993896,41.8800010681,42.3600006104,31.2544136047,10158500
2016-09-16,42.1699981689,42.2599983215,41.9700012207,42.1399993896,31.0920963287,16354000
2016-09-19,42.1599998474,42.3699989319,42.0800018311,42.0999984741,31.0625762939,7659900
2016-09-20,42.3100013733,42.5299987793,42.2400016785,42.3400001526,31.2396697998,8407200
2016-09-21,42.2799987793,42.6100006104,42.0999984741,42.5299987793,31.3798503876,13654700
2016-09-22,42.7099990845,43.0099983215,42.6899986267,42.9599990845,31.6971244812,9288300
2016-09-23,42.8100013733,42.9399986267,42.6500015259,42.7400016785,31.5347938538,8852700
2016-09-26,42.7099990845,42.7200012207,42.0099983215,42.0499992371,31.0256824493,15036000
2016-09-27,42.1899986267,42.6300010681,42.0000000000,42.5900001526,31.4241275787,11920400
2016-09-28,42.6300010681,42.7599983215,42.0299987793,42.1500015259,31.0994777679,15523800
2016-09-29,42.0200004578,42.3899993896,41.8499984741,42.0299987793,31.0109348297,12671700
2016-09-30,42.2099990845,42.5000000000,42.0600013733,42.3199996948,31.2249050140,14375700
2016-10-03,42.3100013733,42.3100013733,41.8899993896,42.0299987793,31.0109348297,11152800
2016-10-04,42.3400001526,42.3400001526,41.7799987793,41.8400001526,30.8707427979,13682700
2016-10-05,41.9300003052,42.0699996948,41.6699981689,41.8100013733,30.8486118317,9607300
2016-10-06,41.6800003052,41.9399986267,41.5800018311,41.7099990845,30.7748451233,9722900
2016-10-07,41.8300018311,41.9399986267,41.5699996948,41.7299995422,30.7895965576,8122800
2016-10-10,41.9199981689,41.9900016785,41.5999984741,41.7299995422,30.7895965576,8983600
2016-10-11,41.6599998474,41.7000007629,41.4000015259,41.5400009155,30.6494026184,12249100
2016-10-12,41.6300010681,41.8400001526,41.5000000000,41.7799987793,30.8264713287,12216300
2016-10-13,41.6500015259,41.8899993896,41.5099983215,41.7599983215,30.8117198944,17655600
2016-10-14,41.8499984741,41.9099998474,41.6199989319,41.6699981689,30.7453155518,9893800
2016-10-17,41.7299995422,41.8600006104,41.5699996948,41.5999984741,30.6936645508,10792500
2016-10-18,41.8100013733,42.0000000000,41.7299995422,41.9700012207,30.9666709900,11297300
2016-10-19,41.9300003052,42.1199989319,41.8100013733,42.0499992371,31.0256824493,16367400
2016-10-20,41.9700012207,42.1100006104,41.8899993896,41.9300003052,30.9371566772,10620500
2016-10-21,41.8499984741,42.1699981689,41.6800003052,42.1300010681,31.0847225189,14401500
2016-10-24,42.3199996948,42.7700004578,42.2500000000,42.5600013733,31.4019794464,13439200
2016-10-25,42.6399993896,42.8800010681,42.4300003052,42.5400009155,31.3872318268,16484700
2016-10-26,43.0000000000,43.0299987793,42.4099998474,42.4399986267,31.3134384155,16886200
2016-10-27,42.6300010681,42.6500015259,41.9000015259,42.1199989319,31.0773448944,14537000
2016-10-28,42.2599983215,42.4700012207,42.0999984741,42.2299995422,31.1584987640,13398400
2016-10-31,42.1199989319,42.4099998474,42.1199989319,42.4000015259,31.2839393616,13327500
2016-11-01,42.4000015259,42.4300003052,41.9099998474,42.1199989319,31.0773448944,12223400
2016-11-02,42.0999984741,42.3400001526,42.0099983215,42.0499992371,31.0256824493,12034300
2016-11-03,42.2200012207,42.2200012207,41.9599990845,42.0299987793,31.0109348297,11258000
2016-11-04,41.8499984741,42.0400009155,41.6899986267,41.6899986267,30.7600708008,14464200
2016-11-07,42.0400009155,42.5000000000,42.0400009155,42.4599990845,31.3281993866,14038500
2016-11-08,42.3699989319,42.9799995422,42.3699989319,42.8800010681,31.6380805969,12036600
2016-11-09,41.7599983215,42.3199996948,41.7000007629,42.2700004578,31.1880168915,21351000
2016-11-10,41.8600006104,42.2599983215,40.8499984741,40.9399986267,30.2067089081,33245500
2016-11-11,40.9500007629,41.1300010681,40.6300010681,41.0299987793,30.2731094360,13421000
2016-11-14,41.1300010681,41.4199981689,40.8499984741,41.1699981689,30.3764076233,19514200
2016-11-15,41.1800003052,41.5200004578,41.1699981689,41.4399986267,30.5756263733,16554000
2016-11-16,41.4000015259,41.6500015259,41.1599998474,41.2599983215,30.4428081512,12681400
2016-11-17,41.2799987793,41.2999992371,41.0000000000,41.1199989319,30.3394966125,12398800
2016-11-18,41.0299987793,41.2000007629,40.9000015259,40.9099998474,30.1845703125,16345300
2016-11-21,40.9099998474,41.3600006104,40.7299995422,41.3600006104,30.5165939331,12307000
2016-11-22,41.4500007629,41.7000007629,41.2400016785,41.3699989319,30.5239715576,12743500
2016-11-23,41.2200012207,41.3100013733,41.0299987793,41.1199989319,30.3394966125,9281300
2016-11-25,41.3899993896,41.5800018311,41.2400016785,41.5299987793,30.6420230865,7402300
2016-11-28,41.5099983215,41.7900009155,41.2700004578,41.7500000000,30.8043308258,19424400
2016-11-29,41.5200004578,41.5200004578,41.1399993896,41.1500015259,30.6183242798,11421900
2016-11-30,41.0000000000,41.2000007629,40.3499984741,40.3499984741,30.0230712891,22410400
2016-12-01,40.3100013733,40.3899993896,39.8800010681,40.1699981689,29.8891334534,20409900
2016-12-02,40.2999992371,40.4900016785,40.1899986267,40.3600006104,30.0305194855,11176300
2016-12-05,40.3400001526,40.6899986267,40.3100013733,40.6199989319,30.2239685059,15977800
2016-12-06,40.7500000000,40.7700004578,40.4199981689,40.5699996948,30.1867752075,11303500
2016-12-07,40.5400009155,41.2900009155,40.5099983215,41.2900009155,30.7225017548,13726500
2016-12-08,41.0699996948,41.2099990845,40.8499984741,40.9799995422,30.4918289185,13077100
2016-12-09,41.5000000000,42.2200012207,41.2900009155,42.0000000000,31.2507781982,28125800
2016-12-12,42.0000000000,42.0099983215,41.7200012207,41.9000015259,31.1763687134,17561900
2016-12-13,41.7200012207,41.9599990845,41.5400009155,41.7599983215,31.0722084045,18986000
2016-12-14,41.8899993896,41.9900016785,41.0600013733,41.2099990845,30.6629753113,17937900
2016-12-15,41.0999984741,41.8100013733,41.0999984741,41.5499992371,30.9159488678,14265300
2016-12-16,41.6100006104,41.7599983215,41.4799995422,41.7400016785,31.0573329926,19675200
2016-12-19,41.6899986267,41.7999992371,41.5800018311,41.6699981689,31.0052413940,8687300
2016-12-20,41.7000007629,41.7200012207,41.4399986267,41.6599998474,30.9978008270,10603500
2016-12-21,41.5999984741,41.8300018311,41.5200004578,41.5699996948,30.9308319092,9693600
2016-12-22,41.5699996948,41.6199989319,41.0800018311,41.5499992371,30.9159488678,11894100
2016-12-23,41.6199989319,41.6899986267,41.3499984741,41.5999984741,30.9531536102,6436600
2016-12-27,41.5600013733,41.7599983215,41.5400009155,41.6100006104,30.9606151581,6999200
2016-12-28,41.4900016785,41.6699981689,41.3899993896,41.3899993896,30.7969017029,8988000
2016-12-29,41.3800010681,41.6899986267,41.3800010681,41.5999984741,30.9531536102,6875300
2016-12-30,41.6899986267,41.8400001526,41.3499984741,41.4599990845,30.8489799500,11470200
2017-01-03,41.5000000000,41.8100013733,41.2799987793,41.7999992371,31.1019611359,14711000
2017-01-04,41.8800010681,41.9700012207,41.5900001526,41.6500015259,30.9903583527,9959400
2017-01-05,41.6599998474,41.8600006104,41.5299987793,41.7500000000,31.0647640228,8968300
2017-01-06,41.7000007629,41.8100013733,41.5400009155,41.7400016785,31.0573329926,10246600
2017-01-09,41.2299995422,41.5800018311,41.2099990845,41.3199996948,30.7448234558,14822500
2017-01-10,41.4399986267,41.4399986267,40.8600006104,41.0400009155,30.5364894867,19706800
2017-01-11,40.8499984741,41.1199989319,40.8300018311,41.0499992371,30.5439319611,9266200
2017-01-12,41.0099983215,41.0400009155,40.7999992371,40.9500007629,30.4695014954,8541200
2017-01-13,41.0000000000,41.0400009155,40.6899986267,40.8800010681,30.4174289703,8123500
2017-01-17,40.8400001526,41.2999992371,40.7999992371,41.2200012207,30.6704120636,12469400
2017-01-18,41.2500000000,41.3800010681,41.1399993896,41.2900009155,30.7225017548,10390500
2017-01-19,41.1399993896,41.2900009155,41.0299987793,41.1399993896,30.6108913422,10987100
2017-01-20,41.2700004578,41.4399986267,41.1300010681,41.3199996948,30.7448234558,14695400
2017-01-23,41.3100013733,41.5000000000,41.2099990845,41.4300003052,30.8266696930,11628900
2017-01-24,41.4700012207,41.9700012207,41.4700012207,41.9000015259,31.1763687134,17040100
2017-01-25,41.9399986267,42.2500000000,41.9000015259,42.1199989319,31.3400783539,12538200
2017-01-26,42.0299987793,42.1100006104,41.7900009155,41.8100013733,31.1094055176,8976800
2017-01-27,41.9099998474,41.9500007629,41.4199981689,41.4500007629,30.8415451050,12967400
2017-01-30,41.2999992371,41.4799995422,41.2099990845,41.3800010681,30.7894668579,11626200
2017-01-31,41.3899993896,41.6899986267,41.3600006104,41.5699996948,30.9308319092,12678000
2017-02-01,41.5200004578,41.6599998474,41.2500000000,41.2599983215,30.7001724243,11136100
2017-02-02,41.4099998474,41.4900016785,41.2500000000,41.4000015259,30.8043346405,9459700
2017-02-03,41.5800018311,41.7900009155,41.4599990845,41.5400009155,30.9085140228,11882400
2017-02-06,41.5299987793,41.6699981689,41.4000015259,41.5600013733,30.9233913422,15742800
2017-02-07,41.7000007629,41.9799995422,41.6699981689,41.9000015259,31.1763687134,13315200
2017-02-08,41.9099998474,42.1500015259,41.8400001526,42.0200004578,31.2656669617,14219700
2017-02-09,42.0200004578,42.0200004578,40.7200012207,41.2500000000,30.6927280426,27240300
2017-02-10,41.0200004578,41.2000007629,40.5499992371,40.5800018311,30.1942081451,28847300
2017-02-13,40.7700004578,40.8300018311,40.5000000000,40.6199989319,30.2239685059,23617100
2017-02-14,40.3800010681,40.5999984741,40.2200012207,40.5299987793,30.1569957733,32177800
2017-02-15,40.4199981689,40.6300010681,40.4000015259,40.4399986267,30.0900440216,26600800
2017-02-16,40.5499992371,41.2799987793,40.5000000000,41.2000007629,30.6555194855,22214800
2017-02-17,41.1300010681,41.3600006104,41.0499992371,41.2299995422,30.6778564453,15065100
2017-02-21,41.2000007629,41.5000000000,41.2000007629,41.4599990845,30.8489799500,17072600
2017-02-22,41.5099983215,41.6800003052,41.4000015259,41.5999984741,30.9531536102,11186800
2017-02-23,41.6699981689,42.0000000000,41.6199989319,41.6599998474,30.9978008270,12856800
2017-02-24,41.7000007629,41.9099998474,41.5999984741,41.7799987793,31.0870857239,13215300
2017-02-27,41.7500000000,41.7500000000,41.5900001526,41.6699981689,31.0052413940,12186400
2017-02-28,41.6800003052,42.0699996948,41.6399993896,41.9599990845,31.2210140228,15946800
2017-03-01,42.0099983215,42.3499984741,41.8800010681,42.1599998474,31.3698310852,14662000
2017-03-02,42.0800018311,42.5600013733,42.0699996948,42.4700012207,31.6004924774,15507600
2017-03-03,42.4700012207,42.4900016785,42.2500000000,42.4799995422,31.6079254150,11740000
2017-03-06,42.3400001526,42.4300003052,42.1199989319,42.1800003052,31.3847179413,16307800
2017-03-07,42.0000000000,42.2400016785,41.9500007629,41.9900016785,31.2433452606,11273700
2017-03-08,42.0000000000,42.0299987793,41.7400016785,41.9900016785,31.2433452606,14636000
2017-03-09,42.0900001526,42.1100006104,41.9199981689,42.0299987793,31.2731056213,14496400
2017-03-10,42.2299995422,42.4000015259,42.1500015259,42.2900009155,31.4665546417,16369700
2017-03-13,41.9199981689,42.1199989319,41.8400001526,42.0299987793,31.5491333008,12831500
2017-03-14,41.9799995422,42.0999984741,41.8300018311,41.9700012207,31.5040988922,9844500
2017-03-15,41.9799995422,42.2799987793,41.9700012207,42.1199989319,31.6166934967,22757800
2017-03-16,42.0299987793,42.3899993896,41.9000015259,42.2500000000,31.7142715454,16004200
2017-03-17,42.2799987793,42.3499984741,42.0099983215,42.0299987793,31.5491333008,37526500
2017-03-20,42.0999984741,42.3400001526,42.0699996948,42.1800003052,31.6617355347,11484200
2017-03-21,42.3100013733,42.6300010681,42.2099990845,42.5000000000,31.9019222260,17187300
2017-03-22,42.5600013733,42.7000007629,42.2500000000,42.3800010681,31.8118553162,11605500
2017-03-23,42.2099990845,42.3899993896,42.0600013733,42.1699981689,31.6542205811,11503300
2017-03-24,42.2299995422,42.2500000000,41.9099998474,42.1199989319,31.6166934967,13804400
2017-03-27,42.1100006104,42.3400001526,42.0499992371,42.3199996948,31.7668170929,12387400
2017-03-28,42.2400016785,42.5600013733,42.2400016785,42.4300003052,31.8493747711,14123800
2017-03-29,42.5099983215,42.5299987793,42.2900009155,42.4199981689,31.8418827057,9580100
2017-03-30,42.3499984741,42.6199989319,42.2599983215,42.5999984741,31.9769935608,11999900
2017-03-31,42.5499992371,42.6500015259,42.4300003052,42.4399986267,31.8568878174,11551800
2017-04-03,42.5800018311,42.6300010681,42.2700004578,42.4099998474,31.8343696594,11240000
2017-04-04,42.5099983215,42.6899986267,42.3699989319,42.6800003052,32.0370445251,10946200
2017-04-05,42.6500015259,42.8600006104,42.5299987793,42.5699996948,31.9544944763,10142800
2017-04-06,42.5800018311,42.7599983215,42.4700012207,42.6699981689,32.0295410156,14597800
2017-04-07,42.6399993896,42.7400016785,42.5099983215,42.6100006104,31.9844913483,11028800
2017-04-10,42.7299995422,42.7999992371,42.5600013733,42.6899986267,32.0445518494,9426900
2017-04-11,42.6800003052,42.7500000000,42.5200004578,42.6599998474,32.0220451355,8909400
2017-04-12,42.5400009155,42.9900016785,42.5099983215,42.9399986267,32.2322044373,13417200
2017-04-13,42.8699989319,43.0800018311,42.7799987793,42.7900009155,32.1196174622,9891900
2017-04-17,42.7900009155,43.0699996948,42.7799987793,43.0699996948,32.3297920227,11318100
2017-04-18,43.1100006104,43.5900001526,43.0900001526,43.4799995422,32.6375427246,13181600
2017-04-19,43.7400016785,43.7900009155,43.1899986267,43.2299995422,32.4498977661,13893100
2017-04-20,43.2000007629,43.2999992371,43.0499992371,43.0900001526,32.3447990417,10838300
2017-04-21,42.9799995422,43.0999984741,42.8899993896,43.0699996948,32.3297920227,13833800
2017-04-24,43.2400016785,43.4300003052,43.1500015259,43.2799987793,32.4874229431,16703800
2017-04-25,42.8499984741,43.4300003052,42.8199996948,43.1100006104,32.3598213196,18745100
2017-04-26,43.0600013733,43.4300003052,42.9799995422,43.2400016785,32.4574012756,13626600
2017-04-27,43.1699981689,43.2799987793,42.9199981689,43.0099983215,32.2847557068,10386200
2017-04-28,42.9599990845,43.2000007629,42.8499984741,43.1500015259,32.3898315430,10337800
2017-05-01,43.1500015259,43.5000000000,43.0999984741,43.2200012207,32.4423828125,13208200
2017-05-02,43.2200012207,43.4399986267,43.1599998474,43.3899993896,32.5699996948,11823900
2017-05-03,43.3300018311,43.4900016785,43.1500015259,43.3199996948,32.5174560547,10389000
2017-05-04,43.4199981689,43.8100013733,43.4000015259,43.6599998474,32.7726631165,10193100
2017-05-05,43.7900009155,43.8400001526,43.5600013733,43.6899986267,32.7951774597,8133000
2017-05-08,43.5900001526,43.9099998474,43.5400009155,43.8899993896,32.9453125000,14284300
2017-05-09,43.8899993896,43.8899993896,43.3800010681,43.5099983215,32.6600646973,8694400
2017-05-10,43.4799995422,43.6199989319,43.3600006104,43.5699996948,32.7051124573,7597700
2017-05-11,43.4900016785,43.6800003052,43.4300003052,43.6699981689,32.7801589966,6860100
2017-05-12,43.6399993896,43.6800003052,43.4599990845,43.5900001526,32.7201232910,7275800
2017-05-15,43.4599990845,43.7599983215,43.4599990845,43.7299995422,32.8252067566,8493000
2017-05-16,43.8699989319,44.1100006104,43.7700004578,43.8499984741,32.9152832031,10454100
2017-05-17,43.8499984741,44.1699981689,43.7099990845,43.9300003052,32.9753417969,14538800
2017-05-18,43.8699989319,43.9599990845,43.6399993896,43.7999992371,32.8777503967,13832200
2017-05-19,43.8499984741,44.0000000000,43.7599983215,43.9000015259,32.9528198242,11796800
2017-05-22,43.8899993896,44.2200012207,43.8100013733,44.1800003052,33.1629791260,12857900
2017-05-23,44.2500000000,44.5999984741,44.2099990845,44.3899993896,33.3206367493,11996100
2017-05-24,44.5099983215,45.0900001526,44.5099983215,45.0299987793,33.8010330200,12738300
2017-05-25,45.0000000000,45.4799995422,44.9700012207,45.4099998474,34.0862731934,16704200
2017-05-26,45.3499984741,45.5600013733,45.3300018311,45.3899993896,34.0712585449,11341400
2017-05-30,45.1599998474,45.4599990845,45.1100006104,45.4300003052,34.1012878418,13093500
2017-05-31,45.4300003052,45.7000007629,45.3699989319,45.4700012207,34.1313056946,14148000
2017-06-01,45.4500007629,45.7900009155,45.2299995422,45.7900009155,34.3715095520,11049300
2017-06-02,45.8300018311,45.8899993896,45.6100006104,45.8899993896,34.4465789795,9923700
2017-06-05,45.7799987793,45.9900016785,45.6899986267,45.9900016785,34.5216407776,10015200
2017-06-06,45.9000015259,46.0600013733,45.7799987793,45.9799995422,34.5141296387,9836700
2017-06-07,45.5000000000,45.7000007629,45.3499984741,45.5099983215,34.1613349915,12776300
2017-06-08,45.5099983215,45.5099983215,45.0299987793,45.1300010681,33.8760948181,12879000
2017-06-09,45.0600013733,45.3499984741,44.9700012207,45.3199996948,34.0187187195,9358800
2017-06-12,45.3199996948,45.4799995422,45.2000007629,45.3300018311,34.0262298584,11228500
2017-06-13,45.0000000000,45.1100006104,44.7999992371,45.0299987793,34.0791969299,10023400
2017-06-14,45.1800003052,45.4700012207,45.1599998474,45.2999992371,34.2835311890,11497500
2017-06-15,45.1800003052,45.3400001526,45.0400009155,45.2500000000,34.2457046509,9908700
2017-06-16,45.3100013733,45.3499984741,45.0099983215,45.3100013733,34.2911148071,27025300
2017-06-19,45.3499984741,45.3800010681,45.0999984741,45.3800010681,34.3440818787,7624700
2017-06-20,45.3499984741,45.8699989319,45.3199996948,45.6100006104,34.5181503296,14920900
2017-06-21,45.6199989319,45.6800003052,45.1699981689,45.2200012207,34.2229957581,9515800
2017-06-22,45.1699981689,45.2799987793,45.0299987793,45.0699996948,34.1094779968,7446300
2017-06-23,45.0499992371,45.3800010681,45.0299987793,45.2500000000,34.2457046509,9544800
2017-06-26,45.3199996948,45.5099983215,45.2999992371,45.4300003052,34.3819198608,7747100
2017-06-27,45.3400001526,45.4000015259,45.0000000000,45.0499992371,34.0943336487,11432200
2017-06-28,45.2500000000,45.5000000000,45.2299995422,45.3199996948,34.2986755371,9218800
2017-06-29,45.1300010681,45.2400016785,44.6500015259,44.8300018311,33.9278411865,9283500
2017-06-30,44.8899993896,45.1199989319,44.8499984741,44.8499984741,33.9429740906,9352800
2017-07-03,45.1100006104,45.2700004578,44.7599983215,44.7599983215,33.8748512268,6434500
2017-07-05,44.7900009155,44.9900016785,44.7299995422,44.8199996948,33.9202728271,6853600
2017-07-06,44.7200012207,44.8499984741,44.2900009155,44.4000015259,33.6024055481,13113000
2017-07-07,44.4700012207,44.5200004578,44.2400016785,44.3899993896,33.5948448181,9566000
2017-07-10,44.4500007629,44.5800018311,44.2299995422,44.3800010681,33.5872764587,9672000
2017-07-11,44.3199996948,44.4799995422,44.1500015259,44.3300018311,33.5494308472,10300700
2017-07-12,44.5900001526,44.7700004578,44.4399986267,44.5099983215,33.6856613159,7737400
2017-07-13,44.4900016785,44.5299987793,44.3699989319,44.4300003052,33.6251068115,6371900
2017-07-14,44.5200004578,44.7200012207,44.5000000000,44.6800003052,33.8143234253,8558700
2017-07-17,44.6599998474,44.7900009155,44.6100006104,44.7299995422,33.8521614075,7189200
2017-07-18,44.7799987793,44.8499984741,44.6199989319,44.6699981689,33.8067436218,9037200
2017-07-19,44.6699981689,44.8400001526,44.5499992371,44.8300018311,33.9278411865,6986900
2017-07-20,44.9000015259,44.9799995422,44.7500000000,44.8199996948,33.9202728271,7430300
2017-07-21,44.7799987793,45.0699996948,44.6699981689,45.0299987793,34.0791969299,8545600
2017-07-24,45.0400009155,45.0499992371,44.8300018311,44.8400001526,33.9354057312,9103600
2017-07-25,45.0200004578,45.2900009155,44.9399986267,45.2400016785,34.2381324768,14096300
2017-07-26,44.5499992371,45.7900009155,44.3100013733,45.7400016785,34.6165466309,13608900
2017-07-27,45.7999992371,46.4300003052,45.7000007629,46.1199989319,34.9041213989,15195200
2017-07-28,46.0000000000,46.1199989319,45.7299995422,46.0099983215,34.8208808899,11945300
2017-07-31,46.0000000000,46.0800018311,45.7900009155,45.8400001526,34.6922264099,13622900
2017-08-01,45.9700012207,46.0600013733,45.6500015259,45.7000007629,34.5862655640,10306800
2017-08-02,45.5999984741,46.0000000000,45.3800010681,45.5900001526,34.5030136108,10187900
2017-08-03,45.6500015259,45.9500007629,45.6300010681,45.6699981689,34.5635604858,14261400
2017-08-04,45.6699981689,45.7599983215,45.4700012207,45.5000000000,34.4348945618,9523600
2017-08-07,45.5200004578,45.7599983215,45.5000000000,45.6399993896,34.5408630371,6226300
2017-08-08,45.6399993896,45.8199996948,45.5499992371,45.5999984741,34.5105857849,5747900
2017-08-09,45.5600013733,45.6599998474,45.3300018311,45.5900001526,34.5030136108,9635300
2017-08-10,45.5600013733,45.8400001526,45.4599990845,45.7400016785,34.6165466309,8901600
2017-08-11,45.8600006104,45.9000015259,45.5699996948,45.5900001526,34.5030136108,8357600
2017-08-14,45.6699981689,45.9399986267,45.6199989319,45.7999992371,34.6619453430,8421200
2017-08-15,45.7999992371,46.2500000000,45.7999992371,46.1899986267,34.9570884705,9638100
2017-08-16,46.1500015259,46.3400001526,46.1199989319,46.2000007629,34.9646720886,8087300
2017-08-17,46.1199989319,46.3300018311,45.8499984741,45.8600006104,34.7073478699,8477000
2017-08-18,45.7999992371,45.9000015259,45.6300010681,45.6699981689,34.5635604858,10879800
2017-08-21,45.6699981689,45.7999992371,45.5600013733,45.6800003052,34.5711326599,9429700
2017-08-22,45.7000007629,45.7500000000,45.5400009155,45.5999984741,34.5105857849,10536700
2017-08-23,45.6300010681,45.6599998474,45.4399986267,45.5400009155,34.4651794434,6528400
2017-08-24,45.5400009155,45.6100006104,45.3100013733,45.4099998474,34.3667869568,7534400
2017-08-25,45.5999984741,45.7599983215,45.5600013733,45.5699996948,34.4878845215,8807100
2017-08-28,45.6300010681,45.6899986267,45.3800010681,45.4199981689,34.3743515015,8024000
2017-08-29,45.4000015259,45.5699996948,45.2500000000,45.4500007629,34.3970680237,7762200
2017-08-30,45.3600006104,45.5400009155,45.2900009155,45.3899993896,34.3516426086,7134900
2017-08-31,45.4000015259,45.6500015259,45.3400001526,45.5499992371,34.4727439880,14264600
2017-09-01,45.6399993896,45.7999992371,45.5400009155,45.7799987793,34.6468162537,7391200
2017-09-05,45.7500000000,45.9300003052,45.6500015259,45.9199981689,34.7527694702,9916700
2017-09-06,45.9799995422,46.0400009155,45.7900009155,45.9599990845,34.7830276489,9238900
2017-09-07,46.0099983215,46.3199996948,45.9599990845,46.2799987793,35.0252075195,9418400
2017-09-08,46.1899986267,46.3699989319,46.0200004578,46.2999992371,35.0403404236,10534900
2017-09-11,46.3499984741,46.5900001526,46.2200012207,46.5200004578,35.2068443298,10430300
2017-09-12,46.5000000000,46.7500000000,46.4500007629,46.7200012207,35.3582077026,8567600
2017-09-13,46.6800003052,46.9799995422,46.6500015259,46.8699989319,35.4717369080,10218000
2017-09-14,46.4000015259,46.4700012207,45.9399986267,46.1100006104,35.1742286682,13768800
2017-09-15,46.2999992371,46.3600006104,46.0000000000,46.1800003052,35.2276306152,16141400
2017-09-18,46.1500015259,46.2400016785,45.9099998474,46.1100006104,35.1742286682,8535300
2017-09-19,46.1399993896,46.1899986267,45.8899993896,45.9799995422,35.0750617981,7297900
2017-09-20,45.7599983215,46.1500015259,45.5499992371,45.7799987793,34.9224929810,11026600
2017-09-21,45.7099990845,45.7900009155,45.3600006104,45.4000015259,34.6326141357,7555300
2017-09-22,45.4500007629,45.6300010681,45.3699989319,45.4900016785,34.7012634277,8024800
2017-09-25,45.5000000000,45.7599983215,45.3499984741,45.6899986267,34.8538398743,9215300
2017-09-26,45.6899986267,45.8699989319,45.5600013733,45.5699996948,34.7623023987,6480100
2017-09-27,45.4700012207,45.5000000000,44.3800010681,44.6399993896,34.0528526306,14816200
2017-09-28,44.6699981689,45.0000000000,44.6500015259,44.9099998474,34.2588195801,8789500
2017-09-29,44.8600006104,45.1100006104,44.7900009155,45.0099983215,34.3351058960,10082200
2017-10-02,45.0499992371,45.2700004578,44.7500000000,44.7999992371,34.1749114990,10707800
2017-10-03,44.8600006104,45.2599983215,44.7599983215,45.1899986267,34.4724235535,12038100
2017-10-04,45.1100006104,45.5600013733,44.9399986267,45.5000000000,34.7088928223,14060300
2017-10-05,45.5099983215,45.7500000000,45.5000000000,45.5200004578,34.7241630554,10215300
2017-10-06,45.3899993896,45.5200004578,45.2799987793,45.4900016785,34.7012634277,5437900
2017-10-09,45.5499992371,45.6500015259,45.3400001526,45.4099998474,34.6402435303,5268300
2017-10-10,45.5999984741,45.9000015259,45.5299987793,45.8699989319,34.9911422729,6310400
2017-10-11,45.8800010681,46.0999984741,45.8699989319,46.0999984741,35.1665878296,6638200
2017-10-12,45.9799995422,46.1399993896,45.9399986267,46.1100006104,35.1742286682,7710200
2017-10-13,46.2500000000,46.3800010681,46.1500015259,46.1800003052,35.2276306152,7126000
2017-10-16,46.1199989319,46.7500000000,46.0999984741,46.6199989319,35.5632591248,12708600
2017-10-17,46.5299987793,46.6300010681,46.3100013733,46.5200004578,35.4869842529,7699400
2017-10-18,46.4099998474,46.5400009155,46.2400016785,46.4000015259,35.3954544067,6272200
2017-10-19,46.3699989319,46.7900009155,46.3199996948,46.5900001526,35.5403862000,7515500
2017-10-20,46.5800018311,46.5900001526,46.2799987793,46.3800010681,35.3801956177,9646800
2017-10-23,46.3800010681,46.6500015259,46.2299995422,46.3199996948,35.3344154358,7153600
2017-10-24,46.2599983215,46.2900009155,45.9500007629,46.1800003052,35.2276306152,9539500
2017-10-25,46.3699989319,46.7599983215,45.9300003052,46.0499992371,35.1284675598,11994200
2017-10-26,46.3199996948,46.7500000000,46.2200012207,46.2299995422,35.2657699585,10569100
2017-10-27,46.1300010681,46.3300018311,45.9099998474,46.0699996948,35.1437110901,9988000
2017-10-30,46.0000000000,46.0699996948,45.8199996948,45.8600006104,34.9835205078,7201900
2017-10-31,45.9199981689,46.1699981689,45.8400001526,45.9799995422,35.0750617981,6560500
2017-11-01,45.7500000000,46.0900001526,45.6300010681,45.7999992371,34.9377517700,7067600
2017-11-02,45.8100013733,45.9500007629,45.7500000000,45.8800010681,34.9987716675,8317800
2017-11-03,45.9700012207,46.1599998474,45.9199981689,45.9700012207,35.0674362183,4730400
2017-11-06,45.9099998474,45.9199981689,45.4199981689,45.4700012207,34.6860160828,7451300
2017-11-07,45.4099998474,45.9500007629,45.3100013733,45.9399986267,35.0445404053,9868000
2017-11-08,45.9799995422,46.1899986267,45.8699989319,46.1800003052,35.2276306152,7586900
2017-11-09,46.1199989319,46.3899993896,46.0200004578,46.2299995422,35.2657699585,6532400
2017-11-10,46.2000007629,46.6399993896,46.1399993896,46.5400009155,35.5022506714,8022900
2017-11-13,46.5999984741,46.8199996948,46.5400009155,46.7200012207,35.6395530701,7653600
2017-11-14,46.7099990845,47.4799995422,46.6199989319,47.4300003052,36.1811790466,17200700
2017-11-15,47.3199996948,47.4599990845,46.7799987793,46.8100013733,35.7082214355,12419100
2017-11-16,46.9500007629,46.9799995422,46.5099983215,46.5499992371,35.5098648071,12506400
2017-11-17,46.3400001526,46.3800010681,45.2500000000,45.7099990845,34.8690872192,19720700
2017-11-20,45.6500015259,45.8800010681,45.4199981689,45.4599990845,34.6783866882,19160900
2017-11-21,45.5600013733,45.9500007629,45.5400009155,45.7799987793,34.9224929810,10280800
2017-11-22,45.8899993896,45.9300003052,45.5400009155,45.8400001526,34.9682617188,8434400
2017-11-24,45.8899993896,46.0499992371,45.8600006104,45.8800010681,34.9987716675,2996300
2017-11-27,45.8800010681,45.9900016785,45.8100013733,45.9000015259,35.0140266418,5649200
2017-11-28,45.9900016785,46.1500015259,45.7799987793,45.8300018311,34.9606399536,8432800
2017-11-29,45.7700004578,45.8199996948,45.2099990845,45.5000000000,34.7088928223,16502100
2017-11-30,45.1399993896,45.8400001526,45.0299987793,45.7700004578,35.2011184692,17147600
2017-12-01,45.7999992371,46.0200004578,45.2099990845,45.9700012207,35.3549308777,12468800
2017-12-04,45.9900016785,46.3800010681,45.7700004578,46.2299995422,35.5549011230,17523600
2017-12-05,46.2500000000,46.4399986267,46.0600013733,46.2599983215,35.5779724121,13670800
2017-12-06,46.3600006104,46.4799995422,46.2599983215,46.4500007629,35.7240982056,8154000
2017-12-07,46.2900009155,46.3199996948,45.7200012207,45.7799987793,35.2088050842,9106500
2017-12-08,45.7000007629,45.7299995422,45.0499992371,45.3100013733,34.8473358154,13238600
2017-12-11,45.3100013733,45.4099998474,44.9199981689,45.3300018311,34.8627166748,9698700
2017-12-12,45.2500000000,45.5200004578,45.0600013733,45.2900009155,34.8319511414,13999300
2017-12-13,45.4500007629,46.0499992371,45.4000015259,45.9000015259,35.3010902405,12418700
2017-12-14,45.8100013733,46.1699981689,45.7999992371,46.0299987793,35.4010848999,9029000
2017-12-15,46.2900009155,46.4199981689,46.0400009155,46.1899986267,35.5241355896,21181600
2017-12-18,46.2000007629,46.3800010681,45.9099998474,45.9300003052,35.3241729736,10156800
2017-12-19,46.0400009155,46.3800010681,45.9099998474,46.1300010681,35.4779891968,8253200
2017-12-20,46.2099990845,46.2999992371,45.9599990845,46.0800018311,35.4395332336,7311000
2017-12-21,46.1399993896,46.2200012207,45.5600013733,45.5999984741,35.0703735352,9657100
2017-12-22,45.6899986267,45.7299995422,45.5499992371,45.5900001526,35.0626792908,5406300
2017-12-26,45.7000007629,45.8600006104,45.6100006104,45.8100013733,35.2318840027,6100400
2017-12-27,45.9000015259,45.9399986267,45.7200012207,45.9300003052,35.3241729736,5660600
2017-12-28,45.9099998474,45.9900016785,45.6399993896,45.7200012207,35.1626663208,6538900
2017-12-29,45.7000007629,46.1800003052,45.6899986267,45.8800010681,35.2857131958,8371500
2018-01-02,45.9099998474,45.9399986267,45.5099983215,45.5400009155,35.0242347717,10872200
2018-01-03,45.4900016785,45.6899986267,45.3400001526,45.4399986267,34.9473114014,12635600
2018-01-04,45.5600013733,46.2200012207,45.4500007629,46.0800018311,35.4395332336,12709400
2018-01-05,46.0200004578,46.2000007629,45.7900009155,46.0699996948,35.4318351746,13113100
2018-01-08,45.9500007629,46.0999984741,45.8800010681,46.0000000000,35.3780059814,7068600
2018-01-09,46.0000000000,46.3600006104,45.9399986267,46.2299995422,35.5549011230,9962400
2018-01-10,46.2299995422,46.2599983215,45.9300003052,46.0699996948,35.4318351746,10700700
2018-01-11,46.2299995422,46.2299995422,45.8600006104,46.0400009155,35.4087638855,7583200
2018-01-12,46.2799987793,46.3899993896,46.0299987793,46.1500015259,35.4933662415,14570100
2018-01-16,46.1500015259,46.6199989319,46.1399993896,46.5299987793,35.7856216431,16459300
2018-01-17,46.5800018311,47.0000000000,46.5499992371,46.8199996948,36.0086479187,12143100
2018-01-18,46.7500000000,47.0699996948,46.6100006104,46.8800010681,36.0548057556,11952900
2018-01-19,46.9900016785,47.2500000000,46.8699989319,47.1599998474,36.2701377869,16187400
2018-01-22,47.1399993896,47.5000000000,47.0900001526,47.3800010681,36.4393463135,9577400
2018-01-23,47.2099990845,47.7000007629,47.1300010681,47.4500007629,36.4931831360,11463700
2018-01-24,47.5299987793,47.9500007629,47.4799995422,47.8300018311,36.7854347229,15964500
2018-01-25,47.7000007629,48.0000000000,47.7000007629,47.8400001526,36.7931289673,11755000
2018-01-26,47.7799987793,48.6199989319,47.7400016785,48.5299987793,37.3237953186,16671200
2018-01-29,48.2099990845,48.4599990845,47.5800018311,47.7000007629,36.6854438782,11662600
2018-01-30,47.7299995422,48.1599998474,47.4000015259,47.4099998474,36.4624137878,12404800
2018-01-31,47.4500007629,47.9000015259,47.3699989319,47.5900001526,36.6008529663,10960100
2018-02-01,47.4099998474,47.7299995422,47.1100006104,47.4500007629,36.4931831360,10279400
2018-02-02,47.3499984741,47.4099998474,46.6300010681,46.7299995422,35.9394340515,12912300
2018-02-05,46.6500015259,46.9199981689,44.4099998474,44.8899993896,34.5243148804,23261500
2018-02-06,43.8699989319,44.7400016785,43.4399986267,44.6699981689,34.3551216125,25184300
2018-02-07,44.5800018311,45.5000000000,44.2799987793,44.5600013733,34.2705154419,18041600
2018-02-08,44.6199989319,44.6199989319,43.0699996948,43.0999984741,33.1476440430,23295300
2018-02-09,43.3600006104,43.4599990845,42.1899986267,43.1300010681,33.1707229614,22853100
2018-02-12,43.5600013733,44.2299995422,43.3699989319,43.9700012207,33.8167572021,14689000
2018-02-13,43.9199981689,44.4099998474,43.6899986267,44.1899986267,33.9859580994,13163200
2018-02-14,44.0200004578,44.1899986267,43.6300010681,44.0999984741,33.9167442322,13457900
2018-02-15,44.2500000000,44.8300018311,44.1199989319,44.7799987793,34.4397201538,13467300
2018-02-16,45.5699996948,45.6399993896,44.7200012207,44.9799995422,34.5935401917,17202300
2018-02-20,44.7500000000,44.8300018311,43.9399986267,43.9900016785,33.8321418762,14137300
2018-02-21,44.1100006104,44.2599983215,43.3300018311,43.3400001526,33.3322296143,12792900
2018-02-22,43.4300003052,43.8199996948,43.2200012207,43.5200004578,33.4706687927,12377800
2018-02-23,43.5800018311,44.0600013733,43.4199981689,44.0400009155,33.8705978394,8277200
2018-02-26,44.2299995422,44.3899993896,43.8100013733,44.0299987793,33.8628997803,12713300
2018-02-27,44.1500015259,44.3100013733,43.6199989319,43.6199989319,33.5475845337,12774400
2018-02-28,43.8300018311,43.9099998474,43.2200012207,43.2200012207,33.2399482727,11929400
2018-03-01,43.0999984741,43.6399993896,42.8199996948,43.4300003052,33.4014549255,17746800
2018-03-02,43.2500000000,43.7999992371,43.2400016785,43.7200012207,33.6244888306,14050100
2018-03-05,43.5699996948,43.9399986267,43.5000000000,43.8899993896,33.7552261353,11992700
2018-03-06,43.9500007629,44.0499992371,43.5900001526,43.9300003052,33.7859954834,10010500
2018-03-07,43.5900001526,43.9199981689,43.4700012207,43.8199996948,33.7014007568,10881700
2018-03-08,43.9000015259,44.4599990845,43.7999992371,44.4500007629,34.1859207153,12361100
2018-03-09,44.5699996948,44.8199996948,44.3899993896,44.8199996948,34.4704818726,9778600
2018-03-12,44.9500007629,45.0900001526,44.3300018311,44.5299987793,34.2474517822,11857700
2018-03-13,44.6699981689,44.8300018311,44.4000015259,44.5699996948,34.2782135010,11342100
2018-03-14,44.3800010681,44.4300003052,43.7299995422,43.7799987793,33.9678573608,15321200
2018-03-15,43.8800010681,44.0000000000,43.5499992371,43.6699981689,33.8825073242,12456700
2018-03-16,43.7000007629,44.0200004578,43.4500007629,43.4599990845,33.7195854187,26603300
2018-03-19,43.4599990845,43.7099990845,43.1800003052,43.2599983215,33.5644073486,12380300
2018-03-20,43.3199996948,43.4799995422,43.0099983215,43.1599998474,33.4868164062,13559800
2018-03-21,43.1300010681,43.4500007629,42.7900009155,43.0000000000,33.3626823425,13054000
2018-03-22,42.8800010681,43.3699989319,42.7000007629,42.7599983215,33.1764602661,12274100
2018-03-23,42.8199996948,43.1599998474,42.2900009155,42.3300018311,32.8428459167,13475200
2018-03-26,42.6100006104,42.8100013733,42.2500000000,42.6899986267,33.1221580505,11276100
2018-03-27,42.7000007629,43.3100013733,42.5299987793,42.8899993896,33.2773323059,11627000
2018-03-28,43.0000000000,43.7000007629,43.0000000000,43.3199996948,33.6109619141,16277400
2018-03-29,43.5400009155,43.9199981689,43.2900009155,43.4300003052,33.6963005066,10450500
2018-04-02,43.4399986267,43.5000000000,42.4700012207,42.6699981689,33.1066284180,14207900
2018-04-03,42.9799995422,43.5400009155,42.8400001526,43.3800010681,33.6575088501,15484600
2018-04-04,43.1399993896,44.4000015259,43.1100006104,44.2400016785,34.3247680664,13563300
2018-04-05,44.2799987793,44.6100006104,43.9399986267,44.4000015259,34.4489021301,11707800
2018-04-06,44.2799987793,44.5200004578,43.7099990845,43.9199981689,34.0764808655,11495100
2018-04-09,44.0299987793,44.3100013733,43.7799987793,43.8300018311,34.0066490173,11913400
2018-04-10,44.0699996948,44.1800003052,43.7200012207,43.9900016785,34.1307907104,10379500
2018-04-11,43.8100013733,44.1399993896,43.7599983215,43.9900016785,34.1307907104,8424300
2018-04-12,44.0800018311,44.4099998474,43.9500007629,44.0299987793,34.1618270874,8476400
2018-04-13,44.1899986267,44.6899986267,44.1399993896,44.5099983215,34.5342445374,10774200
2018-04-16,44.6500015259,44.8899993896,44.4000015259,44.6800003052,34.6661529541,8962100
2018-04-17,44.9500007629,45.0299987793,44.6500015259,44.8800010681,34.8213272095,8406400
2018-04-18,44.9000015259,44.9700012207,44.3300018311,44.5099983215,34.5342445374,7429000
2018-04-19,44.3400001526,44.4700012207,44.0200004578,44.3100013733,34.3790779114,10370400
2018-04-20,44.3100013733,44.4099998474,43.5800018311,43.7400016785,33.9368286133,14690700
2018-04-23,43.7400016785,43.9900016785,43.5600013733,43.9799995422,34.1230278015,11878500
2018-04-24,43.9799995422,44.0999984741,42.7299995422,43.0699996948,33.4169921875,18523900
2018-04-25,42.7400016785,42.8899993896,41.9099998474,42.4300003052,32.9204216003,20774700
2018-04-26,42.4000015259,43.0999984741,42.2599983215,42.7500000000,33.1687011719,13561000
2018-04-27,42.7299995422,43.3400001526,42.7099990845,43.3100013733,33.6031990051,9777900
2018-04-30,43.5000000000,43.6899986267,42.9700012207,43.2099990845,33.5256080627,16037700
2018-05-01,42.9599990845,42.9900016785,42.1800003052,42.5900001526,33.0445747375,11514200
2018-05-02,42.4000015259,42.5900001526,41.9399986267,42.0600013733,32.6333541870,13736400
2018-05-03,42.2200012207,42.4000015259,41.5200004578,41.8899993896,32.5014572144,18352200
2018-05-04,41.7900009155,42.5000000000,41.7700004578,42.3600006104,32.8661079407,10946200
2018-05-07,42.3400001526,42.4900016785,41.9599990845,42.1399993896,32.6954154968,9336000
2018-05-08,41.9700012207,42.0900001526,41.6899986267,41.8100013733,32.4393844604,15062200
2018-05-09,41.9700012207,42.2299995422,41.6699981689,41.7799987793,32.4161071777,9295200
2018-05-10,41.9900016785,42.3600006104,41.9399986267,42.1800003052,32.7264633179,7924200
2018-05-11,42.2400016785,42.4700012207,42.0400009155,42.1399993896,32.6954154968,6331900
2018-05-14,42.2500000000,42.3199996948,41.9000015259,42.0400009155,32.6178245544,10715500
2018-05-15,41.7799987793,41.9199981689,41.4500007629,41.7200012207,32.3695602417,16449700
2018-05-16,41.7400016785,41.9399986267,41.5400009155,41.5499992371,32.2376556396,11590500
2018-05-17,42.0099983215,42.3499984741,41.8699989319,42.2999992371,32.8195571899,14857400
2018-05-18,42.2999992371,42.3800010681,42.0800018311,42.1800003052,32.7264633179,11950200
2018-05-21,42.3100013733,42.5200004578,42.2700004578,42.4099998474,32.9049186707,9110200
2018-05-22,42.5000000000,42.5999984741,42.2099990845,42.2500000000,32.7807731628,8222900
2018-05-23,42.2500000000,42.4500007629,41.9300003052,42.4000015259,32.8971481323,8971400
2018-05-24,42.4000015259,42.4700012207,42.1899986267,42.3199996948,32.8350753784,9269600
2018-05-25,42.3400001526,42.5800018311,42.2000007629,42.4000015259,32.8971481323,8806500
2018-05-29,42.1199989319,42.8499984741,42.0999984741,42.6800003052,33.1143989563,14826900
2018-05-30,42.7700004578,43.2799987793,42.7000007629,43.1300010681,33.4635353088,10114200
2018-05-31,43.2000007629,43.2099990845,42.6800003052,43.0000000000,33.3626823425,15571300
2018-06-01,43.0999984741,43.3199996948,43.0400009155,43.1199989319,33.4557838440,10664700
2018-06-04,43.3600006104,43.5900001526,43.2900009155,43.4900016785,33.7428627014,11727600
2018-06-05,43.5000000000,43.5400009155,43.0999984741,43.1100006104,33.4480209351,9975900
2018-06-06,43.0600013733,43.4599990845,43.0400009155,43.4599990845,33.7195854187,9202900
2018-06-07,43.3300018311,43.7299995422,43.3300018311,43.4399986267,33.7040672302,11948100
2018-06-08,43.5699996948,44.0000000000,43.5600013733,43.9500007629,34.0997581482,12078800
2018-06-11,43.9500007629,44.2500000000,43.8899993896,44.1300010681,34.2394180298,7526100
2018-06-12,44.1300010681,44.4199981689,44.0800018311,44.4099998474,34.4566650391,8243300
2018-06-13,44.3499984741,44.5200004578,44.1500015259,44.1800003052,34.2782135010,16745000
2018-06-14,43.7500000000,43.8499984741,43.5200004578,43.5800018311,34.1138229370,12696200
2018-06-15,43.5600013733,44.1500015259,43.4500007629,44.1199989319,34.5365295410,21562500
2018-06-18,43.8800010681,43.9599990845,43.4000015259,43.5499992371,34.0903434753,12161900
2018-06-19,43.2999992371,43.7500000000,43.2000007629,43.5999984741,34.1294708252,12936400
2018-06-20,43.6199989319,43.7799987793,43.2299995422,43.2599983215,33.8633308411,10893700
2018-06-21,43.2700004578,43.2999992371,42.9599990845,43.0900001526,33.7302627563,10465200
2018-06-22,43.1500015259,43.4099998474,43.0800018311,43.2500000000,33.8555107117,14924400
2018-06-25,43.1599998474,43.7500000000,43.1599998474,43.5800018311,34.1138229370,12092400
2018-06-26,43.5600013733,43.8400001526,43.2799987793,43.3300018311,33.9181327820,13974700
2018-06-27,43.3300018311,43.6100006104,42.9900016785,43.0699996948,33.7145996094,15332600
2018-06-28,43.2400016785,43.6800003052,43.1699981689,43.4700012207,34.0277175903,12668900
2018-06-29,43.5699996948,44.0999984741,43.3100013733,43.8600006104,34.3330154419,11485600
2018-07-02,43.7799987793,44.1599998474,43.5800018311,43.7500000000,34.2469024658,9232500
2018-07-03,44.0600013733,44.3300018311,43.9900016785,43.9900016785,34.4347648621,8214300
2018-07-05,44.1599998474,44.6699981689,44.1300010681,44.6599998474,34.9592361450,11653000
2018-07-06,44.6699981689,44.9399986267,44.5800018311,44.6399993896,34.9435882568,8733900
2018-07-09,44.5400009155,44.7299995422,44.3400001526,44.4000015259,34.7557029724,7373100
2018-07-10,44.5099983215,45.0000000000,44.5000000000,44.9700012207,35.2019081116,10606100
2018-07-11,44.9900016785,45.0000000000,44.6399993896,44.7900009155,35.0609893799,7715600
2018-07-12,44.8300018311,44.9599990845,44.4900016785,44.6699981689,34.9670600891,6331600
2018-07-13,44.7000007629,44.7799987793,44.4700012207,44.7400016785,35.0218582153,5585900
2018-07-16,44.7299995422,44.7999992371,44.5299987793,44.7299995422,35.0140304565,5831400
2018-07-17,44.7500000000,45.3899993896,44.6800003052,45.2500000000,35.4210891724,11592200
2018-07-18,45.1899986267,45.2900009155,44.8400001526,45.1199989319,35.3193092346,7351600
2018-07-19,44.9900016785,45.4300003052,44.9199981689,45.1100006104,35.3114852905,10097500
2018-07-20,45.0200004578,45.2799987793,44.9000015259,45.2799987793,35.4445571899,8588400
2018-07-23,45.2799987793,45.3600006104,44.7700004578,44.9500007629,35.1862449646,9055700
2018-07-24,44.7799987793,45.2700004578,44.6100006104,45.2599983215,35.4289131165,13786100
2018-07-25,46.0000000000,46.5800018311,45.7500000000,46.0900001526,36.0786247253,21330600
2018-07-26,46.3600006104,46.5900001526,46.2000007629,46.2400016785,36.1960334778,12673100
2018-07-27,46.3199996948,46.5000000000,46.0600013733,46.2099990845,36.1725654602,10516900
2018-07-30,46.0999984741,46.4399986267,46.0499992371,46.2299995422,36.1882095337,8967900
2018-07-31,46.4000015259,46.6699981689,46.3100013733,46.6300010681,36.5013275146,12438800
2018-08-01,46.4500007629,46.4900016785,46.1699981689,46.3899993896,36.3134574890,9904100
2018-08-02,46.4799995422,46.6300010681,46.1800003052,46.1800003052,36.1490669250,12009700
2018-08-03,46.2299995422,46.7599983215,46.1399993896,46.6199989319,36.4934959412,11462800
2018-08-06,46.5999984741,46.8699989319,46.5499992371,46.6500015259,36.5169830322,10056100
2018-08-07,46.5200004578,46.6100006104,46.1300010681,46.5000000000,36.3995590210,8632900
2018-08-08,46.4900016785,46.5600013733,46.1199989319,46.1500015259,36.1255874634,6810000
2018-08-09,46.2500000000,46.4199981689,46.0800018311,46.3499984741,36.2821464539,8924100
2018-08-10,46.2099990845,46.4199981689,45.9700012207,46.0800018311,36.0707855225,7535400
2018-08-13,46.0499992371,46.1300010681,45.7000007629,45.8300018311,35.8750915527,8143400
2018-08-14,45.9099998474,46.0999984741,45.8699989319,45.8899993896,35.9220542908,6846100
2018-08-15,45.7700004578,46.1500015259,45.6500015259,46.0800018311,36.0707855225,9686400
2018-08-16,46.1100006104,46.3800010681,45.9700012207,46.2200012207,36.1803741455,10600700
2018-08-17,46.2900009155,46.7299995422,46.2400016785,46.5999984741,36.4778404236,8885700
2018-08-20,46.6800003052,46.8699989319,46.5900001526,46.7299995422,36.5795974731,6392000
2018-08-21,46.7299995422,46.7500000000,46.2099990845,46.2200012207,36.1803741455,13986300
2018-08-22,46.3400001526,46.3800010681,45.9199981689,45.9300003052,35.9533691406,7159100
2018-08-23,45.8899993896,46.0800018311,45.6899986267,45.7000007629,35.7733383179,13144900
2018-08-24,45.6500015259,45.7999992371,45.5800018311,45.6300010681,35.7185363770,10952900
2018-08-27,46.0499992371,46.0499992371,45.5600013733,45.6899986267,35.7654953003,9581200
2018-08-28,45.6500015259,45.7299995422,45.2799987793,45.3699989319,35.5150108337,8476800
2018-08-29,45.2500000000,45.4199981689,45.2200012207,45.3300018311,35.4837112427,12410900
2018-08-30,45.2799987793,45.3199996948,44.8899993896,44.9500007629,35.1862449646,9716500
2018-08-31,45.0000000000,45.0699996948,44.3899993896,44.5699996948,34.8887748718,19834100
2018-09-04,44.5999984741,44.9000015259,44.5099983215,44.7599983215,35.0375061035,11138500
2018-09-05,44.6599998474,45.4199981689,44.6599998474,45.3800010681,35.5228385925,10554900
2018-09-06,45.4000015259,46.0000000000,45.2999992371,45.7700004578,35.8281288147,11439400
2018-09-07,45.5999984741,45.8199996948,45.2799987793,45.7200012207,35.7889862061,10208100
2018-09-10,45.9099998474,46.3100013733,45.7999992371,46.0600013733,36.0551338196,8568900
2018-09-11,46.0999984741,46.1500015259,45.8800010681,46.0200004578,36.0238189697,9278300
2018-09-12,46.1599998474,46.2999992371,46.0200004578,46.2400016785,36.1960334778,13216400
2018-09-13,46.0099983215,46.1199989319,45.7099990845,45.8300018311,36.1802444458,8294800
2018-09-14,45.9199981689,46.0299987793,45.6100006104,45.9900016785,36.3065567017,7612900
2018-09-17,46.0000000000,46.3300018311,45.9099998474,46.3199996948,36.5670852661,8527300
2018-09-18,46.3899993896,46.5299987793,45.9300003052,45.9300003052,36.2591896057,9847400
2018-09-19,46.0000000000,46.1100006104,45.8699989319,45.9599990845,36.2828750610,7119000
2018-09-20,46.2200012207,46.6800003052,46.1500015259,46.6399993896,36.8196983337,9736700
2018-09-21,46.6399993896,46.6899986267,46.3800010681,46.5800018311,36.7723350525,19240300
2018-09-24,46.4900016785,46.5299987793,45.8400001526,46.0699996948,36.3697166443,10778900
2018-09-25,46.0600013733,46.1800003052,45.6100006104,45.6800003052,36.0618324280,7919100
2018-09-26,45.7700004578,46.0699996948,45.5699996948,45.8499984741,36.1960296631,10162600
2018-09-27,45.7299995422,46.1800003052,45.6800003052,46.0099983215,36.3223533630,10826900
2018-09-28,46.0000000000,46.1899986267,45.9700012207,46.1899986267,36.4644393921,9071900
2018-10-01,46.1699981689,46.3499984741,46.0499992371,46.2299995422,36.4960250854,9364700
2018-10-02,46.2799987793,46.5600013733,46.0600013733,46.5099983215,36.7170677185,7462700
2018-10-03,46.4599990845,46.5499992371,45.7999992371,45.8699989319,36.2118339539,10542300
2018-10-04,45.6599998474,45.9000015259,45.4300003052,45.8499984741,36.1960296631,9582300
2018-10-05,45.9399986267,46.1599998474,45.6899986267,45.8800010681,36.2197189331,8734100
2018-10-08,45.9900016785,46.5800018311,45.9700012207,46.4799995422,36.6933860779,9808100
2018-10-09,46.3800010681,46.5499992371,46.2200012207,46.3899993896,36.6223373413,10824500
2018-10-10,46.2999992371,46.7000007629,45.6699981689,45.6800003052,36.0618324280,13917000
2018-10-11,45.7999992371,45.9700012207,44.5000000000,44.6399993896,35.2408180237,17677900
2018-10-12,44.4799995422,44.8800010681,44.2500000000,44.6800003052,35.2723884583,12420100
2018-10-15,44.6399993896,45.2700004578,44.5900001526,44.9099998474,35.4539604187,11608500
2018-10-16,45.0200004578,45.5999984741,44.8600006104,45.4900016785,35.9118309021,10442500
2018-10-17,45.4099998474,45.9900016785,45.3600006104,45.8600006104,36.2039413452,11055800
2018-10-18,45.9000015259,46.0800018311,45.4599990845,45.6100006104,36.0065650940,12716900
2018-10-19,45.8300018311,46.4900016785,45.8300018311,46.3300018311,36.5749702454,13989200
2018-10-22,46.3699989319,46.4599990845,45.8100013733,45.9700012207,36.2907676697,14283600
2018-10-23,45.6199989319,46.4599990845,45.4500007629,46.3600006104,36.5986480713,17483900
2018-10-24,46.3300018311,47.3899993896,46.2400016785,46.7299995422,36.8907432556,21626000
2018-10-25,46.6500015259,46.7400016785,46.1199989319,46.5099983215,36.7170677185,14220200
2018-10-26,46.3699989319,46.4799995422,45.4300003052,45.9199981689,36.2513084412,21458000
2018-10-29,46.1500015259,46.5600013733,46.0499992371,46.4599990845,36.6775856018,20932200
2018-10-30,46.6199989319,47.7400016785,46.0400009155,47.6300010681,37.6012496948,20895400
2018-10-31,47.5000000000,48.0800018311,47.2200012207,47.8800010681,37.7986106873,25309400
2018-11-01,47.8100013733,48.1500015259,47.2999992371,47.7400016785,37.6880874634,16494500
2018-11-02,47.8199996948,48.0000000000,47.4399986267,48.0000000000,37.8933410645,17584900
2018-11-05,48.0000000000,48.7799987793,47.9199981689,48.6899986267,38.4380531311,16543500
2018-11-06,48.6500015259,49.1300010681,48.5999984741,49.1100006104,38.7696304321,14373400
2018-11-07,49.3899993896,49.5499992371,49.0299987793,49.3699989319,38.9748764038,12239700
2018-11-08,49.1199989319,49.3699989319,49.0999984741,49.3300018311,38.9432983398,9762800
2018-11-09,49.3899993896,49.8899993896,49.3600006104,49.6800003052,39.2196083069,12398100
2018-11-12,49.6100006104,50.2400016785,49.5400009155,49.8699989319,39.3695983887,13918300
2018-11-13,49.8100013733,50.0000000000,49.5800018311,49.8600006104,39.3617057800,13872900
2018-11-14,49.8499984741,49.9399986267,49.5900001526,49.7599983215,39.2827606201,12106800
2018-11-15,49.6599998474,49.7500000000,49.2700004578,49.7400016785,39.2669792175,12080100
2018-11-16,49.6599998474,50.2500000000,49.6300010681,50.1699981689,39.6064338684,13405800
2018-11-19,50.3100013733,50.7599983215,50.2500000000,50.5099983215,39.8748435974,13575800
2018-11-20,50.8199996948,50.8400001526,49.2099990845,49.3800010681,38.9827804565,16255300
2018-11-21,49.2299995422,49.4399986267,48.5900001526,48.7299995422,38.4696311951,13559200
2018-11-23,48.7500000000,49.2299995422,48.5499992371,49.0200004578,38.6985702515,4792500
2018-11-26,49.0099983215,49.2299995422,48.6699981689,48.8699989319,38.5801620483,9341900
2018-11-27,48.8800010681,49.4099998474,48.7299995422,49.3699989319,38.9748764038,9180700
2018-11-28,49.2099990845,49.7200012207,49.2099990845,49.7099990845,39.2432785034,11368700
2018-11-29,49.2799987793,49.4300003052,48.9700012207,48.9799995422,38.9727554321,11564300
2018-11-30,49.0000000000,50.4900016785,48.9900016785,50.4000015259,40.1026382446,25538200
2018-12-03,49.8699989319,49.9599990845,48.8899993896,49.6899986267,39.5376968384,14877200
2018-12-04,49.9700012207,50.5099983215,49.5000000000,49.5800018311,39.4501724243,19059900
2018-12-06,49.5099983215,49.6300010681,48.6599998474,49.3800010681,39.2910385132,17674900
2018-12-07,49.5699996948,49.6800003052,48.8800010681,49.0900001526,39.0602798462,15565700
2018-12-10,49.4500007629,49.4500007629,48.4700012207,49.2400016785,39.1796455383,12331100
2018-12-11,49.5900001526,50.0099983215,49.1800003052,49.5400009155,39.4183387756,18083600
2018-12-12,49.9500007629,50.0200004578,49.1899986267,49.2200012207,39.1637268066,12316900
2018-12-13,48.7200012207,49.6100006104,48.5699996948,49.4700012207,39.3626441956,13766200
2018-12-14,49.2299995422,49.5200004578,49.0200004578,49.3400001526,39.2592048645,13835900
2018-12-17,49.3400001526,49.5299987793,48.0200004578,48.3300018311,38.4555664062,18482700
2018-12-18,48.6100006104,48.8300018311,47.8499984741,48.3199996948,38.4476013184,14765700
2018-12-19,48.2400016785,48.7599983215,47.6199989319,47.9000015259,38.1134109497,17903800
2018-12-20,47.8100013733,48.1300010681,47.0999984741,47.5400009155,37.8269691467,21130000
2018-12-21,47.2599983215,48.7500000000,47.2299995422,47.5699996948,37.8508377075,32477700
2018-12-24,47.6199989319,47.8699989319,45.8300018311,45.9599990845,36.5697860718,10733700
2018-12-26,45.8800010681,46.9599990845,45.6599998474,46.9399986267,37.3495559692,14342600
2018-12-27,46.7400016785,47.5499992371,46.0299987793,47.5299987793,37.8190116882,16966500
2018-12-28,47.8899993896,48.0099983215,47.0299987793,47.2000007629,37.5564422607,13218200
2018-12-31,47.4900016785,47.5400009155,46.9599990845,47.3499984741,37.6757888794,10576300
2019-01-02,46.9399986267,47.2200012207,46.5600013733,46.9300003052,37.3416099548,11603700
2019-01-03,46.8199996948,47.3699989319,46.5299987793,46.6399993896,37.1108512878,14714400
2019-01-04,46.7500000000,47.5699996948,46.6399993896,47.5699996948,37.8508377075,13013700
2019-01-07,47.5699996948,47.7500000000,46.9000015259,46.9500007629,37.3575172424,13135500
2019-01-08,47.2500000000,47.5699996948,47.0400009155,47.4799995422,37.7792282104,15420700
2019-01-09,47.0800018311,47.2799987793,46.4300003052,46.5699996948,37.0551490784,18032500
2019-01-10,46.6599998474,47.0900001526,46.3400001526,47.0699996948,37.4529838562,15976600
2019-01-11,47.2900009155,47.3600006104,46.9700012207,47.3400001526,37.6678314209,11088600
2019-01-14,47.2500000000,47.4000015259,46.9900016785,47.1500015259,37.5166587830,11514300
2019-01-15,46.8899993896,47.5999984741,46.8100013733,47.5699996948,37.8508377075,11342900
2019-01-16,47.4000015259,47.4700012207,46.8600006104,46.9199981689,37.3336296082,16907800
2019-01-17,46.9199981689,47.1399993896,46.8800010681,47.0600013733,37.4450416565,12044600
2019-01-18,47.2500000000,47.6899986267,47.1199989319,47.6100006104,37.8826637268,12760700
2019-01-22,47.7000007629,47.7900009155,47.2099990845,47.7200012207,37.9701881409,11700400
2019-01-23,47.8199996948,48.2900009155,47.6500015259,48.2700004578,38.4078216553,12058300
2019-01-24,48.1100006104,48.1100006104,47.3800010681,47.6899986267,37.9463157654,10272000
2019-01-25,47.8800010681,48.0299987793,47.2400016785,47.3699989319,37.6917076111,12066500
2019-01-28,47.2200012207,47.2999992371,46.9399986267,47.1699981689,37.5325622559,9966900
2019-01-29,47.2000007629,47.6300010681,47.1300010681,47.4000015259,37.7155685425,11998600
2019-01-30,47.2500000000,47.8899993896,47.1899986267,47.8600006104,38.0815925598,12952500
2019-01-31,47.8499984741,48.7799987793,47.4700012207,48.1300010681,38.2964134216,32181500
2019-02-01,48.4799995422,48.7799987793,48.4000015259,48.7000007629,38.7499580383,19130100
2019-02-04,48.7000007629,49.4500007629,48.5400009155,49.2500000000,39.1875915527,15105700
2019-02-05,49.3300018311,49.4700012207,49.0999984741,49.2599983215,39.1955490112,12651900
2019-02-06,49.2099990845,49.3600006104,49.0200004578,49.2599983215,39.1955490112,8689100
2019-02-07,49.1699981689,49.4599990845,49.0000000000,49.4199981689,39.3228569031,10047800
2019-02-08,49.3699989319,49.5000000000,49.1100006104,49.5000000000,39.3865165710,9813300
2019-02-11,49.5699996948,49.8800010681,49.4799995422,49.6100006104,39.4740409851,9369300
2019-02-12,49.6899986267,49.7999992371,49.4599990845,49.6599998474,39.5138359070,10983300
2019-02-13,49.6100006104,49.9399986267,49.5600013733,49.7900009155,39.6172637939,12748800
2019-02-14,46.7000007629,46.9599990845,45.5000000000,45.5900001526,36.2753715515,58905400
2019-02-15,45.9000015259,46.2599983215,45.2000007629,45.2400016785,35.9968948364,35701600
2019-02-19,45.3199996948,45.5900001526,44.7700004578,44.8300018311,35.6706619263,25511300
2019-02-20,44.9099998474,45.2400016785,44.7999992371,45.0999984741,35.8854904175,27464000
2019-02-21,45.0000000000,45.9099998474,44.9599990845,45.8600006104,36.4902229309,23121200
2019-02-22,45.7599983215,45.9500007629,45.2000007629,45.2799987793,36.0287094116,24728400
2019-02-25,45.4399986267,45.5699996948,44.8400001526,44.9399986267,35.7581710815,23774400
2019-02-26,45.0999984741,45.1399993896,44.6599998474,44.6899986267,35.5592651367,20463200
2019-02-27,44.5999984741,45.0200004578,44.4199981689,44.9399986267,35.7581710815,17827500
2019-02-28,45.1199989319,45.6100006104,45.1100006104,45.3400001526,36.0764656067,22533900
2019-03-01,45.4700012207,45.6399993896,45.2000007629,45.3800010681,36.1082801819,16291600
2019-03-04,45.5299987793,45.6699981689,45.2999992371,45.6500015259,36.3231277466,15973800
2019-03-05,45.6500015259,45.7000007629,45.4000015259,45.5999984741,36.2833328247,13062300
2019-03-06,45.6699981689,45.7900009155,45.4399986267,45.4500007629,36.1639747620,14232100
2019-03-07,45.4900016785,45.5299987793,45.1300010681,45.2799987793,36.0287094116,12084000
2019-03-08,45.1500015259,45.2500000000,44.6100006104,44.8400001526,35.6786079407,15579100
2019-03-11,45.1399993896,46.2400016785,45.0999984741,46.1800003052,36.7448310852,22126900
2019-03-12,45.9500007629,46.2500000000,45.9000015259,46.0499992371,36.6413879395,19348500
2019-03-13,46.1300010681,46.3400001526,45.9099998474,46.2200012207,36.7766571045,16222500
2019-03-14,45.8400001526,46.1100006104,45.6300010681,45.7000007629,36.6803398132,18504100
2019-03-15,45.7200012207,45.9000015259,45.1399993896,45.2999992371,36.3592910767,47254500
2019-03-18,45.4300003052,45.6800003052,45.3600006104,45.4099998474,36.4475784302,24006400
2019-03-19,45.5499992371,45.6899986267,45.3400001526,45.5600013733,36.5679817200,14987000
2019-03-20,45.4000015259,45.9000015259,45.1800003052,45.5299987793,36.5438957214,13376100
2019-03-21,45.5299987793,45.7599983215,45.4399986267,45.5099983215,36.5278358459,20043000
2019-03-22,45.4599990845,46.1100006104,45.4599990845,45.9300003052,36.8649444580,19055900
2019-03-25,45.8600006104,46.2000007629,45.7900009155,46.0299987793,36.9452209473,11668200
2019-03-26,46.1699981689,46.7900009155,46.1699981689,46.6399993896,37.4348220825,11434900
2019-03-27,46.6500015259,46.9099998474,46.3300018311,46.6100006104,37.4107437134,11543600
2019-03-28,46.6800003052,46.9199981689,46.4799995422,46.5800018311,37.3866615295,11121100
2019-03-29,46.6699981689,46.9099998474,46.4799995422,46.8600006104,37.6114006042,16045600
2019-04-01,46.9900016785,47.1699981689,46.5900001526,46.7200012207,37.4990310669,11522700
2019-04-02,46.7500000000,46.9300003052,46.5699996948,46.5699996948,37.3786315918,8495000
2019-04-03,46.4199981689,46.5900001526,46.0400009155,46.1800003052,37.0655975342,12854500
2019-04-04,46.3400001526,46.5400009155,46.1100006104,46.4799995422,37.3063964844,7814900
2019-04-05,46.4900016785,46.5800018311,46.2000007629,46.4700012207,37.2983779907,7677600
2019-04-08,46.5400009155,46.5699996948,46.2700004578,46.5499992371,37.3625869751,9421300
2019-04-09,46.4500007629,46.7200012207,46.2700004578,46.6699981689,37.4588928223,8641800
2019-04-10,46.8400001526,47.0000000000,46.5600013733,46.6399993896,37.4348220825,8059900
2019-04-11,46.7200012207,46.7500000000,46.5400009155,46.7099990845,37.4910049438,7352400
2019-04-12,46.6699981689,46.9300003052,46.5699996948,46.7400016785,37.5150871277,10690000
2019-04-15,46.8800010681,47.0400009155,46.7000007629,47.0000000000,37.7237777710,10261300
2019-04-16,47.0499992371,47.0999984741,46.7000007629,46.9500007629,37.6836395264,10804600
2019-04-17,47.2000007629,47.5499992371,47.1500015259,47.2799987793,37.9485015869,11849300
2019-04-18,47.3300018311,47.5800018311,47.2700004578,47.4799995422,38.1090316772,12167000
2019-04-22,47.4000015259,47.6100006104,47.0200004578,47.4000015259,38.0448150635,9834700
2019-04-23,48.0900001526,48.7200012207,47.5499992371,48.2099990845,38.6949501038,25327800
2019-04-24,48.0299987793,48.2299995422,47.9199981689,47.9799995422,38.5103454590,15997300
2019-04-25,47.7400016785,47.8899993896,47.4700012207,47.8400001526,38.3979644775,11444400
2019-04-26,47.9900016785,48.4500007629,47.9799995422,48.2599983215,38.7350921631,10154300
2019-04-29,48.1699981689,48.4500007629,48.1100006104,48.4199981689,38.8635063171,9731500
2019-04-30,48.5299987793,49.1800003052,48.3899993896,49.0600013733,39.3771972656,17912900
2019-05-01,48.9500007629,49.0800018311,48.5499992371,48.5900001526,38.9999504089,10551200
2019-05-02,48.5299987793,48.7700004578,48.2700004578,48.3899993896,38.8394279480,8724600
2019-05-03,48.5999984741,48.9599990845,48.5200004578,48.7200012207,39.1042976379,7076900
2019-05-06,48.3300018311,48.6100006104,48.2599983215,48.4700012207,38.9036445618,8657800
2019-05-07,48.2299995422,48.2900009155,47.7700004578,48.0000000000,38.5264015198,12487500
2019-05-08,48.0499992371,48.2299995422,47.8199996948,47.8499984741,38.4060058594,9281400
2019-05-09,47.7999992371,47.9799995422,47.0699996948,47.4000015259,38.0448150635,11450500
2019-05-10,47.4099998474,48.2999992371,47.4000015259,48.1899986267,38.6788978577,9653800
2019-05-13,47.9099998474,48.1300010681,47.7299995422,48.0499992371,38.5665283203,11911500
2019-05-14,48.5299987793,49.3199996948,48.3499984741,48.6899986267,39.0802078247,16844200
2019-05-15,48.6699981689,49.3800010681,48.5999984741,49.1800003052,39.4735183716,11422500
2019-05-16,49.2700004578,49.6599998474,49.2099990845,49.5800018311,39.7945632935,17771300
2019-05-17,49.2700004578,49.5499992371,49.1699981689,49.2000007629,39.4895591736,11257000
2019-05-20,49.0400009155,49.1399993896,48.7599983215,48.8499984741,39.2086372375,13850500
2019-05-21,49.0000000000,49.0299987793,48.4500007629,48.5999984741,39.0079803467,10587400
2019-05-22,48.7799987793,49.7099990845,48.7200012207,49.6500015259,39.8507499695,16050400
2019-05-23,49.5000000000,49.9000015259,49.4599990845,49.8499984741,40.0112686157,12199400
2019-05-24,49.8199996948,49.8899993896,49.5299987793,49.6100006104,39.8186454773,6887600
2019-05-28,49.5999984741,49.6699981689,49.0299987793,49.0999984741,39.4092979431,18614000
2019-05-29,48.7400016785,49.0299987793,48.4099998474,48.6100006104,39.0160026550,12534600
2019-05-30,48.7200012207,49.3100013733,48.6699981689,49.2500000000,39.5296936035,9087200
2019-05-31,49.0000000000,49.3100013733,48.7799987793,49.1300010681,39.4333724976,11368600
2019-06-03,49.1599998474,49.9799995422,49.0200004578,49.9799995422,40.1156120300,14167200
2019-06-04,50.0000000000,50.2799987793,49.6199989319,50.0000000000,40.1316719055,12010600
2019-06-05,50.0099983215,51.1399993896,49.6899986267,50.7799987793,40.7577247620,15837600
2019-06-06,50.9099998474,51.5400009155,50.5900001526,51.4000015259,41.2553482056,15190400
2019-06-07,51.4700012207,52.1899986267,51.4500007629,51.4900016785,41.3275947571,15293600
2019-06-10,51.5400009155,51.5400009155,51.0900001526,51.3800010681,41.2392997742,9737400
2019-06-11,51.4500007629,51.5900001526,51.1800003052,51.3300018311,41.1991729736,9915600
2019-06-12,51.5000000000,52.1399993896,51.4700012207,51.6399993896,41.4479789734,11088100
2019-06-13,51.4599990845,51.7000007629,50.7799987793,51.1300010681,41.3590049744,10353600
2019-06-14,51.0499992371,51.5299987793,51.0499992371,51.3100013733,41.5046157837,8694300
2019-06-17,51.2500000000,51.4799995422,50.6100006104,50.8699989319,41.1486892700,12322400
2019-06-18,51.2500000000,51.2999992371,50.5299987793,50.6399993896,40.9626388550,9221100
2019-06-19,50.5400009155,51.2400016785,50.4700012207,51.1199989319,41.3509063721,9414100
2019-06-20,51.5000000000,51.7900009155,51.3499984741,51.6599998474,41.7877273560,10656600
2019-06-21,51.5299987793,51.8899993896,51.4099998474,51.5499992371,41.6987495422,21264400
2019-06-24,51.7400016785,52.2000007629,51.7000007629,51.9199981689,41.9980354309,10780000
2019-06-25,52.0000000000,52.0999984741,51.6399993896,51.7599983215,41.8686180115,11519900
2019-06-26,51.5200004578,51.6399993896,51.0900001526,51.1199989319,41.3509063721,12405100
2019-06-27,51.2900009155,51.4000015259,50.9700012207,51.0800018311,41.3185653687,12374900
2019-06-28,51.2700004578,51.4000015259,50.5200004578,50.9199981689,41.1891365051,16339900
2019-07-01,51.0699996948,51.6300010681,50.7799987793,51.5999984741,41.7391815186,14976400
2019-07-02,51.7799987793,52.0499992371,51.5499992371,51.9799995422,42.0465736389,8569200
2019-07-03,52.0000000000,52.3300018311,52.0000000000,52.0999984741,42.1436347961,7253700
2019-07-05,51.8899993896,52.1199989319,51.4799995422,52.1100006104,42.1517295837,8916300
2019-07-08,52.2000007629,52.3300018311,51.8899993896,52.0000000000,42.0627479553,9495100
2019-07-09,51.7200012207,51.9700012207,51.4300003052,51.5900001526,41.7311134338,10584900
2019-07-10,51.7999992371,51.9700012207,51.6599998474,51.8199996948,41.9171447754,7620900
2019-07-11,51.9900016785,52.0600013733,51.6599998474,52.0400009155,42.0951042175,10376500
2019-07-12,52.2500000000,52.2900009155,51.9099998474,52.1199989319,42.1598167419,7347400
2019-07-15,52.2799987793,52.2900009155,51.8699989319,52.1300010681,42.1679077148,5876100
2019-07-16,51.9599990845,52.4700012207,51.8100013733,52.1399993896,42.1759948730,7132500
2019-07-17,52.2200012207,52.2599983215,52.0099983215,52.1800003052,42.2083587646,8264200
2019-07-18,52.0400009155,52.1699981689,51.6699981689,52.0299987793,42.0870170593,11911800
2019-07-19,52.1399993896,52.1500015259,51.3699989319,51.3899993896,41.5693168640,10355500
2019-07-22,51.5200004578,51.5200004578,51.1300010681,51.2200012207,41.4318084717,12090700
2019-07-23,53.2500000000,54.6399993896,52.7599983215,54.3300018311,43.9474868774,33417900
2019-07-24,54.1199989319,54.8199996948,53.6199989319,53.7799987793,43.5025939941,15633400
2019-07-25,53.6300010681,53.7999992371,52.7200012207,53.0699996948,42.9282722473,19135000
2019-07-26,53.3400001526,54.3100013733,53.1899986267,54.1699981689,43.8180618286,11451900
2019-07-29,54.1699981689,54.2999992371,53.9000015259,53.9900016785,43.6724662781,12283900
2019-07-30,53.9599990845,54.2999992371,53.5699996948,53.7200012207,43.4540672302,8127100
2019-07-31,53.5099983215,53.5099983215,52.0400009155,52.6300010681,42.5723457336,16865500
2019-08-01,52.7799987793,53.2000007629,52.0099983215,52.0299987793,42.0870170593,19527200
2019-08-02,51.9099998474,52.7299995422,51.9099998474,52.3300018311,42.3296928406,13102300
2019-08-05,52.3899993896,52.6599998474,51.4000015259,51.6500015259,41.7796363831,19986500
2019-08-06,51.8699989319,52.7599983215,51.6100006104,52.2700004578,42.2811546326,19903100
2019-08-07,52.2700004578,53.3899993896,51.7700004578,53.1800003052,43.0172615051,17937000
2019-08-08,53.2099990845,53.7799987793,52.8499984741,53.6899986267,43.4297866821,10799000
2019-08-09,53.7900009155,53.9000015259,53.0800018311,53.4199981689,43.2113761902,9260900
2019-08-12,53.2799987793,53.4399986267,52.9900016785,53.2000007629,43.0334243774,6588600
2019-08-13,52.9000015259,53.6100006104,52.8699989319,53.5000000000,43.2760963440,8581200
2019-08-14,53.3400001526,53.9700012207,52.9700012207,52.9900016785,42.8635635376,17088900
2019-08-15,53.4300003052,54.0000000000,53.2299995422,53.8699989319,43.5753898621,12393200
2019-08-16,53.9799995422,54.4900016785,53.9500007629,54.4099998474,44.0121955872,14288700
2019-08-19,54.4399986267,54.7799987793,54.3100013733,54.6899986267,44.2386779785,10936200
2019-08-20,54.6199989319,54.6800003052,53.8400001526,53.8800010681,43.5834808350,8176700
2019-08-21,54.2500000000,54.4099998474,53.8499984741,54.0999984741,43.7614364624,10886500
2019-08-22,54.1199989319,54.6399993896,54.0999984741,54.4900016785,44.0768966675,7467900
2019-08-23,54.4199981689,54.7099990845,53.3899993896,53.7400016785,43.4702301025,14160400
2019-08-26,54.0000000000,54.5400009155,53.7299995422,54.5400009155,44.1173553467,9226900
2019-08-27,54.7000007629,54.9500007629,54.4099998474,54.7200012207,44.2629661560,13537000
2019-08-28,54.6599998474,55.1500015259,54.4199981689,55.1100006104,44.5784339905,10046400
2019-08-29,55.2599983215,55.3400001526,54.5999984741,55.0499992371,44.5298995972,9262800
2019-08-30,55.1599998474,55.2200012207,54.8100013733,55.0400009155,44.5217971802,8746700
2019-09-03,54.9799995422,55.3300018311,54.8699989319,55.2999992371,44.7321166992,12991400
2019-09-04,55.3499984741,55.9199981689,55.2999992371,55.7700004578,45.1122970581,10718100
2019-09-05,55.7500000000,55.7700004578,55.0299987793,55.1199989319,44.5865173340,13677000
2019-09-06,55.4399986267,55.4399986267,54.7599983215,55.2299995422,44.6754913330,9093500
2019-09-09,55.0299987793,55.0800018311,54.3600006104,54.5200004578,44.1011734009,10814900
2019-09-10,54.2299995422,54.4399986267,53.8499984741,54.4000015259,44.0041084290,12038200
2019-09-11,54.2900009155,54.7999992371,53.9700012207,54.7700004578,44.3033981323,9740400
2019-09-12,55.0999984741,55.3100013733,54.9799995422,55.1100006104,44.5784339905,12357900
2019-09-13,54.4799995422,54.7900009155,54.0699996948,54.2599983215,44.2117500305,11486100
2019-09-16,54.0999984741,54.3400001526,53.6300010681,53.9599990845,43.9673080444,11172000
2019-09-17,54.0999984741,54.7000007629,53.9599990845,54.2400016785,44.1954727173,11347400
2019-09-18,54.2000007629,54.2900009155,53.8199996948,54.2299995422,44.1873207092,9700400
2019-09-19,54.2299995422,54.5999984741,54.1300010681,54.5200004578,44.4236145020,7560300
2019-09-20,54.6899986267,54.6899986267,53.9000015259,53.9099998474,43.9265823364,19211500
2019-09-23,53.9099998474,54.3600006104,53.8800010681,54.1399993896,44.1139831543,6485300
2019-09-24,54.2500000000,54.6100006104,54.0400009155,54.2999992371,44.2443504333,10093000
2019-09-25,54.4399986267,54.4799995422,54.0000000000,54.1699981689,44.1384315491,10248400
2019-09-26,54.4700012207,54.5800018311,54.1300010681,54.3899993896,44.3176841736,10031200
2019-09-27,54.5600013733,54.6399993896,54.0000000000,54.3100013733,44.2525100708,7939900
2019-09-30,54.1500015259,54.6800003052,54.1500015259,54.4399986267,44.3584175110,9808700
2019-10-01,54.5299987793,54.7799987793,54.0099983215,54.6500015259,44.5295448303,14261500
2019-10-02,54.2099990845,54.4399986267,52.9000015259,53.0800018311,43.2502899170,14343600
2019-10-03,53.5000000000,53.9799995422,52.8199996948,53.8400001526,43.8695526123,13817500
2019-10-04,54.0000000000,54.5400009155,53.8899993896,54.5400009155,44.4399108887,9295400
2019-10-07,54.3300018311,54.3600006104,53.7700004578,53.8699989319,43.8939819336,5964900
2019-10-08,53.8800010681,54.0699996948,53.4500007629,53.5800018311,43.6576957703,13301900
2019-10-09,54.0600013733,54.0699996948,53.5400009155,53.8300018311,43.8613853455,7135000
2019-10-10,53.5499992371,53.8800010681,53.3600006104,53.6599998474,43.7228813171,8942900
2019-10-11,53.6500015259,53.7000007629,53.2000007629,53.2999992371,43.4295425415,8981700
2019-10-14,53.4900016785,53.6800003052,53.2200012207,53.2999992371,43.4295425415,7306300
2019-10-15,53.4300003052,53.6800003052,53.2700004578,53.5099983215,43.6006546021,9564300
2019-10-16,53.4599990845,53.5699996948,53.1300010681,53.4900016785,43.5843544006,10454800
2019-10-17,53.6899986267,54.1199989319,53.5800018311,53.7900009155,43.8287963867,13190300
2019-10-18,55.0000000000,55.3899993896,54.4500007629,54.7799987793,44.6354598999,18122400
2019-10-21,54.4500007629,54.5600013733,53.6800003052,54.2299995422,44.1873207092,12778900
2019-10-22,54.2299995422,54.4199981689,53.7400016785,53.8499984741,43.8776855469,9533400
2019-10-23,54.0600013733,54.6599998474,54.0099983215,54.6399993896,44.5213813782,8556600
2019-10-24,54.5699996948,54.8199996948,54.4900016785,54.6100006104,44.4969482422,11051400
2019-10-25,54.5499992371,54.5600013733,53.6699981689,53.7500000000,43.7961959839,9782400
2019-10-28,53.7400016785,53.9500007629,53.3699989319,53.5699996948,43.6495399475,8866100
2019-10-29,53.3899993896,53.6599998474,53.2599983215,53.4099998474,43.5191726685,7999700
2019-10-30,53.5200004578,54.0499992371,53.1599998474,53.9399986267,43.9510269165,8620900
2019-10-31,53.9599990845,54.4700012207,53.8499984741,54.4300003052,44.3502769470,13982000
2019-11-01,54.6300010681,54.7400016785,53.8499984741,53.9000015259,43.9184265137,9889500
2019-11-04,53.9599990845,54.0000000000,52.9700012207,53.1399993896,43.2991676331,17515100
2019-11-05,52.8899993896,52.8899993896,52.1199989319,52.4199981689,42.7125053406,19284000
2019-11-06,52.5299987793,52.7999992371,52.4099998474,52.7999992371,43.0221290588,13288900
2019-11-07,52.8800010681,53.0000000000,51.9599990845,52.2900009155,42.6065826416,11725500
2019-11-08,52.4599990845,52.5999984741,52.0900001526,52.2099990845,42.5413894653,7141800
2019-11-11,52.3300018311,52.3699989319,51.7799987793,51.8400001526,42.2399139404,8198300
2019-11-12,51.9099998474,51.9099998474,51.5800018311,51.7099990845,42.1339912415,12656900
2019-11-13,52.1800003052,52.4500007629,51.9599990845,52.4099998474,42.7043495178,12257900
2019-11-14,52.5299987793,52.6699981689,52.3499984741,52.6300010681,42.8836135864,8660300
2019-11-15,52.6399993896,52.6800003052,52.3800010681,52.6699981689,42.9162063599,8982400
2019-11-18,52.6800003052,53.4399986267,52.6699981689,53.0299987793,43.2095451355,13782000
2019-11-19,53.1500015259,53.3100013733,52.8699989319,53.0800018311,43.2502899170,12679500
2019-11-20,53.0999984741,53.4000015259,53.0099983215,53.2200012207,43.3643531799,11970300
2019-11-21,53.1100006104,53.3400001526,52.7799987793,52.9599990845,43.1525039673,7856100
2019-11-22,52.9599990845,53.1899986267,52.7500000000,53.0299987793,43.2095451355,9113300
2019-11-25,53.2799987793,53.3899993896,52.7700004578,53.2200012207,43.3643531799,10963500
2019-11-26,53.3100013733,53.9399986267,53.2200012207,53.9000015259,43.9184265137,13219800
2019-11-27,53.9300003052,54.0999984741,53.5999984741,53.9500007629,43.9591712952,9595200
2019-11-29,53.7000007629,53.7299995422,53.2200012207,53.4000015259,43.8360328674,7222300
2019-12-02,53.3199996948,53.7500000000,52.8499984741,53.7500000000,44.1233482361,13173800
2019-12-03,53.7099990845,53.8400001526,53.4000015259,53.7999992371,44.1643943787,14498300
2019-12-04,53.7999992371,54.3100013733,53.7200012207,54.2900009155,44.5666275024,13624000
2019-12-05,54.2099990845,54.2900009155,53.8300018311,54.1899986267,44.4845428467,14068100
2019-12-06,54.3100013733,54.5000000000,54.1699981689,54.4199981689,44.6733551025,7843500
2019-12-09,54.2999992371,54.5099983215,54.0200004578,54.0699996948,44.3860397339,13887200
2019-12-10,54.0400009155,54.0699996948,53.7299995422,53.7700004578,44.1397705078,8993900
2019-12-11,53.9399986267,54.1500015259,53.6599998474,53.9500007629,44.2875289917,8879100
2019-12-12,54.0099983215,54.4500007629,53.9399986267,54.1399993896,44.4435043335,11233300
2019-12-13,53.9399986267,54.5499992371,53.8400001526,54.4199981689,44.6733551025,13072200
2019-12-16,54.6899986267,54.8300018311,54.3699989319,54.4199981689,44.6733551025,9538100
2019-12-17,54.4000015259,54.5800018311,54.2900009155,54.4199981689,44.6733551025,9230000
2019-12-18,54.5299987793,54.7500000000,53.8899993896,53.9099998474,44.2547035217,15132100
2019-12-19,54.0400009155,54.3400001526,53.9199981689,54.3199996948,44.5912628174,13385900
2019-12-20,54.9399986267,55.2000007629,54.4700012207,54.9700012207,45.1248397827,23832800
2019-12-23,55.0000000000,55.2400016785,54.8400001526,54.9099998474,45.0755958557,9300800
2019-12-24,54.7999992371,55.0000000000,54.6399993896,54.7099990845,44.9114189148,3359300
2019-12-26,54.9199981689,55.0200004578,54.7900009155,55.0200004578,45.1658859253,6228500
2019-12-27,55.0099983215,55.4500007629,55.0000000000,55.3499984741,45.4367828369,6895500
2019-12-30,55.1800003052,55.3899993896,55.0600013733,55.2700004578,45.3711166382,6431700
2019-12-31,55.2000007629,55.3800010681,54.9799995422,55.3499984741,45.4367828369,7982600
2020-01-02,55.3199996948,55.4300003052,54.7599983215,54.9900016785,45.1412696838,11867700
2020-01-03,54.3199996948,54.9900016785,54.0900001526,54.6899986267,44.8949775696,11354500
2020-01-06,54.6500015259,54.9099998474,54.5200004578,54.6699981689,44.8785820007,14698300
2020-01-07,54.4500007629,54.5999984741,54.1500015259,54.2500000000,44.5337982178,9973900
2020-01-08,54.2700004578,54.6399993896,54.1500015259,54.3499984741,44.6158828735,10676000
2020-01-09,55.0000000000,55.4000015259,54.8400001526,55.3400001526,45.4285812378,15398000
2020-01-10,55.4799995422,55.9300003052,55.4500007629,55.5299987793,45.5845451355,13040100
2020-01-13,55.5299987793,56.2299995422,55.4199981689,56.1300010681,46.0770988464,14302900
2020-01-14,56.2400016785,56.2900009155,55.8300018311,56.0000000000,45.9703826904,16345300
2020-01-15,56.0000000000,56.9799995422,56.0000000000,56.7000007629,46.5450019836,17735400
2020-01-16,56.8499984741,56.9500007629,56.6100006104,56.8199996948,46.6435127258,10234100
2020-01-17,56.8699989319,57.1500015259,56.7999992371,56.9399986267,46.7420196533,14264300
2020-01-21,56.8499984741,57.2500000000,56.5699996948,57.1699981689,46.9308128357,11968900
2020-01-22,57.2500000000,57.6399993896,57.1800003052,57.6100006104,47.2920188904,12869600
2020-01-23,57.3800010681,57.8499984741,57.2400016785,57.8300018311,47.4726104736,12858900
2020-01-24,57.8499984741,57.8699989319,57.4599990845,57.6800003052,47.3494834900,8594300
2020-01-27,57.2099990845,57.8499984741,57.1300010681,57.4799995422,47.1853218079,14359900
2020-01-28,57.4500007629,57.7500000000,56.9700012207,57.0099983215,46.7994880676,15240200
2020-01-29,57.0000000000,57.2599983215,56.6599998474,57.0099983215,46.7994880676,13163600
2020-01-30,57.9300003052,58.9799995422,57.7599983215,58.8600006104,48.3181419373,20225600
2020-01-31,58.9700012207,59.0800018311,58.1500015259,58.4000015259,47.9405288696,17685200
2020-02-03,58.7500000000,58.9700012207,58.5200004578,58.5800018311,48.0882949829,12333600
2020-02-04,58.7500000000,59.4500007629,58.6199989319,58.8400001526,48.3017349243,15417900
2020-02-05,58.9000015259,59.0800018311,58.5400009155,58.8499984741,48.3099327087,11414900
2020-02-06,58.9799995422,59.3400001526,58.8400001526,58.9900016785,48.4248504639,9347000
2020-02-07,58.8800010681,59.3199996948,58.8499984741,59.1899986267,48.5890464783,8757800
2020-02-10,59.3199996948,59.8400001526,59.2900009155,59.7500000000,49.0487365723,7984900
2020-02-11,59.7200012207,59.7999992371,59.3199996948,59.5900001526,48.9174118042,7431200
2020-02-12,59.4799995422,59.7700004578,59.3199996948,59.4099998474,48.7696380615,9179100
2020-02-13,59.3800010681,59.8400001526,59.2099990845,59.6100006104,48.9338226318,8173200
2020-02-14,59.6300010681,60.0699996948,59.6199989319,59.9500007629,49.2129287720,9965500
2020-02-18,59.8100013733,59.9300003052,59.4500007629,59.5299987793,48.8681526184,10075700
2020-02-19,59.5099983215,60.0000000000,59.4700012207,59.7700004578,49.0651626587,6265700
2020-02-20,59.6800003052,59.8600006104,59.1100006104,59.7200012207,49.0241088867,7597200
2020-02-21,59.5099983215,60.1300010681,59.4300003052,60.1300010681,49.3606872559,10842400
2020-02-24,59.1100006104,59.7999992371,58.5699996948,58.6500015259,48.1457519531,14415500
2020-02-25,58.7000007629,59.2000007629,57.6199989319,57.8199996948,47.4644165039,15915100
2020-02-26,57.9799995422,58.4700012207,57.4799995422,57.5999984741,47.2838134766,15837800
2020-02-27,57.1500015259,57.8899993896,54.8800010681,54.9300003052,45.0920104980,23754000
2020-02-28,53.8300018311,53.8899993896,51.5800018311,53.4900016785,43.9099159241,40890600
2020-03-02,53.9300003052,55.9599990845,53.7000007629,55.9199981689,45.9046859741,25698600
2020-03-03,56.7599983215,57.4900016785,55.6399993896,56.0600013733,46.0196304321,27099200
2020-03-04,56.4099998474,59.0000000000,56.4099998474,58.9199981689,48.3673973083,20526100
2020-03-05,57.7999992371,58.1699981689,56.1899986267,56.7400016785,46.5778388977,17948500
2020-03-06,54.9399986267,55.9099998474,53.9799995422,55.2599983215,45.3629035950,22353900
2020-03-09,52.0499992371,53.5800018311,51.4799995422,51.8600006104,42.5718498230,27898300
2020-03-10,53.2200012207,53.7999992371,51.1699981689,53.6599998474,44.0494728088,27457400
2020-03-11,52.3499984741,52.6500015259,51.1399993896,52.2099990845,42.8591651917,22653900
2020-03-12,48.5400009155,49.9300003052,46.6899986267,47.1599998474,38.7136268616,31913100
2020-03-13,49.5099983215,49.5600013733,46.6100006104,48.4700012207,40.1379547119,33697200
2020-03-16,42.2400016785,47.8800010681,41.1699981689,45.2599983215,37.4797554016,28682300
2020-03-17,45.8800010681,47.5000000000,45.3699989319,47.1800003052,39.0696983337,32106700
2020-03-18,44.7400016785,45.1500015259,41.5900001526,44.8499984741,37.1402282715,35408300
2020-03-19,44.3600006104,44.6599998474,41.0400009155,41.8300018311,34.6393814087,41956900
2020-03-20,41.9500007629,42.0699996948,37.5099983215,38.2999992371,31.7161788940,51513500
2020-03-23,38.7599983215,38.8899993896,36.2700004578,37.5600013733,31.1033916473,44978500
2020-03-24,41.2200012207,41.4000015259,38.8300018311,39.4500007629,32.6684951782,49096200
2020-03-25,40.6300010681,43.4500007629,39.9099998474,41.6100006104,34.4571914673,42511700
2020-03-26,42.8400001526,45.2700004578,42.4500007629,44.2900009155,36.6764984131,37821700
2020-03-27,43.6599998474,44.0299987793,42.4000015259,42.8100013733,35.4509086609,23297900
2020-03-30,43.0400009155,45.5600013733,43.0400009155,45.0000000000,37.2644424438,23446000
2020-03-31,45.0699996948,45.5099983215,44.0600013733,44.2500000000,36.6433639526,25373900
2020-04-01,42.4799995422,43.6500015259,41.7999992371,42.1199989319,34.8795242310,21936400
2020-04-02,42.2200012207,44.1899986267,41.8600006104,43.9500007629,36.3949508667,17621900
2020-04-03,43.5800018311,44.3400001526,43.3100013733,43.8300018311,36.2955665588,14207100
2020-04-06,45.3899993896,47.0099983215,44.6899986267,46.6699981689,38.6473693848,22850000
2020-04-07,48.5000000000,48.5999984741,46.4799995422,46.5099983215,38.5148773193,21279600
2020-04-08,46.6399993896,48.0900001526,46.3300018311,47.8199996948,39.5996856689,18937100
2020-04-09,48.4399986267,49.7299995422,48.3499984741,49.0000000000,40.5768432617,19165300
2020-04-13,48.3499984741,48.6399993896,46.5000000000,46.9300003052,38.8626823425,19586000
2020-04-14,47.9399986267,49.2500000000,46.9300003052,48.9199981689,40.5105934143,21801900
2020-04-15,47.7099990845,48.4000015259,47.4099998474,47.6100006104,39.4257888794,12893200
2020-04-16,47.4000015259,47.8499984741,46.7599983215,47.0999984741,39.0034637451,17606800
2020-04-17,48.2999992371,48.2999992371,47.3699989319,48.0600013733,39.7984275818,19844600
2020-04-20,47.7900009155,48.0000000000,46.3100013733,46.5299987793,38.5314407349,18957900
2020-04-21,45.8800010681,46.9000015259,44.2599983215,45.3800010681,37.5791206360,26863700
2020-04-22,46.0499992371,46.1500015259,45.5000000000,45.6800003052,37.8275527954,15811600
2020-04-23,45.9500007629,46.0999984741,44.9700012207,45.0699996948,37.3224220276,17668200
2020-04-24,45.5000000000,45.7500000000,45.1199989319,45.4300003052,37.6205329895,15175000
2020-04-27,46.0000000000,46.9799995422,45.7099990845,46.7799987793,38.7384643555,19175500
2020-04-28,47.9000015259,48.0000000000,46.5699996948,46.7400016785,38.7053375244,17246700
2020-04-29,47.2700004578,47.8600006104,46.8800010681,47.1199989319,39.0200157166,15780000
2020-04-30,47.0000000000,47.0000000000,45.7000007629,45.8899993896,38.0014533997,20801100
2020-05-01,45.6199989319,46.3899993896,45.2099990845,45.5999984741,37.7613029480,14290400
2020-05-04,45.3199996948,45.4799995422,44.5999984741,45.1399993896,37.3803749084,22544200
2020-05-05,45.3600006104,46.0999984741,45.1500015259,45.4000015259,37.5956802368,13370500
2020-05-06,45.4000015259,45.6300010681,44.7200012207,44.7500000000,37.0574264526,11892900
2020-05-07,45.1500015259,45.2400016785,44.5000000000,44.5999984741,36.9332122803,16466000
2020-05-08,45.0800018311,46.2200012207,44.8800010681,46.1100006104,38.1836357117,13985100
2020-05-11,45.6899986267,46.1100006104,45.5200004578,45.5400009155,37.7116279602,10874600
2020-05-12,45.5999984741,45.8499984741,44.7999992371,44.8199996948,37.1153869629,13424400
2020-05-13,44.7099990845,44.7799987793,43.5200004578,43.9399986267,36.3866615295,15854800
2020-05-14,43.3800010681,44.0600013733,43.2299995422,43.7000007629,36.1879158020,18000800
2020-05-15,43.9599990845,44.6899986267,43.2000007629,43.2599983215,35.8235664368,31579400
2020-05-18,44.8199996948,45.3899993896,44.1300010681,44.9700012207,37.2396087646,26118500
2020-05-19,45.0099983215,45.3300018311,44.2500000000,44.5400009155,36.8835258484,17839900
2020-05-20,45.2000007629,46.1699981689,45.0200004578,45.8899993896,38.0014533997,22295900
2020-05-21,46.0800018311,46.0900001526,45.0299987793,45.1699981689,37.4052238464,13193500
2020-05-22,45.2200012207,45.3100013733,44.6500015259,45.0299987793,37.2892951965,13008400
2020-05-26,46.9199981689,46.9300003052,45.9300003052,46.0900001526,38.1670761108,22223100
2020-05-27,47.0000000000,47.0900001526,46.1699981689,46.7299995422,38.6970596313,18447600
2020-05-28,47.2999992371,47.4599990845,46.8199996948,47.0900001526,38.9951782227,16230600
2020-05-29,46.6800003052,47.1899986267,46.1399993896,46.6800003052,38.6556625366,51125000
2020-06-01,46.6599998474,47.2299995422,46.5900001526,46.9900016785,38.9123725891,17010700
2020-06-02,47.1599998474,47.2799987793,46.5600013733,46.9000015259,38.8378410339,15255100
2020-06-03,47.2700004578,48.1199989319,47.1199989319,47.9000015259,39.6659278870,15508300
2020-06-04,47.9399986267,48.2700004578,47.3800010681,47.9199981689,39.6824874878,13604700
2020-06-05,48.5400009155,49.4900016785,48.4599990845,49.0900001526,40.6513710022,20504800
2020-06-08,49.5400009155,49.9700012207,49.4700012207,49.8499984741,41.2807273865,19896700
2020-06-09,49.5900001526,49.5900001526,48.6800003052,49.0000000000,40.5768432617,16713700
2020-06-10,49.1599998474,49.2700004578,48.5699996948,48.6199989319,40.2621650696,15716600
2020-06-11,47.8100013733,47.9199981689,45.4599990845,45.5400009155,37.7116279602,26070400
2020-06-12,46.2099990845,46.2500000000,45.0099983215,45.5999984741,38.1043624878,21822700
2020-06-15,44.5699996948,46.4500007629,44.4700012207,46.2999992371,38.6893043518,15622300
2020-06-16,47.5600013733,47.6899986267,46.1899986267,46.7700004578,39.0820465088,18803500
2020-06-17,46.7799987793,47.0600013733,46.4399986267,46.5800018311,38.9232788086,12602800
2020-06-18,46.2999992371,47.0400009155,46.0699996948,46.9900016785,39.2658843994,9380800
2020-06-19,47.7700004578,47.7900009155,46.0200004578,46.0200004578,38.4553222656,30464600
2020-06-22,46.0299987793,46.1500015259,45.3800010681,45.7400016785,38.2213554382,20876200
2020-06-23,46.0000000000,46.2900009155,45.5800018311,45.6399993896,38.1377906799,14675300
2020-06-24,45.3699989319,45.4399986267,44.5000000000,44.6500015259,37.3105163574,17631800
2020-06-25,44.4700012207,44.9799995422,44.0299987793,44.9300003052,37.5444946289,13829700
2020-06-26,44.9199981689,45.0099983215,43.5099983215,43.5699996948,36.4080505371,21955100
2020-06-29,44.0000000000,44.5699996948,43.5499992371,44.3600006104,37.0681915283,17603900
2020-06-30,44.2500000000,44.8300018311,44.0400009155,44.6800003052,37.3356018066,23679800
2020-07-01,44.9300003052,45.5299987793,44.7099990845,44.8199996948,37.4525680542,14316500
2020-07-02,45.2900009155,45.4300003052,44.7999992371,44.8800010681,37.5027198792,15111900
2020-07-06,45.1399993896,45.2700004578,44.6100006104,45.2299995422,37.7951850891,15146000
2020-07-07,45.0000000000,45.5000000000,44.7999992371,45.2099990845,37.7784614563,13043600
2020-07-08,45.1399993896,45.1800003052,44.4700012207,45.0699996948,37.6614875793,13851200
2020-07-09,45.0499992371,45.0499992371,43.8300018311,43.9099998474,36.6921653748,16087100
2020-07-10,43.8800010681,45.2500000000,43.8600006104,45.1500015259,37.7283439636,15627800
2020-07-13,45.5299987793,45.6800003052,44.9599990845,45.2500000000,37.8119010925,16705300
2020-07-14,44.9099998474,45.9399986267,44.6699981689,45.8699989319,38.3299865723,17080100
2020-07-15,46.2999992371,47.1899986267,46.2000007629,46.4000015259,38.7728614807,23738000
2020-07-16,46.2599983215,46.6899986267,45.9399986267,46.1500015259,38.5639610291,13306100
2020-07-17,46.4700012207,46.9099998474,46.1300010681,46.8199996948,39.1238288879,13899800
2020-07-20,46.7200012207,46.8300018311,45.8499984741,46.1199989319,38.5388832092,16633200
2020-07-21,47.5200004578,47.9900016785,46.9300003052,47.2000007629,39.4413528442,25681500
2020-07-22,47.9300003052,48.5200004578,47.0299987793,48.4799995422,40.5109519958,29831200
2020-07-23,48.4700012207,48.5699996948,48.0299987793,48.2799987793,40.3438301086,15935000
2020-07-24,48.4000015259,48.7999992371,48.0699996948,48.4900016785,40.5193214417,16196800
2020-07-27,48.1800003052,48.5099983215,48.1800003052,48.4799995422,40.5109519958,17346500
2020-07-28,48.3400001526,49.2799987793,48.0999984741,48.1800003052,40.2602691650,13872700
2020-07-29,48.1399993896,48.5000000000,47.8199996948,48.0200004578,40.1265716553,13758100
2020-07-30,47.6699981689,48.2299995422,47.2000007629,47.6899986267,39.8508262634,17276500
2020-07-31,47.4399986267,47.7700004578,46.7299995422,47.2400016785,39.4747848511,14849200
2020-08-03,47.1399993896,47.3600006104,46.2299995422,46.2999992371,38.6893043518,14137500
2020-08-04,46.2900009155,46.8600006104,46.2200012207,46.6899986267,39.0151901245,11717200
2020-08-05,46.9000015259,47.2700004578,46.8100013733,47.2200012207,39.4580688477,10498700
2020-08-06,46.6599998474,47.5299987793,46.5999984741,47.4799995422,39.6753311157,10745000
2020-08-07,47.4700012207,48.0800018311,47.2099990845,47.7999992371,39.9427299500,11669700
2020-08-10,48.0600013733,48.2799987793,47.6599998474,47.7200012207,39.8758850098,11888000
2020-08-11,48.4599990845,48.6500015259,47.7000007629,47.9300003052,40.0513725281,16531600
2020-08-12,48.2999992371,48.6899986267,48.1199989319,48.4300003052,40.4691772461,9562200
2020-08-13,48.2599983215,48.7299995422,48.0600013733,48.3800010681,40.4274024963,9882900
2020-08-14,48.3400001526,48.6899986267,48.0299987793,48.4500007629,40.4858818054,10075800
2020-08-17,48.3199996948,48.7500000000,48.2000007629,48.2099990845,40.2853393555,9102400
2020-08-18,48.2000007629,48.5000000000,47.9599990845,48.4199981689,40.4608192444,9829000
2020-08-19,48.1199989319,48.3800010681,47.2200012207,47.3699989319,39.5834159851,17371000
2020-08-20,47.2700004578,47.5999984741,47.0900001526,47.3499984741,39.5667114258,11308700
2020-08-21,47.3400001526,47.5000000000,46.9700012207,47.2799987793,39.5082130432,14734100
2020-08-24,47.4300003052,47.9799995422,47.1800003052,47.9700012207,40.0847854614,9257700
2020-08-25,48.0000000000,48.0499992371,47.6500015259,47.9099998474,40.0346565247,7827800
2020-08-26,47.7599983215,48.1800003052,47.4700012207,48.1599998474,40.2435531616,10124200
2020-08-27,48.2500000000,48.8199996948,48.2000007629,48.2299995422,40.3020477295,10931600
2020-08-28,48.7500000000,49.8499984741,48.5299987793,49.8300018311,41.6390419006,16420300
2020-08-31,49.7999992371,50.0699996948,49.3499984741,49.5299987793,41.3883552551,18510800
2020-09-01,49.3100013733,49.3499984741,48.8300018311,49.1199989319,41.0457534790,12588400
2020-09-02,49.3600006104,51.3600006104,49.3600006104,51.1899986267,42.7754936218,26332600
2020-09-03,51.4000015259,52.1399993896,50.0999984741,50.4799995422,42.1822013855,22289400
2020-09-04,50.9399986267,51.4700012207,50.2799987793,51.0400009155,42.6501426697,21019500
2020-09-08,50.9300003052,51.0400009155,49.3600006104,49.8100013733,41.6223297119,17776700
2020-09-09,49.5999984741,50.7599983215,49.5499992371,50.1899986267,41.9398727417,15252300
2020-09-10,50.3499984741,50.6800003052,49.9500007629,50.0000000000,41.7811050415,15439500
2020-09-11,50.4000015259,51.2000007629,50.0999984741,51.0600013733,42.6668586731,18272300
2020-09-14,50.9700012207,51.2299995422,50.5699996948,50.7099990845,42.7174034119,10911700
2020-09-15,51.0000000000,51.3800010681,50.8400001526,51.0499992371,43.0038108826,12838400
2020-09-16,50.9500007629,51.4500007629,50.7400016785,50.7900009155,42.7847938538,15353900
2020-09-17,50.2200012207,50.6300010681,49.9399986267,50.5499992371,42.5826148987,13287100
2020-09-18,50.7500000000,51.1599998474,50.2099990845,50.4500007629,42.4983749390,23816600
2020-09-21,49.7500000000,50.0200004578,48.6100006104,49.0900001526,41.3527374268,17514800
2020-09-22,49.1100006104,50.0400009155,49.0699996948,49.6599998474,41.8328933716,13034600
2020-09-23,49.7299995422,49.9199981689,48.1699981689,48.2099990845,40.6114425659,17121200
2020-09-24,48.2099990845,49.0999984741,47.5600013733,48.7000007629,41.0242080688,16788100
2020-09-25,48.2000007629,48.7599983215,47.9799995422,48.7200012207,41.0410537720,12603400
2020-09-28,49.3100013733,49.7099990845,49.1399993896,49.2799987793,41.5127944946,11215700
2020-09-29,49.3899993896,49.5600013733,48.9099998474,48.9199981689,41.2095298767,12426600
2020-09-30,49.2700004578,49.6199989319,48.8899993896,49.3699989319,41.5886001587,15755900
2020-10-01,49.4399986267,49.6599998474,48.5900001526,49.1800003052,41.4285507202,17577300
2020-10-02,48.7599983215,49.5800018311,48.5499992371,49.3600006104,41.5801811218,13610100
2020-10-05,49.4300003052,49.5499992371,49.1199989319,49.3800010681,41.5970306396,10628700
2020-10-06,49.5499992371,49.7299995422,48.8300018311,48.9399986267,41.2263793945,10077400
2020-10-07,49.0200004578,49.7599983215,48.9500007629,49.5600013733,41.7486648560,10135600
2020-10-08,49.7099990845,50.5400009155,49.5400009155,50.4599990845,42.5068016052,12143900
2020-10-09,50.6699981689,51.2299995422,50.5999984741,50.8100013733,42.8016395569,11407800
2020-10-12,50.8400001526,51.5299987793,50.8300018311,51.0900001526,43.0375099182,11386500
2020-10-13,50.9900016785,50.9900016785,49.9000015259,50.2200012207,42.3046379089,14365300
2020-10-14,50.0499992371,50.4900016785,49.6500015259,50.1199989319,42.2204017639,10582100
2020-10-15,49.4000015259,50.1300010681,49.2999992371,49.9900016785,42.1109008789,9961700
2020-10-16,49.9900016785,50.3499984741,49.8699989319,50.0299987793,42.1445808411,13569800
2020-10-19,50.0299987793,50.4799995422,49.4599990845,49.6199989319,41.7992057800,9930400
2020-10-20,49.8899993896,50.6199989319,49.7900009155,50.2500000000,42.3299064636,10970700
2020-10-21,49.9599990845,50.4300003052,49.7700004578,49.9900016785,42.1109008789,12517400
2020-10-22,51.1699981689,51.2000007629,50.3800010681,50.6800003052,42.6921310425,20189200
2020-10-23,51.0000000000,51.1800003052,50.4700012207,50.5200004578,42.5573539734,13491300
2020-10-26,50.3400001526,50.5099983215,49.2000007629,49.7999992371,41.9508285522,14696400
2020-10-27,49.8100013733,50.2900009155,49.5499992371,49.9000015259,42.0350761414,13892100
2020-10-28,49.0000000000,49.1500015259,47.7799987793,47.9599990845,40.4008445740,19886200
2020-10-29,47.7299995422,48.4799995422,47.2999992371,48.0200004578,40.4513854980,15369900
2020-10-30,47.8100013733,48.1199989319,47.3699989319,48.0600013733,40.4850807190,15804000
2020-11-02,48.7500000000,48.9500007629,48.2400016785,48.6199989319,40.9568138123,15156100
2020-11-03,49.2200012207,49.9599990845,49.0000000000,49.3499984741,41.5717544556,15285100
2020-11-04,49.4300003052,50.2099990845,49.0800018311,49.1699981689,41.4201202393,12930800
2020-11-05,49.7599983215,50.2099990845,49.3400001526,49.4399986267,41.6475753784,12452400
2020-11-06,49.6500015259,49.9900016785,49.2500000000,49.4500007629,41.6559944153,9294900
2020-11-09,52.5000000000,53.2599983215,52.0699996948,52.5699996948,44.2842483521,33442000
2020-11-10,52.5699996948,54.2799987793,52.4500007629,53.9799995422,45.4720077515,29706700
2020-11-11,53.9300003052,54.2999992371,53.3300018311,53.5800018311,45.1350555420,17399900
2020-11-12,53.0499992371,53.2099990845,52.6100006104,53.0099983215,44.6548881531,15024400
2020-11-13,53.2500000000,53.5000000000,52.8899993896,53.4500007629,45.0255317688,12447900
2020-11-16,54.5000000000,54.6199989319,53.2799987793,53.8499984741,45.3624877930,14908200
2020-11-17,53.6599998474,53.7500000000,53.0299987793,53.6800003052,45.2192955017,14248400
2020-11-18,53.7500000000,54.0200004578,52.5600013733,52.6100006104,44.3179359436,15278200
2020-11-19,52.4900016785,53.2299995422,51.9500007629,53.1300010681,44.7559852600,17189500
2020-11-20,53.1899986267,53.2500000000,52.5900001526,52.6699981689,44.3684768677,15645600
2020-11-23,52.9500007629,53.1699981689,52.2000007629,52.6800003052,44.3768997192,13191900
2020-11-24,53.1399993896,53.5900001526,53.0200004578,53.2200012207,44.8317985535,13827600
2020-11-25,53.0699996948,53.2799987793,52.7900009155,52.9300003052,44.5875129700,10194800
2020-11-27,53.1100006104,53.1899986267,52.6100006104,52.7000007629,44.3937606812,8499300
2020-11-30,52.0900001526,52.1899986267,51.0800018311,51.5999984741,43.8079490662,43203600
2020-12-01,52.1399993896,52.3300018311,51.7900009155,52.0400009155,44.1815109253,18968800
2020-12-02,51.9000015259,52.1300010681,51.6399993896,52.1100006104,44.2409439087,14913100
2020-12-03,51.9000015259,52.9399986267,51.9000015259,52.7799987793,44.8097572327,17318900
2020-12-04,52.7799987793,53.8699989319,52.7599983215,53.8499984741,45.7181701660,18122400
2020-12-07,53.7599983215,53.7799987793,52.7000007629,52.9900016785,44.9880485535,16210900
2020-12-08,52.9399986267,53.4799995422,52.7900009155,53.1800003052,45.1493530273,12485800
2020-12-09,53.3699989319,53.5999984741,53.0000000000,53.3300018311,45.2767028809,11508400
2020-12-10,53.4000015259,53.5099983215,52.9799995422,53.0499992371,45.0389862061,12097300
2020-12-11,52.7999992371,53.5400009155,52.7799987793,53.3499984741,45.2936744690,10638100
2020-12-14,53.6500015259,53.8400001526,53.1800003052,53.2700004578,45.2257652283,22292000
2020-12-15,53.7900009155,54.2200012207,53.5999984741,53.8400001526,45.7096862793,16193700
2020-12-16,53.5999984741,53.7999992371,52.9399986267,53.0600013733,45.0474700928,15679600
2020-12-17,53.2999992371,53.7099990845,53.1500015259,53.2700004578,45.2257652283,12677300
2020-12-18,53.0800018311,53.8400001526,52.6199989319,53.7400016785,45.6247863770,35480100
2020-12-21,52.6800003052,53.0000000000,51.9799995422,52.8100013733,44.8352279663,14926600
2020-12-22,52.8100013733,53.1800003052,52.3899993896,52.7599983215,44.7927818298,9689500
2020-12-23,52.9500007629,53.3899993896,52.9399986267,53.0800018311,45.0644531250,7040300
2020-12-24,53.0200004578,53.5499992371,53.0200004578,53.4399986267,45.3700981140,3265500
2020-12-28,53.8499984741,54.4399986267,53.7299995422,54.1599998474,45.9813652039,9020500
2020-12-29,54.4500007629,54.4900016785,54.0200004578,54.1300010681,45.9558982849,8320600
2020-12-30,54.0499992371,54.6300010681,54.0299987793,54.4399986267,46.2190818787,8142700
2020-12-31,54.4500007629,54.9300003052,54.2700004578,54.8400001526,46.5586853027,8495000
2021-01-04,54.2700004578,54.6300010681,52.0299987793,52.7599983215,44.7927818298,25611100
2021-01-05,52.3300018311,52.6199989319,52.0299987793,52.1800003052,44.3003692627,20323800
2021-01-06,51.9700012207,52.0200004578,50.1899986267,50.5200004578,42.8910446167,38724500
2021-01-07,50.0900001526,50.2599983215,49.5200004578,49.9599990845,42.4156036377,53225700
2021-01-08,50.0299987793,51.1300010681,49.8400001526,51.0800018311,43.3664779663,29674000
2021-01-11,50.6199989319,50.8600006104,49.9500007629,50.2000007629,42.6193580627,19304400
2021-01-12,50.0400009155,50.3699989319,49.7599983215,50.1100006104,42.5429534912,18538700
2021-01-13,49.9799995422,50.3600006104,49.9500007629,50.1599998474,42.5853996277,18864100
2021-01-14,50.1599998474,50.1800003052,49.2200012207,49.2299995422,41.7958335876,34303600
2021-01-15,49.1599998474,49.1800003052,48.5299987793,48.7000007629,41.3458747864,24366800
2021-01-19,48.7400016785,49.0400009155,48.2400016785,48.5099983215,41.1845664978,29114500
2021-01-20,48.5400009155,48.8199996948,48.3100013733,48.6800003052,41.3288955688,23115800
2021-01-21,48.7799987793,49.0900001526,48.4599990845,48.9500007629,41.5581207275,19702500
2021-01-22,48.8100013733,48.9399986267,48.4900016785,48.4900016785,41.1675910950,15400300
2021-01-25,48.4199981689,48.8400001526,48.2400016785,48.7799987793,41.4137916565,16604200
2021-01-26,48.9099998474,49.4000015259,48.6100006104,49.2900009155,41.8467750549,12922600
2021-01-27,48.8899993896,49.3199996948,48.2299995422,48.5299987793,41.2015457153,21242400
2021-01-28,48.6899986267,49.5000000000,48.6100006104,49.1500015259,41.7279243469,17498900
2021-01-29,49.0299987793,49.1199989319,48.1100006104,48.1500015259,40.8789253235,18670300
2021-02-01,48.2700004578,48.6899986267,48.1800003052,48.4799995422,41.1590881348,12183600
2021-02-02,48.7999992371,49.3499984741,48.6300010681,48.9599990845,41.5666084290,13319800
2021-02-03,48.9500007629,49.0900001526,48.6699981689,48.7700004578,41.4053077698,12274100
2021-02-04,48.9599990845,49.0699996948,48.6500015259,49.0099983215,41.6090583801,20597400
2021-02-05,49.5000000000,49.7799987793,49.2700004578,49.6500015259,42.1524238586,12742000
2021-02-08,49.9599990845,50.1699981689,49.4900016785,49.9199981689,42.3816375732,17833200
2021-02-09,49.8499984741,50.0200004578,49.6300010681,49.7000007629,42.1948661804,14592900
2021-02-10,50.4099998474,50.5800018311,49.5299987793,49.5999984741,42.1099624634,22965400
2021-02-11,49.8100013733,50.5900001526,49.7999992371,50.2999992371,42.7042617798,21928600
2021-02-12,50.5699996948,50.8499984741,50.3899993896,50.6899986267,43.0353660583,13137100
2021-02-16,50.6199989319,50.7200012207,50.1599998474,50.2700004578,42.6787872314,15093400
2021-02-17,50.0000000000,50.4900016785,49.8899993896,50.1300010681,42.5599327087,12794300
2021-02-18,50.1599998474,50.8499984741,50.0299987793,50.7700004578,43.1032829285,12747100
2021-02-19,50.7900009155,50.8300018311,49.9700012207,50.1100006104,42.5429534912,15968800
2021-02-22,49.8499984741,50.8800010681,49.6699981689,50.6300010681,42.9844360352,14370900
2021-02-23,51.0000000000,51.5099983215,50.4199981689,50.5400009155,42.9080238342,16222300
2021-02-24,50.3899993896,50.9000015259,50.1300010681,50.7099990845,43.0523490906,14442000
2021-02-25,50.4700012207,50.7500000000,49.9799995422,50.1699981689,42.5938949585,14211100
2021-02-26,50.2000007629,50.2099990845,48.9700012207,48.9900016785,41.5920906067,23638400
2021-03-01,49.4399986267,50.4399986267,49.4000015259,49.9000015259,42.3646621704,13901200
2021-03-02,49.8400001526,50.5600013733,49.7000007629,50.0999984741,42.5344543457,11755100
2021-03-03,49.7200012207,50.5600013733,49.7099990845,49.9799995422,42.4325790405,15410700
2021-03-04,50.3100013733,51.0900001526,49.6199989319,49.9399986267,42.3986282349,22036400
2021-03-05,50.0499992371,50.9500007629,49.9000015259,50.7900009155,43.1202697754,21310800
2021-03-08,51.4700012207,52.4900016785,51.1599998474,51.6399993896,43.8419113159,25084900
2021-03-09,51.7200012207,51.8800010681,50.8199996948,50.8600006104,43.1796989441,23082700
2021-03-10,51.1800003052,51.6300010681,50.7200012207,51.4399986267,43.6721038818,21331600
2021-03-11,51.4099998474,51.4300003052,50.8100013733,50.8800010681,43.1966819763,17417700
2021-03-12,50.5900001526,50.6800003052,50.2000007629,50.3600006104,43.1110687256,17598600
2021-03-15,50.5000000000,51.1199989319,50.4700012207,51.0299987793,43.6846237183,13411900
2021-03-16,51.2000007629,51.5200004578,51.0400009155,51.2200012207,43.8472900391,14214200
2021-03-17,51.2500000000,51.6199989319,51.1500015259,51.2400016785,43.8643913269,17502700
2021-03-18,51.0600013733,51.1899986267,50.4900016785,50.5699996948,43.2908477783,18007300
2021-03-19,50.4599990845,51.0800018311,50.1699981689,50.8100013733,43.4962921143,67845700
2021-03-22,50.3199996948,51.0800018311,50.3199996948,51.0000000000,43.6589508057,17911400
2021-03-23,50.9900016785,51.6500015259,50.8300018311,51.3899993896,43.9928054810,16936700
2021-03-24,51.1699981689,51.8899993896,51.1500015259,51.5200004578,44.1040954590,14997400
2021-03-25,51.7000007629,52.0600013733,51.1699981689,52.0200004578,44.5321273804,17091900
2021-03-26,52.1399993896,53.1100006104,51.7599983215,53.0400009155,45.4053115845,17126700
2021-03-29,52.7299995422,53.9399986267,52.7099990845,53.8499984741,46.0987014771,17514100
2021-03-30,53.7500000000,53.7900009155,52.9300003052,53.1500015259,45.4994773865,14871800
2021-03-31,53.0299987793,53.1699981689,52.5000000000,52.7099990845,45.1227989197,15826500
2021-04-01,52.9599990845,53.1500015259,52.4599990845,52.5099983215,44.9515914917,15834700
2021-04-05,52.3499984741,53.2200012207,52.2900009155,52.8100013733,45.2084083557,16368700
2021-04-06,53.0400009155,53.6500015259,52.9000015259,53.1899986267,45.5337142944,15614300
2021-04-07,53.2799987793,53.5000000000,53.1199989319,53.2799987793,45.6107597351,10062700
2021-04-08,53.1699981689,53.3800010681,52.9700012207,53.1199989319,45.4737930298,9695600
2021-04-09,53.1699981689,53.2799987793,52.8100013733,53.1800003052,45.5251502991,10828200
2021-04-12,53.3300018311,53.5499992371,53.0999984741,53.3499984741,45.6706695557,8565300
2021-04-13,53.0400009155,53.2900009155,52.8100013733,53.0900001526,45.4481124878,11071700
2021-04-14,52.9799995422,53.1899986267,52.6500015259,53.0800018311,45.4395446777,9787600
2021-04-15,53.1300010681,53.6599998474,53.1199989319,53.3300018311,45.6535606384,13078100
2021-04-16,53.7400016785,53.7999992371,53.3800010681,53.6800003052,45.9531745911,17974100
2021-04-19,54.0000000000,54.3600006104,53.2999992371,54.0000000000,46.2271270752,19352900
2021-04-20,53.8400001526,54.5900001526,53.8100013733,54.1699981689,46.3726577759,14419200
2021-04-21,54.2400016785,54.7400016785,54.2400016785,54.6100006104,46.7493171692,13866500
2021-04-22,54.4700012207,54.8699989319,54.3199996948,54.4399986267,46.6037788391,12558900
2021-04-23,54.4000015259,54.5900001526,54.1699981689,54.4700012207,46.6294708252,9020500
2021-04-26,54.4700012207,54.5099983215,53.5800018311,53.6599998474,45.9360580444,11684600
2021-04-27,53.5600013733,53.7000007629,53.3199996948,53.5800018311,45.8675804138,9852400
2021-04-28,53.9799995422,54.0499992371,53.4399986267,53.5900001526,45.8761367798,10868100
2021-04-29,53.5400009155,54.3600006104,53.4300003052,54.2599983215,46.4497032166,15391000
2021-04-30,54.2500000000,54.2700004578,53.6899986267,53.9799995422,46.2100028992,14912600
2021-05-03,54.2700004578,54.7999992371,54.1599998474,54.4799995422,46.6380271912,10417900
2021-05-04,54.5699996948,54.6199989319,53.9399986267,54.1399993896,46.3469657898,14151000
2021-05-05,54.1399993896,54.2400016785,53.7099990845,54.0000000000,46.2271270752,9665900
2021-05-06,54.1199989319,54.6100006104,54.0499992371,54.5400009155,46.6893882751,11572700
2021-05-07,54.4399986267,54.7700004578,54.1599998474,54.5099983215,46.6637077332,10637500
2021-05-10,54.8800010681,55.5000000000,54.8300018311,54.9099998474,47.0061378479,15545800
2021-05-11,55.0299987793,55.1399993896,54.0499992371,54.3199996948,46.5010643005,12986700
2021-05-12,54.3600006104,54.5600013733,53.8800010681,54.0400009155,46.2613601685,15836500
2021-05-13,53.9700012207,54.7799987793,53.8300018311,54.5099983215,46.6637077332,15475800
2021-05-14,54.9000015259,55.0999984741,54.6899986267,54.7299995422,46.8520355225,11725300
2021-05-17,54.8400001526,55.0200004578,54.5000000000,54.6399993896,46.7749977112,12119800
2021-05-18,54.3899993896,54.5600013733,54.0999984741,54.3400001526,46.5181770325,13232500
2021-05-19,54.1199989319,54.1800003052,53.6100006104,54.1699981689,46.3726577759,15126100
2021-05-20,54.1199989319,54.7999992371,54.1199989319,54.6500015259,46.7835502625,10948400
2021-05-21,54.7999992371,55.1199989319,54.2200012207,54.6199989319,46.7578773499,16033200
2021-05-24,54.6300010681,54.9300003052,54.4900016785,54.7999992371,46.9119644165,10326100
2021-05-25,54.8199996948,54.8199996948,54.3499984741,54.7900009155,46.9034042358,11916500
2021-05-26,54.9799995422,55.0499992371,54.5900001526,55.0299987793,47.1088562012,16064300
2021-05-27,55.2099990845,55.5699996948,54.7799987793,55.4900016785,47.5026512146,59109600
2021-05-28,55.3499984741,55.7099990845,55.2000007629,55.2900009155,47.3314285278,17011600
2021-06-01,55.3400001526,55.6500015259,55.0999984741,55.2799987793,47.3228645325,13304000
2021-06-02,55.5000000000,55.5600013733,55.2599983215,55.5000000000,47.5112075806,11328500
2021-06-03,55.1800003052,55.7400016785,55.0999984741,55.6399993896,47.6310577393,17364300
2021-06-04,55.9000015259,56.4799995422,55.7799987793,56.2400016785,48.1446952820,18935100
2021-06-07,56.3100013733,56.3400001526,55.8100013733,56.0400009155,47.9734840393,14010800
2021-06-08,56.2500000000,56.2500000000,55.5499992371,55.6500015259,47.6396179199,10968300
2021-06-09,55.7500000000,55.9199981689,55.4799995422,55.4799995422,47.4940757751,9838800
2021-06-10,55.9099998474,56.1199989319,55.7599983215,55.9099998474,47.8621902466,12444400
2021-06-11,55.9900016785,56.2099990845,55.6599998474,56.1599998474,48.0762023926,11825800
2021-06-14,55.6899986267,55.7099990845,55.2000007629,55.5499992371,47.9123344421,9710800
2021-06-15,55.7799987793,55.7900009155,55.1899986267,55.4099998474,47.7915802002,11154200
2021-06-16,55.4399986267,55.4599990845,54.6399993896,54.6699981689,47.1533279419,15211700
2021-06-17,54.6699981689,55.1500015259,54.6500015259,54.9500007629,47.3948249817,10658400
2021-06-18,54.5099983215,54.6199989319,53.7200012207,53.7700004578,46.3770637512,31445600
2021-06-21,54.2200012207,54.4300003052,54.0000000000,54.3600006104,46.8859443665,14404300
2021-06-22,54.3400001526,54.8499984741,54.2599983215,54.5600013733,47.0584487915,13072800
2021-06-23,54.5600013733,54.5999984741,54.1100006104,54.1199989319,46.6789398193,12339200
2021-06-24,54.2599983215,54.4199981689,54.0000000000,54.3899993896,46.9118118286,11488400
2021-06-25,54.2400016785,54.4700012207,54.0099983215,54.3199996948,46.8514404297,18880300
2021-06-28,54.2500000000,54.3699989319,54.0000000000,54.2599983215,46.7996902466,10556900
2021-06-29,54.1300010681,54.3400001526,53.7200012207,53.8600006104,46.4546852112,12300900
2021-06-30,53.7999992371,54.1800003052,53.7500000000,54.1100006104,46.6703186035,14614200
2021-07-01,54.3400001526,54.4799995422,53.8600006104,53.9599990845,46.5409355164,13214700
2021-07-02,54.0000000000,54.4500007629,54.0000000000,54.1800003052,46.7306976318,10604600
2021-07-06,53.9900016785,54.0900001526,53.5499992371,53.8800010681,46.4719429016,15278200
2021-07-07,53.7200012207,54.3800010681,53.7200012207,54.3199996948,46.8514404297,14377700
2021-07-08,54.0099983215,54.1699981689,53.7400016785,54.1300010681,46.6875686646,11943900
2021-07-09,54.2500000000,54.5200004578,54.1800003052,54.4599990845,46.9721984863,10847000
2021-07-12,54.3199996948,54.5999984741,54.2700004578,54.4799995422,46.9894447327,15107600
2021-07-13,54.9500007629,55.2999992371,54.7500000000,55.0200004578,47.4552116394,15170800
2021-07-14,55.0200004578,56.3499984741,54.9599990845,56.2599983215,48.5247039795,22002700
2021-07-15,56.2400016785,56.4700012207,55.9099998474,56.4399986267,48.6799621582,15068200
2021-07-16,56.4599990845,56.6800003052,56.2599983215,56.4000015259,48.6454658508,14860500
2021-07-19,56.0800018311,56.3499984741,55.1599998474,55.7299995422,48.0675735474,19527000
2021-07-20,55.7299995422,56.3300018311,55.5200004578,55.8300018311,48.1538238525,16257900
2021-07-21,57.3300018311,57.5600013733,56.4300003052,56.5499992371,48.7748374939,20918200
2021-07-22,56.6199989319,56.7400016785,56.0499992371,56.4700012207,48.7058334351,13402700
2021-07-23,56.5900001526,57.3300018311,56.4500007629,57.0099983215,49.1715888977,12144000
2021-07-26,56.8899993896,57.1199989319,56.5600013733,57.0600013733,49.2147216797,8681100
2021-07-27,57.1100006104,57.5400009155,56.9199981689,57.2599983215,49.3872146606,12794400
2021-07-28,56.9900016785,57.1599998474,56.6300010681,56.7400016785,48.9387207031,9858000
2021-07-29,57.0699996948,57.2500000000,56.8600006104,57.0499992371,49.2060966492,9599100
2021-07-30,57.1500015259,57.2500000000,56.9000015259,57.0299987793,49.1888427734,11727000
2021-08-02,57.2000007629,57.2400016785,56.7099990845,56.8800010681,49.0594558716,9778000
2021-08-03,57.0000000000,57.0000000000,56.7500000000,56.9199981689,49.0939598083,8825500
2021-08-04,56.7500000000,56.9500007629,56.0099983215,56.0999984741,48.3867111206,11888400
2021-08-05,56.4399986267,56.5900001526,56.2900009155,56.5000000000,48.7317123413,9806800
2021-08-06,56.5999984741,56.7400016785,56.4399986267,56.6399993896,48.8524589539,10409300
2021-08-09,56.7999992371,56.8800010681,56.4300003052,56.6500015259,48.8610916138,8859900
2021-08-10,56.8400001526,57.1699981689,56.6599998474,56.7999992371,48.9904670715,10906900
2021-08-11,56.8899993896,57.1800003052,56.7099990845,56.7299995422,48.9300918579,8370700
2021-08-12,56.7299995422,56.9799995422,56.7299995422,56.8400001526,49.0249748230,6169200
2021-08-13,56.8100013733,57.2999992371,56.7700004578,57.2299995422,49.3613395691,7714200
2021-08-16,57.2000007629,57.4900016785,57.0299987793,57.4799995422,49.5769729614,7972000
2021-08-17,57.4599990845,57.5600013733,57.0099983215,57.2799987793,49.4044685364,10346400
2021-08-18,57.1899986267,57.2299995422,56.4199981689,56.5000000000,48.7317123413,13873700
2021-08-19,56.0600013733,56.9799995422,55.9500007629,56.8600006104,49.0422134399,9223700
2021-08-20,56.8400001526,57.0299987793,56.5800018311,56.6399993896,48.8524589539,10543600
2021-08-23,56.6699981689,56.7500000000,56.3800010681,56.4399986267,48.6799621582,8912800
2021-08-24,56.6399993896,56.6399993896,55.9000015259,56.0099983215,48.3090858459,12067200
2021-08-25,56.0600013733,56.1699981689,55.7299995422,56.0699996948,48.3608360291,11270700
2021-08-26,55.9500007629,55.9799995422,55.5099983215,55.5400009155,47.9037017822,10331500
2021-08-27,55.6599998474,55.7900009155,55.4500007629,55.6500015259,47.9985885620,8844100
2021-08-30,55.6899986267,56.2000007629,55.6399993896,56.1800003052,48.4557113647,10034700
2021-08-31,56.1599998474,56.5200004578,56.0000000000,56.3100013733,48.5678329468,14185700
2021-09-01,56.3800010681,56.7999992371,56.2799987793,56.6899986267,48.8955879211,9518900
2021-09-02,56.7700004578,57.0299987793,56.4099998474,56.7700004578,48.9645881653,11653200
2021-09-03,56.4599990845,56.7700004578,56.2500000000,56.7299995422,48.9300918579,13220400
2021-09-07,56.5999984741,56.6899986267,55.5099983215,55.6699981689,48.0158309937,20035300
2021-09-08,55.6100006104,56.4799995422,55.6100006104,56.4199981689,48.6627159119,12040100
2021-09-09,56.1800003052,56.4199981689,55.7999992371,55.8600006104,48.1796989441,12545400
2021-09-10,56.0099983215,56.1300010681,55.5200004578,55.6100006104,47.9640846252,10573700
2021-09-13,55.7400016785,56.4000015259,55.7400016785,56.0699996948,48.3608360291,20274300
2021-09-14,55.9199981689,55.9799995422,55.5499992371,55.6899986267,48.3955917358,13918900
2021-09-15,55.6800003052,56.0000000000,55.4199981689,55.8800010681,48.5607070923,15746000
2021-09-16,55.7200012207,55.9900016785,54.8199996948,55.3499984741,48.1001358032,17430400
2021-09-17,55.0200004578,55.1899986267,54.3699989319,54.4399986267,47.3093299866,33370200
2021-09-20,54.1100006104,54.4000015259,53.7299995422,54.0600013733,46.9790954590,27542500
2021-09-21,54.3899993896,54.8199996948,53.9399986267,54.0499992371,46.9703979492,16418200
2021-09-22,54.5099983215,54.5600013733,54.0600013733,54.1300010681,47.0399246216,12719700
2021-09-23,54.2599983215,54.6199989319,54.0000000000,54.0400009155,46.9617156982,13836200
2021-09-24,54.0000000000,54.2400016785,53.8600006104,53.8899993896,46.8313674927,9682200
2021-09-27,53.8499984741,54.2500000000,53.5699996948,53.6100006104,46.5880393982,12429500
2021-09-28,53.4599990845,53.4599990845,52.4300003052,52.6399993896,45.7450942993,19926100
2021-09-29,52.6399993896,53.1599998474,52.5600013733,52.9599990845,46.0231704712,13941500
2021-09-30,53.1699981689,53.3300018311,52.4300003052,52.4700012207,45.5973625183,17672000
2021-10-01,52.7799987793,53.2000007629,52.5699996948,53.0200004578,46.0753211975,16277400
2021-10-04,53.0600013733,53.5299987793,52.4000015259,52.9900016785,46.0492591858,18973400
2021-10-05,53.0200004578,53.4700012207,52.9300003052,53.0800018311,46.1274604797,17173100
2021-10-06,52.7700004578,53.7700004578,52.5099983215,53.7099990845,46.6749343872,21284500
2021-10-07,53.9900016785,54.2799987793,53.8100013733,53.8800010681,46.8226776123,13774400
2021-10-08,54.0000000000,54.3899993896,53.9000015259,54.1199989319,47.0312385559,13786800
2021-10-11,54.2099990845,54.3899993896,54.0099983215,54.2299995422,47.1268272400,12378500
2021-10-12,54.4199981689,54.8300018311,54.2200012207,54.2299995422,47.1268272400,19474400
2021-10-13,54.1699981689,54.4300003052,53.7900009155,54.2400016785,47.1355171204,12143300
2021-10-14,54.3899993896,54.8100013733,54.3100013733,54.6100006104,47.4570503235,13704000
2021-10-15,54.6399993896,54.8800010681,54.2900009155,54.4799995422,47.3440818787,17867000
2021-10-18,54.3499984741,54.3899993896,53.8600006104,53.9399986267,46.8748130798,15861800
2021-10-19,54.0400009155,54.2000007629,53.7700004578,54.1500015259,47.0573043823,11068500
2021-10-20,54.1800003052,54.7599983215,54.1100006104,54.6300010681,47.4744415283,12474800
2021-10-21,54.5999984741,54.6699981689,54.2099990845,54.3499984741,47.2311096191,14388300
2021-10-22,54.3899993896,54.5299987793,54.0699996948,54.4500007629,47.3180160522,12828600
2021-10-25,54.3800010681,54.4700012207,54.0200004578,54.2299995422,47.1268272400,11855000
2021-10-26,54.3199996948,54.5800018311,54.2299995422,54.4700012207,47.3353958130,12086700
2021-10-27,55.9700012207,56.0800018311,55.2700004578,55.5200004578,48.2478599548,24019800
2021-10-28,55.7500000000,56.1100006104,55.6199989319,56.0400009155,48.6997528076,15928000
2021-10-29,55.8699989319,56.4700012207,55.7799987793,56.3699989319,48.9865264893,24463700
2021-11-01,56.3899993896,56.4000015259,55.9000015259,56.1699981689,48.8127174377,11651100
2021-11-02,56.4700012207,56.5000000000,55.9700012207,56.0999984741,48.7518920898,11498900
2021-11-03,56.0000000000,56.3300018311,55.7799987793,56.2900009155,48.9170036316,10788300
2021-11-04,56.1100006104,56.6300010681,56.0299987793,56.5999984741,49.1863937378,10820200
2021-11-05,56.8400001526,57.1599998474,56.5900001526,56.8400001526,49.3949661255,12886700
2021-11-08,56.7500000000,56.8899993896,56.1300010681,56.3300018311,48.9517631531,12828000
2021-11-09,56.4099998474,56.5200004578,56.0900001526,56.4900016785,49.0908088684,10155800
2021-11-10,56.5400009155,56.9199981689,56.2900009155,56.7200012207,49.2906799316,8813600
2021-11-11,56.8300018311,56.8800010681,56.5699996948,56.7400016785,49.3080711365,7257700
2021-11-12,56.7500000000,56.9900016785,56.5499992371,56.6100006104,49.1950874329,10162500
2021-11-15,56.5299987793,56.6800003052,56.2700004578,56.6199989319,49.2037811279,10289200
2021-11-16,56.6199989319,56.9399986267,56.1899986267,56.2200012207,48.8561744690,13756500
2021-11-17,56.0400009155,56.0499992371,55.6500015259,55.9099998474,48.5867767334,13288700
2021-11-18,55.8300018311,55.9300003052,55.1399993896,55.4099998474,48.1522636414,15380100
2021-11-19,55.4399986267,55.4900016785,54.9000015259,55.1300010681,47.9089393616,15813700
2021-11-22,55.0999984741,56.0200004578,55.0800018311,55.4700012207,48.2044105530,16905600
2021-11-23,55.6599998474,56.1100006104,55.5000000000,55.8800010681,48.5607070923,13835900
2021-11-24,55.7099990845,55.8400001526,55.0299987793,55.4300003052,48.1696472168,12598900
2021-11-26,54.5900001526,54.7500000000,53.5800018311,53.7299995422,46.6923255920,14754300
2021-11-29,54.0499992371,54.7299995422,53.9300003052,54.5800018311,47.4309768677,22712500
2021-11-30,53.5999984741,53.6300010681,52.4399986267,52.4500007629,45.9334449768,30485200
2021-12-01,52.9799995422,53.5200004578,52.2799987793,52.2999992371,45.8020782471,18719600
2021-12-02,52.5999984741,53.3400001526,52.5099983215,53.0699996948,46.4764099121,17074200
2021-12-03,53.3300018311,53.6100006104,52.9799995422,53.5400009155,46.8880233765,21064400
2021-12-06,54.3100013733,55.2500000000,54.1399993896,54.9099998474,48.0877952576,26624100
2021-12-07,55.0200004578,55.4199981689,54.8499984741,55.2099990845,48.3505249023,23832700
2021-12-08,55.1199989319,55.3499984741,54.3600006104,55.0000000000,48.1666183472,18026300
2021-12-09,54.7500000000,55.1300010681,54.5900001526,54.8600006104,48.0440063477,13846400
2021-12-10,55.2500000000,56.3199996948,55.0699996948,56.2799987793,49.2875862122,23153600
2021-12-13,56.9799995422,57.9300003052,56.9599990845,57.7599983215,50.5837020874,31362800
2021-12-14,57.4000015259,58.1699981689,57.4000015259,57.7999992371,50.6187400818,24806600
2021-12-15,57.9300003052,58.2500000000,57.6500015259,58.0600013733,50.8464355469,24923800
2021-12-16,57.9799995422,58.8800010681,57.9000015259,58.6500015259,51.3631362915,24696900
2021-12-17,58.4900016785,58.9199981689,57.7000007629,57.7299995422,50.5574340820,51874400
2021-12-20,57.2000007629,57.7799987793,57.0000000000,57.5400009155,50.3910446167,20879500
2021-12-21,57.6100006104,57.9700012207,57.5299987793,57.7700004578,50.5924606323,15864900
2021-12-22,57.7099990845,58.1899986267,57.4900016785,58.1800003052,50.9515266418,12447400
2021-12-23,58.5200004578,58.6100006104,57.9399986267,58.2200012207,50.9865608215,11027300
2021-12-27,58.0000000000,58.6899986267,58.0000000000,58.6500015259,51.3631362915,9860000
2021-12-28,58.4000015259,58.9399986267,58.2999992371,58.8800010681,51.5645599365,8979900
2021-12-29,58.9500007629,59.0999984741,58.6599998474,58.9500007629,51.6258621216,9996000
2021-12-30,59.0600013733,59.2299995422,58.7599983215,58.7799987793,51.4769783020,7703900
2021-12-31,58.7500000000,59.3499984741,58.7000007629,59.2099990845,51.8535461426,10021300
2022-01-03,58.8199996948,59.3100013733,58.3800010681,59.2999992371,51.9323768616,20187300
2022-01-04,59.7299995422,60.5400009155,59.5900001526,60.2900009155,52.7993774414,26141600
2022-01-05,60.0900001526,61.2000007629,60.0499992371,60.7900009155,53.2372550964,22507300
2022-01-06,60.4700012207,61.1199989319,60.4399986267,60.4700012207,52.9570121765,17902300
2022-01-07,60.2799987793,60.7200012207,60.0600013733,60.3300018311,52.8344078064,12307900
2022-01-10,60.5499992371,60.8199996948,60.1800003052,60.4300003052,52.9219818115,20954300
2022-01-11,60.4300003052,60.4900016785,59.8400001526,60.4500007629,52.9394950867,19369600
2022-01-12,60.5299987793,60.6899986267,60.1899986267,60.5400009155,53.0183143616,15753800
2022-01-13,60.5400009155,61.0400009155,60.3899993896,60.9000015259,53.3335876465,14318000
2022-01-14,60.9399986267,61.4500007629,60.3600006104,61.3899993896,53.7627143860,19729600
2022-01-18,61.0600013733,61.1899986267,60.4500007629,60.9000015259,53.3335876465,21976700
2022-01-19,60.6599998474,61.1800003052,60.5600013733,61.0000000000,53.4211578369,18654700
2022-01-20,61.0000000000,61.4399986267,60.7200012207,60.7500000000,53.2022132874,23002400
2022-01-21,61.0800018311,61.2999992371,60.4000015259,60.4500007629,52.9394950867,26643200
2022-01-24,59.9000015259,60.3499984741,58.5699996948,59.9599990845,52.5103721619,30185100
2022-01-25,59.3600006104,60.0499992371,58.6899986267,59.8199996948,52.3877639771,19027100
2022-01-26,59.7900009155,60.3499984741,59.2099990845,59.5999984741,52.1951065063,19190200
2022-01-27,59.8800010681,60.9300003052,59.5000000000,59.6500015259,52.2388954163,18893800
2022-01-28,59.3899993896,60.8899993896,58.9399986267,60.8400001526,53.2810363770,19101500
2022-01-31,60.2999992371,61.1399993896,60.1500015259,61.0099983215,53.4299201965,22045300
2022-02-01,60.9099998474,61.1399993896,60.1599998474,60.5600013733,53.0358352661,20841700
2022-02-02,60.6199989319,61.2700004578,60.5600013733,61.1800003052,53.5787963867,20225600
2022-02-03,60.9399986267,61.7799987793,60.5900001526,61.6100006104,53.9553718567,19440500
2022-02-04,61.4900016785,61.6800003052,60.5699996948,60.9599990845,53.3861236572,17403700
2022-02-07,61.3800010681,61.7200012207,60.8600006104,61.5999984741,53.9466094971,17846400
2022-02-08,61.8300018311,62.3300018311,61.7400016785,62.0000000000,54.2969207764,18771700
2022-02-09,62.1699981689,62.3199996948,60.9000015259,61.0400009155,53.4561920166,23595600
2022-02-10,60.3600006104,62.2999992371,60.2000007629,61.3800010681,53.7539443970,23561500
2022-02-11,61.7700004578,61.9799995422,60.1500015259,60.2900009155,52.7993774414,22781400
2022-02-14,60.1599998474,60.7900009155,59.2799987793,60.6800003052,53.1409149170,23641300
2022-02-15,60.9599990845,61.7799987793,60.6300010681,60.9099998474,53.3423423767,13408700
2022-02-16,60.8600006104,61.4000015259,60.5600013733,60.9000015259,53.3335876465,15484700
2022-02-17,60.5499992371,62.2799987793,60.4099998474,62.1199989319,54.4020080566,21468700
2022-02-18,62.1199989319,62.8199996948,61.9900016785,62.5400009155,54.7698249817,21975000
2022-02-22,62.4300003052,62.6399993896,61.7200012207,62.2799987793,54.5421218872,21731400
2022-02-23,62.2400016785,62.3300018311,61.3400001526,61.5900001526,53.9378585815,19248500
2022-02-24,59.9700012207,60.6199989319,59.2200012207,60.5099983215,52.9920387268,27207400
2022-02-25,60.9399986267,62.9000015259,60.9199981689,62.8499984741,55.0413093567,21487800
2022-02-28,61.6500015259,62.3400001526,61.4099998474,62.2400016785,54.5071029663,25879100
2022-03-01,62.1399993896,62.7500000000,61.5099983215,61.9700012207,54.2706451416,15871100
2022-03-02,62.2299995422,62.8800010681,61.7799987793,62.4300003052,54.6734924316,17319100
2022-03-03,62.6100006104,63.0200004578,62.2900009155,62.4700012207,54.7085304260,21262800
2022-03-04,61.4599990845,62.5900001526,61.2000007629,62.5699996948,54.7961044312,17163000
2022-03-07,62.0099983215,62.0699996948,60.7200012207,61.0800018311,53.4912185669,29151400
2022-03-08,61.4500007629,61.5400009155,58.5900001526,58.6599998474,51.3718872070,30242100
2022-03-09,59.8199996948,59.8400001526,58.6599998474,58.9599990845,51.6346206665,23022700
2022-03-10,58.4799995422,58.6599998474,57.5000000000,57.8800010681,50.6887969971,20887300
2022-03-11,57.9599990845,58.8499984741,57.8600006104,57.9199981689,50.7238273621,19855600
2022-03-14,57.9700012207,59.0400009155,57.9700012207,58.5400009155,51.6592330933,17799400
2022-03-15,59.0800018311,59.8899993896,58.9799995422,59.6199989319,52.6122894287,18607200
2022-03-16,59.7799987793,59.9399986267,58.6100006104,59.4599990845,52.4710998535,17347300
2022-03-17,59.4599990845,60.1399993896,59.2299995422,60.0900001526,53.0270576477,15586200
2022-03-18,60.2999992371,60.2999992371,59.7099990845,60.0999984741,53.0358772278,30197800
2022-03-21,60.5000000000,61.0999984741,60.2500000000,60.5800018311,53.4594612122,17440100
2022-03-22,60.9300003052,60.9500007629,60.0600013733,60.7999992371,53.6535987854,17559500
2022-03-23,60.7500000000,60.9799995422,60.0000000000,60.4000015259,53.3006210327,15529200
2022-03-24,60.6399993896,61.0200004578,60.4599990845,60.9799995422,53.8124389648,13151300
2022-03-25,61.1199989319,61.6100006104,61.0499992371,61.5299987793,54.2977905273,12259800
2022-03-28,61.5299987793,61.9399986267,61.2099990845,61.9199981689,54.6419448853,11485200
2022-03-29,62.2099990845,62.5299987793,61.7400016785,62.1599998474,54.8537368774,14720600
2022-03-30,62.0099983215,62.2099990845,61.5600013733,62.2099990845,54.8978614807,13641000
2022-03-31,62.2200012207,62.6399993896,62.0000000000,62.0000000000,54.7125549316,16822900
2022-04-01,62.3300018311,62.9500007629,62.0900001526,62.8699989319,55.4802894592,12644900
2022-04-04,62.5999984741,62.7900009155,61.7200012207,62.5400009155,55.1890716553,11505800
2022-04-05,62.4000015259,63.2400016785,62.3699989319,62.4700012207,55.1273078918,15721200
2022-04-06,62.7700004578,63.2599983215,62.2999992371,63.0999984741,55.6832504272,19267400
2022-04-07,63.1300010681,63.6699981689,62.7099990845,63.4399986267,55.9832916260,13960800
2022-04-08,63.4799995422,64.0400009155,63.1599998474,63.8300018311,56.3274536133,12703500
2022-04-11,63.9099998474,64.3000030518,63.6399993896,63.8100013733,56.3098144531,12720100
2022-04-12,64.3799972534,64.8099975586,63.8899993896,64.5599975586,56.9716529846,18089900
2022-04-13,64.4400024414,64.8700027466,64.2300033569,64.7300033569,57.1216812134,11883000
2022-04-14,64.9599990845,65.5699996948,64.8199996948,65.0199966431,57.3775825500,16388400
2022-04-18,64.7699966431,65.1800003052,64.1800003052,64.4400024414,56.8657608032,11679400
2022-04-19,64.5000000000,65.2500000000,64.4400024414,65.0699996948,57.4217071533,11993800
2022-04-20,65.4400024414,66.2399978638,65.4000015259,65.9599990845,58.2070960999,14827100
2022-04-21,65.9800033569,67.0000000000,65.7200012207,66.2099990845,58.4277076721,15120400
2022-04-22,66.0800018311,66.3399963379,65.1800003052,65.2500000000,57.5805473328,14902200
2022-04-25,67.0000000000,67.1999969482,64.7799987793,65.9400024414,58.1894454956,25082000
2022-04-26,65.5199966431,66.3700027466,65.0400009155,65.0500030518,57.4040565491,21982600
2022-04-27,65.0000000000,66.2799987793,65.0000000000,65.5599975586,57.8541107178,16971000
2022-04-28,64.6600036621,66.2799987793,64.5000000000,66.1900024414,58.4100761414,22010600
2022-04-29,65.8700027466,66.0299987793,64.4899978638,64.6100006104,57.0157775879,20137100
2022-05-02,65.2799987793,65.3099975586,62.5800018311,63.4399986267,55.9832916260,24970300
2022-05-03,63.7200012207,63.9399986267,62.6699981689,63.0800018311,55.6656112671,21686300
2022-05-04,63.0000000000,65.1200027466,62.9399986267,65.0299987793,57.3864021301,19780200
2022-05-05,64.6900024414,65.0299987793,64.0100021362,64.5100021362,56.9275207520,20155200
2022-05-06,64.1999969482,65.3099975586,64.0699996948,64.7399978638,57.1304931641,18984000
2022-05-09,64.4700012207,65.3600006104,64.0400009155,64.6100006104,57.0157775879,20055300
2022-05-10,64.5000000000,65.3199996948,63.8499984741,64.0100021362,56.4862976074,21322200
2022-05-11,64.3300018311,65.1999969482,63.9599990845,64.3099975586,56.7510337830,19648400
2022-05-12,64.1600036621,64.5299987793,63.2099990845,64.5100021362,56.9275207520,22574700
2022-05-13,64.8099975586,65.8000030518,64.1200027466,65.7200012207,57.9953079224,16167000
2022-05-16,65.4400024414,66.3799972534,65.4400024414,65.9599990845,58.2070960999,13223200
2022-05-17,66.0999984741,66.0999984741,65.0100021362,65.7799987793,58.0482521057,21300600
2022-05-18,65.4199981689,65.5199966431,60.9599990845,61.2000007629,54.0065803528,31437300
2022-05-19,60.9599990845,60.9599990845,59.6599998474,60.0000000000,52.9476242065,31493900
2022-05-20,60.4900016785,61.2400016785,59.6599998474,60.9799995422,53.8124389648,29133800
2022-05-23,61.6500015259,63.0999984741,61.5900001526,62.8600006104,55.4714698792,19406900
2022-05-24,62.8800010681,64.1900024414,62.7500000000,64.0199966431,56.4951171875,16154200
2022-05-25,64.0000000000,64.4700012207,63.5999984741,64.0699996948,56.5392417908,15360500
2022-05-26,64.0699996948,65.0999984741,63.9599990845,64.3000030518,56.7422103882,16159800
2022-05-27,64.2600021362,64.8300018311,64.1399993896,64.6800003052,57.0775489807,17709000
2022-05-31,64.0800018311,64.3199996948,63.0499992371,63.3800010681,55.9303436279,43159000
2022-06-01,63.4199981689,63.6800003052,62.1300010681,63.0699996948,55.6567840576,15408300
2022-06-02,63.1800003052,63.7400016785,62.1100006104,63.7299995422,56.2392082214,14586000
2022-06-03,63.5699996948,63.6300010681,62.8100013733,62.9700012207,55.5685386658,13539900
2022-06-06,63.3300018311,63.7700004578,62.6599998474,62.8699989319,55.4802894592,15112800
2022-06-07,62.3800010681,63.3699989319,62.2200012207,63.2500000000,55.8156242371,17886300
2022-06-08,62.9900016785,63.2099990845,62.5600013733,62.8899993896,55.4979362488,10211500
2022-06-09,62.8699989319,63.3499984741,61.7799987793,61.7999992371,54.5360565186,13382200
2022-06-10,61.0099983215,61.8899993896,60.4599990845,61.4099998474,54.1918945312,14967600
2022-06-13,60.7500000000,62.2900009155,60.6699981689,61.3400001526,54.1301193237,23064200
2022-06-14,60.7299995422,60.8899993896,58.6599998474,59.2299995422,52.6457633972,24620000
2022-06-15,60.0000000000,60.6399993896,58.9700012207,59.6699981689,53.0368537903,19684700
2022-06-16,58.6399993896,59.5200004578,58.2500000000,59.0699996948,52.5035552979,15053800
2022-06-17,59.7000007629,60.1300010681,59.1300010681,59.4300003052,52.8235359192,34781900
2022-06-21,59.4900016785,60.8800010681,59.0099983215,60.7000007629,53.9523620605,17705000
2022-06-22,60.5999984741,61.4500007629,60.3199996948,61.1500015259,54.3523330688,15207100
2022-06-23,61.2999992371,61.9099998474,61.2299995422,61.8800010681,55.0011901855,17190900
2022-06-24,62.1100006104,63.0600013733,62.1100006104,63.0400009155,56.0322341919,18147100
2022-06-27,62.9799995422,63.2900009155,62.6300010681,62.9099998474,55.9166870117,12142100
2022-06-28,63.0800018311,63.7599983215,62.1100006104,62.2799987793,55.3567161560,13150100
2022-06-29,62.5400009155,63.1100006104,62.4300003052,62.7299995422,55.7566986084,11795500
2022-06-30,62.3199996948,63.1100006104,62.1599998474,62.9099998474,55.9166870117,15514200
2022-07-01,63.1199989319,64.4499969482,62.8199996948,64.3799972534,57.2232780457,15143200
2022-07-05,64.1800003052,64.1800003052,62.4199981689,63.2799987793,56.2455520630,15921200
2022-07-06,63.5999984741,64.0899963379,63.1899986267,63.4099998474,56.3611068726,13450500
2022-07-07,63.2599983215,63.5800018311,62.7000007629,62.9099998474,55.9166870117,14828400
2022-07-08,63.0299987793,63.4199981689,62.8800010681,63.1399993896,56.1211204529,11311500
2022-07-11,62.9900016785,63.4599990845,62.5900001526,62.9399986267,55.9433517456,12702100
2022-07-12,63.0000000000,63.4500007629,62.4700012207,62.6699981689,55.7033691406,14731100
2022-07-13,62.3300018311,63.0000000000,61.9799995422,62.3800010681,55.4456024170,13145300
2022-07-14,61.3300018311,62.2500000000,61.2999992371,62.1800003052,55.2678375244,14433000
2022-07-15,62.7500000000,62.9700012207,62.0699996948,62.5000000000,55.5522613525,21968400
2022-07-18,62.5200004578,62.5600013733,61.5099983215,61.6500015259,54.7967491150,10780800
2022-07-19,62.0900001526,62.6500015259,61.9300003052,62.5299987793,55.5789222717,10998200
2022-07-20,62.4000015259,62.5800018311,61.1500015259,61.5000000000,54.6634292603,11010500
2022-07-21,61.2599983215,61.8800010681,60.7900009155,61.3600006104,54.5389900208,11959600
2022-07-22,61.3800010681,61.8699989319,61.3199996948,61.5900001526,54.7434234619,11644700
2022-07-25,61.5499992371,62.2999992371,61.3100013733,62.1899986267,55.2767257690,14941700
2022-07-26,62.7500000000,63.7999992371,62.5299987793,63.2099990845,56.1833343506,20118000
2022-07-27,62.8800010681,63.1899986267,61.7900009155,63.0099983215,56.0055656433,12142900
2022-07-28,62.9199981689,64.2500000000,62.8899993896,64.0599975586,56.9388465881,10837000
2022-07-29,63.7099990845,64.2900009155,63.6300010681,64.1699981689,57.0366210938,13734200
2022-08-01,64.0899963379,65.0400009155,64.0299987793,64.5199966431,57.3477096558,12831500
2022-08-02,64.5899963379,64.5999984741,63.4300003052,63.6399993896,56.5655403137,15241900
2022-08-03,63.5499992371,64.0999984741,63.3100013733,63.9199981689,56.8144111633,11317000
2022-08-04,63.6399993896,63.7299995422,62.9199981689,63.6699981689,56.5922012329,11795600
2022-08-05,63.6300010681,63.6300010681,62.6699981689,63.3800010681,56.3344421387,10445400
2022-08-08,63.5000000000,63.8100013733,62.7500000000,62.9700012207,55.9700202942,9165200
2022-08-09,63.1800003052,63.3100013733,62.8499984741,63.0499992371,56.0411186218,7910900
2022-08-10,63.6300010681,63.7900009155,63.0999984741,63.6500015259,56.5744285583,8857300
2022-08-11,63.6899986267,63.9900016785,63.0800018311,63.2200012207,56.1922225952,8507800
2022-08-12,63.4300003052,63.7599983215,63.0900001526,63.7000007629,56.6188697815,9489300
2022-08-15,63.6399993896,64.6900024414,63.5699996948,64.5000000000,57.3299369812,9863300
2022-08-16,64.5699996948,65.2300033569,64.3300018311,65.0299987793,57.8010063171,9569600
2022-08-17,64.8300018311,65.2200012207,64.7600021362,64.8799972534,57.6676940918,8144000
2022-08-18,64.9599990845,65.3499984741,64.7099990845,65.2200012207,57.9698982239,6532000
2022-08-19,65.2099990845,65.4700012207,64.9599990845,65.1699981689,57.9254608154,8921100
2022-08-22,64.8399963379,64.9199981689,63.9900016785,64.1999969482,57.0632781982,9087900
2022-08-23,63.8199996948,64.3700027466,63.6800003052,64.2699966431,57.1254997253,8443800
2022-08-24,64.2399978638,64.5800018311,64.0500030518,64.3600006104,57.2055015564,6844700
2022-08-25,64.3600006104,64.7099990845,63.9000015259,64.6699981689,57.4810295105,7913900
2022-08-26,64.7300033569,64.8000030518,62.9799995422,63.1100006104,56.0944557190,10089500
2022-08-29,62.6899986267,63.0299987793,62.4099998474,62.7299995422,55.7566986084,9115900
2022-08-30,62.9099998474,62.9099998474,61.9900016785,62.1500015259,55.2411766052,8456800
2022-08-31,62.3800010681,62.5299987793,61.7000007629,61.7099990845,54.8500862122,14633600
2022-09-01,61.5800018311,62.0400009155,61.2900009155,62.0000000000,55.1078529358,14939700
2022-09-02,62.3899993896,62.7700004578,60.9000015259,61.1500015259,54.3523330688,11809800
2022-09-06,61.2900009155,61.9700012207,60.9900016785,61.1800003052,54.3790016174,12181800
2022-09-07,61.3199996948,62.4900016785,61.3199996948,62.3100013733,55.3833847046,13290700
2022-09-08,62.0800018311,62.2999992371,61.3400001526,62.1199989319,55.2145042419,17193500
2022-09-09,62.1699981689,62.8800010681,61.8600006104,62.3199996948,55.3922729492,11855900
2022-09-12,62.4300003052,62.8100013733,62.2700004578,62.5000000000,55.5522613525,13026900
2022-09-13,62.2000007629,62.2200012207,60.2799987793,60.4700012207,53.7479286194,18532800
2022-09-14,60.6399993896,61.0800018311,60.4399986267,60.7900009155,54.0323524475,12881600
2022-09-15,60.4000015259,60.4000015259,59.3600006104,59.5299987793,53.2981948853,11451900
2022-09-16,59.6599998474,59.7999992371,59.1100006104,59.5400009155,53.3071517944,20493500
2022-09-19,59.3899993896,60.0999984741,59.2299995422,59.9900016785,53.7100410461,12596200
2022-09-20,59.6800003052,60.0299987793,59.3199996948,59.9000015259,53.6294593811,11984600
2022-09-21,60.1399993896,60.7000007629,59.3899993896,59.4000015259,53.1817970276,14165300
2022-09-22,59.5499992371,59.7299995422,59.2000007629,59.2599983215,53.0564613342,11657600
2022-09-23,58.9599990845,59.0999984741,58.0000000000,58.5999984741,52.4655494690,14824000
2022-09-26,58.4900016785,58.5699996948,57.6899986267,57.8699989319,51.8119735718,18670100
2022-09-27,58.0800018311,58.3699989319,56.3100013733,56.3800010681,50.4779510498,23829300
2022-09-28,56.6599998474,57.2500000000,55.9099998474,56.9799995422,51.0151367188,21480100
2022-09-29,57.0900001526,57.2900009155,56.0000000000,56.5699996948,50.6480560303,14570700
2022-09-30,56.8699989319,57.1300010681,56.0000000000,56.0200004578,50.1556320190,16124600
2022-10-03,56.3600006104,56.8499984741,56.0600013733,56.6500015259,50.7196884155,16277600
2022-10-04,56.9500007629,57.8100013733,56.4599990845,56.7799987793,50.8360824585,18861400
2022-10-05,56.5000000000,56.6500015259,55.5099983215,56.2400016785,50.3526077271,14324900
2022-10-06,56.0000000000,56.0999984741,54.8699989319,55.0299987793,49.2692680359,17192800
2022-10-07,54.9900016785,55.0900001526,54.2500000000,54.5099983215,48.8037033081,11479800
2022-10-10,54.5999984741,54.9599990845,54.0200004578,54.3899993896,48.6962661743,10239100
2022-10-11,54.4599990845,55.2200012207,54.2400016785,54.4799995422,48.7768478394,14303900
2022-10-12,55.2299995422,56.0400009155,55.0400009155,55.1399993896,49.3677558899,18377400
2022-10-13,54.4799995422,56.0800018311,54.2599983215,55.8699989319,50.0213356018,16220700
2022-10-14,56.2900009155,56.4700012207,54.9399986267,54.9799995422,49.2244949341,15997900
2022-10-17,55.6300010681,56.2200012207,55.5699996948,55.6899986267,49.8601799011,13721400
2022-10-18,56.3100013733,56.7799987793,56.0999984741,56.4399986267,50.5316696167,11823100
2022-10-19,56.3100013733,56.5400009155,55.7299995422,55.9599990845,50.1019058228,10182300
2022-10-20,55.7700004578,55.9199981689,54.9599990845,55.0800018311,49.3140411377,16905100
2022-10-21,55.0000000000,56.1100006104,54.9900016785,55.9599990845,50.1019058228,15034100
2022-10-24,56.6399993896,57.7299995422,56.5699996948,57.5699996948,51.5433769226,17416700
2022-10-25,59.0400009155,59.1100006104,57.7500000000,58.9500007629,52.7789077759,28829900
2022-10-26,59.0099983215,59.7799987793,58.8600006104,59.3899993896,53.1728553772,15831400
2022-10-27,59.7700004578,59.8400001526,59.3800010681,59.5299987793,53.2981948853,16026100
2022-10-28,59.5699996948,60.9099998474,59.4700012207,60.7599983215,54.3994369507,12888900
2022-10-31,60.5099983215,60.5699996948,59.6699981689,59.8499984741,53.5846900940,14016400
2022-11-01,60.0299987793,60.2900009155,59.3699989319,59.6399993896,53.3966751099,10659500
2022-11-02,59.6399993896,60.2299995422,58.7700004578,58.8100013733,52.6535682678,14549200
2022-11-03,58.1100006104,59.0000000000,58.0999984741,58.7799987793,52.6267013550,9194000
2022-11-04,59.2999992371,59.5900001526,58.5600013733,59.2599983215,53.0564613342,9725900
2022-11-07,59.2599983215,59.7700004578,59.2400016785,59.4900016785,53.2623825073,8849700
2022-11-08,59.7500000000,59.7900009155,58.9399986267,59.5999984741,53.3608703613,10081600
2022-11-09,59.5900001526,59.6399993896,58.7500000000,58.7700004578,52.6177558899,10115200
2022-11-10,60.2500000000,61.0400009155,59.6800003052,60.8800010681,54.5068740845,16804800
2022-11-11,61.3699989319,61.4500007629,60.2099990845,61.3199996948,54.9008064270,18972100
2022-11-14,61.3199996948,61.7200012207,60.7099990845,60.7299995422,54.3725776672,16361000
2022-11-15,61.1300010681,61.4500007629,60.0000000000,60.6300010681,54.2830390930,13295800
2022-11-16,60.7900009155,61.0299987793,60.2900009155,60.5200004578,54.1845588684,14199500
2022-11-17,60.1899986267,60.7400016785,60.1300010681,60.7099990845,54.3546676636,11212600
2022-11-18,60.9900016785,61.3699989319,60.7999992371,61.1399993896,54.7396507263,10415600
2022-11-21,61.4099998474,62.2099990845,61.2000007629,62.0800018311,55.5812492371,15399400
2022-11-22,62.4700012207,62.5000000000,62.0499992371,62.3499984741,55.8229942322,12319600
2022-11-23,62.4900016785,62.7900009155,62.2999992371,62.6300010681,56.0736770630,8990400
2022-11-25,62.7299995422,62.8100013733,62.3800010681,62.6899986267,56.1273918152,5165500
2022-11-28,62.6899986267,63.0999984741,62.5600013733,62.7000007629,56.1363487244,12267500
2022-11-29,62.5200004578,62.5699996948,61.9799995422,62.4799995422,55.9393882751,10969600
2022-11-30,62.0099983215,63.6800003052,61.7500000000,63.6100006104,57.3549957275,30433900
2022-12-01,63.6100006104,64.1100006104,63.4300003052,63.7900009155,57.5172920227,12001400
2022-12-02,63.6100006104,64.5199966431,63.4000015259,64.3499984741,58.0222282410,13643500
2022-12-05,63.4099998474,63.7999992371,63.2599983215,63.4700012207,57.2287597656,9185100
2022-12-06,63.5200004578,63.8800010681,63.2299995422,63.4399986267,57.2017097473,10099500
2022-12-07,63.4500007629,63.7200012207,63.2500000000,63.5400009155,57.2918777466,12307600
2022-12-08,63.5999984741,63.8499984741,63.3499984741,63.8100013733,57.5353355408,9946200
2022-12-09,63.6100006104,63.8400001526,63.0900001526,63.1399993896,56.9312133789,13914900
2022-12-12,63.2999992371,64.0100021362,63.0099983215,63.9700012207,57.6795959473,11647900
2022-12-13,64.5899963379,64.6999969482,63.7999992371,63.9900016785,57.6976242065,17521600
2022-12-14,64.1900024414,64.6500015259,63.5699996948,63.9900016785,57.6976242065,12826700
2022-12-15,63.5900001526,63.8899993896,62.4900016785,63.1100006104,56.9041557312,12212300
2022-12-16,62.7500000000,63.1399993896,62.3300018311,62.7500000000,56.5795555115,33631500
2022-12-19,62.8300018311,63.4099998474,62.4700012207,62.8400001526,56.6607131958,10919700
2022-12-20,62.8199996948,63.1500015259,62.7500000000,62.7900009155,56.6156311035,10286500
2022-12-21,63.0699996948,64.0500030518,63.0699996948,63.7999992371,57.5263099670,10411300
2022-12-22,63.4199981689,63.5900001526,62.6500015259,63.3400001526,57.1115455627,9666700
2022-12-23,63.5000000000,63.8699989319,63.2000007629,63.8199996948,57.5443458557,6463300
2022-12-27,63.9300003052,64.2900009155,63.7099990845,64.2099990845,57.8959960938,7320700
2022-12-28,64.4599990845,64.6500015259,63.4900016785,63.5699996948,57.3189277649,7159400
2022-12-29,63.7999992371,64.1500015259,63.7000007629,63.9500007629,57.6615562439,7169300
2022-12-30,63.9199981689,63.9199981689,63.1699981689,63.6100006104,57.3549957275,7650200
2023-01-03,63.5600013733,63.5600013733,62.1800003052,62.9500007629,56.7598915100,12180500
2023-01-04,63.1500015259,63.3300018311,62.5099983215,62.9199981689,56.7328414917,13387900
2023-01-05,62.5999984741,62.7999992371,62.0800018311,62.2000007629,56.0836410522,9814700
2023-01-06,62.9099998474,63.6699981689,62.5800018311,63.4000015259,57.1656379700,9990000
2023-01-09,63.2999992371,63.7200012207,62.5800018311,62.6100006104,56.4533271790,9442600
2023-01-10,62.5999984741,62.7299995422,61.9199981689,62.1300010681,56.0205268860,10134600
2023-01-11,62.3800010681,62.5600013733,61.4099998474,62.0099983215,55.9123306274,10823000
2023-01-12,62.1100006104,62.1800003052,60.9700012207,61.2099990845,55.1909904480,13907300
2023-01-13,60.7000007629,61.4599990845,60.5900001526,61.4300003052,55.3893623352,13986400
2023-01-17,61.7299995422,62.3800010681,61.5600013733,61.6800003052,55.6147727966,18327800
2023-01-18,61.5099983215,61.5900001526,59.6800003052,59.8100013733,53.9286613464,19679400
2023-01-19,59.7299995422,60.6399993896,59.7099990845,59.7200012207,53.8475227356,14894500
2023-01-20,59.7200012207,60.0900001526,59.4000015259,60.0800018311,54.1721153259,14237700
2023-01-23,60.2799987793,60.5699996948,60.0499992371,60.2299995422,54.3073577881,12613400
2023-01-24,60.0800018311,61.8499984741,59.7999992371,60.5499992371,54.5958976746,10103300
2023-01-25,60.2000007629,60.9399986267,59.8899993896,60.9300003052,54.9385223389,11265800
2023-01-26,60.8100013733,61.0999984741,60.5699996948,60.8100013733,54.8303260803,11884800
2023-01-27,60.8400001526,60.9599990845,60.3699989319,60.4900016785,54.5417938232,14087000
2023-01-30,60.5400009155,61.1699981689,60.4599990845,60.6399993896,54.6770401001,15632000
2023-01-31,60.9799995422,61.3400001526,60.5099983215,61.3199996948,55.2901763916,14344400
2023-02-01,61.1399993896,61.5800018311,60.6199989319,61.3300018311,55.2991943359,12535400
2023-02-02,60.7999992371,61.0200004578,59.9099998474,60.2799987793,54.3524436951,16947200
2023-02-03,60.3499984741,60.4199981689,59.2299995422,59.8300018311,53.9466972351,15404400
2023-02-06,59.7900009155,60.3400001526,59.7200012207,60.1699981689,54.2532577515,11330900
2023-02-07,59.6699981689,60.2400016785,59.5400009155,60.0699996948,54.1630935669,14922700
2023-02-08,59.9199981689,59.9199981689,59.5900001526,59.7200012207,53.8475227356,11012000
2023-02-09,60.1500015259,60.3199996948,59.5999984741,59.6199989319,53.7573432922,12515300
2023-02-10,59.7200012207,59.9000015259,58.8800010681,59.6199989319,53.7573432922,14420700
2023-02-13,59.9000015259,60.7599983215,59.7299995422,60.5999984741,54.6409835815,16191800
2023-02-14,60.2099990845,60.9000015259,59.5600013733,59.5900001526,53.7302970886,20505700
2023-02-15,59.9000015259,59.9300003052,59.2299995422,59.5900001526,53.7302970886,13171400
2023-02-16,59.2299995422,59.8199996948,58.9500007629,59.2200012207,53.3966751099,16538300
2023-02-17,59.5000000000,60.2299995422,59.3800010681,60.1199989319,54.2081718445,16814700
2023-02-21,59.9900016785,60.2299995422,59.7200012207,59.7999992371,53.9196434021,14278300
2023-02-22,59.8499984741,60.3600006104,59.7500000000,59.9799995422,54.0819511414,12409600
2023-02-23,60.0099983215,60.4199981689,59.8100013733,60.0900001526,54.1811256409,12222800
2023-02-24,59.6800003052,59.9099998474,59.3899993896,59.8400001526,53.9557113647,9736200
2023-02-27,60.1800003052,60.2999992371,59.7400016785,59.8199996948,53.9376754761,8849800
2023-02-28,59.7000007629,59.7000007629,59.1399993896,59.5099983215,53.6581611633,16082200
2023-03-01,59.1300010681,59.1800003052,58.3699989319,58.8600006104,53.0720825195,13275800
2023-03-02,58.8400001526,59.7799987793,58.7999992371,59.7200012207,53.8475227356,11758300
2023-03-03,59.5499992371,59.6800003052,59.2099990845,59.4399986267,53.5950431824,13101800
2023-03-06,59.2599983215,60.3800010681,59.2200012207,60.3600006104,54.4245719910,16282700
2023-03-07,60.4900016785,60.5699996948,59.7500000000,60.0099983215,54.1089973450,13961200
2023-03-08,60.0400009155,60.3300018311,59.7299995422,60.0400009155,54.1360397339,10851600
2023-03-09,60.5400009155,60.5400009155,59.2799987793,59.4599990845,53.6130790710,13900900
2023-03-10,59.7000007629,60.1399993896,58.9900016785,59.2099990845,53.3876647949,13745800
2023-03-13,59.2900009155,60.8699989319,59.2500000000,59.8100013733,53.9286613464,21956000
2023-03-14,60.0000000000,60.4599990845,59.3499984741,60.0299987793,54.1270370483,19496900
2023-03-15,59.4300003052,60.4799995422,59.2400016785,60.4300003052,54.4876937866,21089900
2023-03-16,60.0900001526,60.3400001526,59.7000007629,60.2999992371,54.7875213623,15658300
2023-03-17,60.3100013733,60.3499984741,59.6399993896,60.0200004578,54.5331268311,27351200
2023-03-20,60.1599998474,60.5999984741,59.9700012207,60.5999984741,55.0600967407,12904100
2023-03-21,60.5699996948,60.7500000000,59.8800010681,60.3199996948,54.8057060242,13716500
2023-03-22,60.4000015259,60.8699989319,60.0299987793,60.0499992371,54.5603752136,10494200
2023-03-23,60.0900001526,60.3899993896,59.7200012207,59.9199981689,54.4422721863,15479000
2023-03-24,60.2500000000,61.0200004578,59.9099998474,60.9000015259,55.3326797485,12975600
2023-03-27,61.1399993896,61.4799995422,60.9500007629,61.3499984741,55.7415428162,12777400
2023-03-28,61.3899993896,61.7400016785,61.2700004578,61.4199981689,55.8051338196,10925700
2023-03-29,61.7200012207,61.9500007629,61.5900001526,61.8600006104,56.2049217224,9441000
2023-03-30,61.8800010681,62.0900001526,61.6599998474,61.8499984741,56.1958274841,9870700
2023-03-31,62.0600013733,62.2500000000,61.8699989319,62.0299987793,56.3593673706,14440900
2023-04-03,62.2999992371,62.5200004578,61.8600006104,62.4000015259,56.6955528259,12300700
2023-04-04,62.3899993896,62.7400016785,62.0800018311,62.2099990845,56.5229187012,11433400
2023-04-05,62.5299987793,63.0200004578,62.5000000000,62.7999992371,57.0589790344,12789600
2023-04-06,62.8600006104,63.0400009155,62.3800010681,62.8400001526,57.0953254700,9644200
2023-04-10,62.4900016785,62.6899986267,62.0200004578,62.6899986267,56.9590377808,7952600
2023-04-11,62.6500015259,62.7099990845,62.4000015259,62.5800018311,56.8591003418,9913000
2023-04-12,62.4799995422,63.0299987793,62.3100013733,62.6899986267,56.9590377808,9593700
2023-04-13,62.7599983215,63.1599998474,62.4799995422,63.1500015259,57.3769874573,9871400
2023-04-14,63.0499992371,63.1500015259,62.7799987793,63.0499992371,57.2861289978,8946000
2023-04-17,63.3199996948,63.5299987793,63.1399993896,63.4599990845,57.6586494446,9452400
2023-04-18,63.5099983215,63.5999984741,63.1899986267,63.5600013733,57.7495117188,9035700
2023-04-19,63.7299995422,63.8300018311,63.4300003052,63.6800003052,57.8585433960,9769500
2023-04-20,63.6300010681,64.0000000000,63.4399986267,63.9599990845,58.1129379272,10706400
2023-04-21,64.0000000000,64.2699966431,63.7999992371,64.0500030518,58.1947097778,12931100
2023-04-24,64.7500000000,64.9899978638,63.6199989319,63.9500007629,58.1038513184,15532300
2023-04-25,64.1699981689,64.1699981689,63.6300010681,63.8499984741,58.0129890442,12818900
2023-04-26,63.5600013733,63.7700004578,63.3899993896,63.5499992371,57.7404174805,13179600
2023-04-27,63.5299987793,63.7599983215,63.1100006104,63.6800003052,57.8585433960,13795800
2023-04-28,63.6100006104,64.1600036621,63.4799995422,64.1500015259,58.2855644226,13687600
2023-05-01,64.1500015259,64.6900024414,64.0599975586,64.3000030518,58.4218597412,9091500
2023-05-02,64.1399993896,64.1399993896,63.2700004578,64.0100021362,58.1583709717,10948400
2023-05-03,64.0199966431,64.1800003052,63.5800018311,63.6500015259,57.8312759399,11084600
2023-05-04,63.7400016785,63.9300003052,63.5099983215,63.7200012207,57.8948783875,11938300
2023-05-05,63.6399993896,64.2099990845,63.6300010681,64.0199966431,58.1674537659,9039000
2023-05-08,63.8100013733,64.0599975586,63.6100006104,63.9199981689,58.0765914917,7240700
2023-05-09,63.6399993896,63.7500000000,63.2799987793,63.3899993896,57.5950469971,9067700
2023-05-10,63.3199996948,63.6399993896,62.9900016785,63.5000000000,57.6949882507,10134000
2023-05-11,63.5800018311,63.9300003052,63.0099983215,63.8600006104,58.0220870972,9581500
2023-05-12,63.8600006104,64.1900024414,63.7000007629,64.1100006104,58.2492256165,8740800
2023-05-15,64.2200012207,64.2500000000,63.7099990845,63.9399986267,58.0947685242,8150000
2023-05-16,63.9000015259,63.9000015259,63.1599998474,63.2200012207,57.4405822754,9129600
2023-05-17,63.4000015259,63.4199981689,62.7299995422,63.1500015259,57.3769874573,11583000
2023-05-18,63.0099983215,63.0400009155,62.5699996948,62.7999992371,57.0589790344,13595100
2023-05-19,63.0400009155,63.0999984741,62.6100006104,62.8300018311,57.0862426758,14251400
2023-05-22,62.7900009155,62.8699989319,61.4399986267,61.5099983215,55.8869132996,15055400
2023-05-23,61.5099983215,61.6699981689,61.1699981689,61.4000015259,55.7869682312,13932700
2023-05-24,61.3800010681,61.4300003052,60.7200012207,60.8800010681,55.3144989014,11090100
2023-05-25,60.4700012207,60.7299995422,60.1500015259,60.4099998474,54.8874664307,14463600
2023-05-26,60.4500007629,60.6399993896,60.1100006104,60.2599983215,54.7511787415,12570300
2023-05-30,60.0900001526,60.2000007629,59.5200004578,59.7799987793,54.3150634766,15634200
2023-05-31,59.9199981689,60.2799987793,59.3699989319,59.6599998474,54.2060317993,59432200
2023-06-01,59.9399986267,60.1699981689,59.7700004578,60.0000000000,54.5149536133,13402700
2023-06-02,60.2700004578,61.3199996948,60.0800018311,61.1599998474,55.5689086914,15259800
2023-06-05,61.0000000000,61.4399986267,60.5499992371,60.7500000000,55.1963882446,12915600
2023-06-06,60.9500007629,60.9900016785,60.1199989319,60.3100013733,54.7966156006,10943500
2023-06-07,60.0099983215,60.3600006104,59.8199996948,60.2200012207,54.7148399353,16817900
2023-06-08,60.1300010681,60.4099998474,59.9799995422,60.3699989319,54.8511276245,15585900
2023-06-09,60.2700004578,60.6699981689,60.1699981689,60.4700012207,54.9419860840,12581500
2023-06-12,60.5900001526,60.6500015259,60.0200004578,60.2099990845,54.7057571411,14208900
2023-06-13,60.2099990845,60.6699981689,60.0400009155,60.4500007629,54.9238128662,13397800
2023-06-14,60.7299995422,61.0800018311,60.5999984741,60.8600006104,55.2963333130,14099700
2023-06-15,60.6100006104,61.2999992371,60.3400001526,61.2299995422,56.0561981201,15271400
2023-06-16,61.5999984741,62.1699981689,61.4799995422,61.6699981689,56.4590187073,26738000
2023-06-20,61.5900001526,61.9599990845,61.2400016785,61.2599983215,56.0836677551,13971800
2023-06-21,61.3100013733,61.7200012207,60.9799995422,61.4300003052,56.2393035889,13948700
2023-06-22,61.8100013733,62.0999984741,61.5900001526,61.8499984741,56.6238136292,15193400
2023-06-23,61.9399986267,61.9700012207,61.1800003052,61.2000007629,56.0287361145,25112100
2023-06-26,61.2099990845,61.2900009155,60.3899993896,61.2200012207,56.0470466614,12856100
2023-06-27,61.2200012207,61.3600006104,60.9799995422,61.0900001526,55.9280281067,9068500
2023-06-28,60.8800010681,61.0400009155,60.4000015259,60.5200004578,55.4061927795,11173200
2023-06-29,60.2200012207,60.3499984741,59.7700004578,60.0200004578,54.9484443665,17142300
2023-06-30,60.0000000000,60.3499984741,59.8699989319,60.2200012207,55.1315498352,19739200
2023-07-03,60.2000007629,60.6300010681,60.0299987793,60.5800018311,55.4611320496,9694500
2023-07-05,60.2799987793,61.0999984741,60.1599998474,61.0299987793,55.8730964661,14716600
2023-07-06,60.7299995422,61.0200004578,60.5000000000,60.5600013733,55.4428138733,12603900
2023-07-07,60.3100013733,60.5000000000,59.7299995422,59.7599983215,54.7104072571,14574000
2023-07-10,59.9700012207,60.1500015259,59.1399993896,59.3100013733,54.2984352112,15480600
2023-07-11,59.4599990845,59.5600013733,58.8400001526,59.5200004578,54.4906959534,15967700
2023-07-12,59.7500000000,60.0499992371,59.4500007629,59.8400001526,54.7836570740,14241300
2023-07-13,60.1199989319,60.4599990845,59.9799995422,60.3499984741,55.2505531311,11269800
2023-07-14,60.1399993896,61.0400009155,60.0900001526,60.9000015259,55.7540855408,11634200
2023-07-17,60.7599983215,61.0999984741,60.4900016785,60.8100013733,55.6716880798,10014300
2023-07-18,60.9599990845,61.2500000000,60.4099998474,60.5699996948,55.4519691467,11152900
2023-07-19,60.7700004578,61.7900009155,60.6800003052,61.6399993896,56.4315528870,12936000
2023-07-20,61.6800003052,62.4099998474,61.6699981689,62.3899993896,57.1181869507,11563000
2023-07-21,62.4599990845,62.6800003052,62.2400016785,62.4399986267,57.1639633179,12815100
2023-07-24,62.4199981689,62.8100013733,62.4000015259,62.4599990845,57.1822624207,10251100
2023-07-25,62.2999992371,62.3899993896,62.0499992371,62.2500000000,56.9900131226,13422700
2023-07-26,61.8600006104,63.1699981689,61.3899993896,63.0499992371,57.7224121094,17145500
2023-07-27,63.0499992371,63.2700004578,62.3800010681,62.4399986267,57.1639633179,11517100
2023-07-28,62.5900001526,62.7700004578,62.2200012207,62.4799995422,57.2005844116,9721800
2023-07-31,62.4500007629,62.4500007629,61.7299995422,61.9300003052,56.6970520020,15577900
2023-08-01,62.0900001526,62.3600006104,61.6199989319,61.7700004578,56.5505714417,9281600
2023-08-02,61.5600013733,62.5900001526,61.5600013733,61.9599990845,56.7245140076,11059400
2023-08-03,61.8699989319,62.1199989319,61.5299987793,61.6399993896,56.4315528870,8037400
2023-08-04,61.6800003052,61.8899993896,60.6199989319,60.7099990845,55.5801429749,9359300
2023-08-07,60.7900009155,61.3300018311,60.7400016785,61.1899986267,56.0195846558,6982600
2023-08-08,61.1899986267,61.3499984741,60.6199989319,60.9199981689,55.7723999023,7956100
2023-08-09,60.9099998474,61.6300010681,60.7500000000,61.0600013733,55.9005661011,7904100
2023-08-10,61.3499984741,61.7299995422,60.7900009155,60.9199981689,55.7723999023,7870300
2023-08-11,60.8400001526,61.2000007629,60.6899986267,61.1699981689,56.0012664795,8483900
2023-08-14,61.3199996948,61.4799995422,60.7500000000,60.8800010681,55.7357788086,7176300
2023-08-15,60.6899986267,60.9000015259,60.3699989319,60.4700012207,55.3604278564,7187400
2023-08-16,60.5400009155,60.8199996948,60.4000015259,60.4799995422,55.3695793152,8372300
2023-08-17,60.5800018311,61.0200004578,60.4500007629,60.6100006104,55.4885864258,12873500
2023-08-18,60.5400009155,61.0900001526,60.3699989319,60.9500007629,55.7998657227,11083800
2023-08-21,60.8600006104,60.9300003052,60.3199996948,60.4300003052,55.3238029480,8648500
2023-08-22,60.3400001526,60.5800018311,59.9799995422,60.0600013733,54.9850654602,9411500
2023-08-23,60.2000007629,60.4399986267,60.1599998474,60.2700004578,55.1773223877,7749500
2023-08-24,60.2700004578,60.8800010681,60.0900001526,60.1100006104,55.0308456421,8955100
2023-08-25,60.4099998474,60.5699996948,60.0099983215,60.3899993896,55.2871742249,7629200
2023-08-28,60.5499992371,60.7299995422,60.3699989319,60.5600013733,55.4428138733,6254300
2023-08-29,60.5600013733,60.6300010681,60.1500015259,60.5000000000,55.3878898621,8189600
2023-08-30,60.6399993896,60.7400016785,60.2900009155,60.4700012207,55.3604278564,9447900
2023-08-31,60.2999992371,60.4700012207,59.8100013733,59.8300018311,54.7745018005,14663500
2023-09-01,60.0000000000,60.1300010681,59.1199989319,59.3100013733,54.2984352112,11262300
2023-09-05,59.2500000000,59.3199996948,58.6699981689,58.8199996948,53.8498344421,12474600
2023-09-06,58.6199989319,58.8300018311,58.4199981689,58.7799987793,53.8132171631,13923500
2023-09-07,58.9500007629,59.1599998474,58.2999992371,58.3300018311,53.4012413025,17628600
2023-09-08,58.2999992371,58.4099998474,58.0099983215,58.3300018311,53.4012413025,14312300
2023-09-11,58.4000015259,58.9900016785,58.2299995422,58.8800010681,53.9047698975,14767400
2023-09-12,58.9900016785,59.0000000000,58.1899986267,58.2999992371,53.3737792969,12292700
2023-09-13,58.4000015259,58.6800003052,58.3400001526,58.4399986267,53.5019454956,12641400
2023-09-14,58.2400016785,58.5900001526,58.1899986267,58.4599990845,53.9448699951,12311600
2023-09-15,58.4099998474,58.6399993896,57.7500000000,57.9399986267,53.4650344849,55727500
2023-09-18,57.9799995422,58.3499984741,57.6300010681,58.2999992371,53.7972297668,13617400
2023-09-19,58.2599983215,58.3899993896,57.9199981689,58.1800003052,53.6865043640,11998900
2023-09-20,58.2999992371,58.8300018311,58.0800018311,58.4399986267,53.9264183044,14766600
2023-09-21,58.3699989319,58.4199981689,57.4199981689,57.5400009155,53.0959281921,15941800
2023-09-22,57.8499984741,57.9700012207,57.5000000000,57.5999984741,53.1512985229,14644100
2023-09-25,57.4000015259,57.4900016785,56.7400016785,57.0000000000,52.5976333618,12358800
2023-09-26,56.7299995422,56.9000015259,56.4000015259,56.5299987793,52.1639328003,11194700
2023-09-27,56.4199981689,56.5299987793,55.6800003052,55.9500007629,51.6287384033,13766300
2023-09-28,56.2299995422,56.3199996948,55.7000007629,55.8100013733,51.4995536804,12484800
2023-09-29,56.1399993896,56.2700004578,55.6199989319,55.9799995422,51.6564102173,12271600
2023-10-02,55.9099998474,56.0099983215,55.0800018311,55.4799995422,51.1950340271,11792500
2023-10-03,55.1599998474,55.4300003052,54.7799987793,54.8800010681,50.6413803101,13604200
2023-10-04,54.8899993896,55.2799987793,54.7099990845,55.0400009155,50.7890205383,12100500
2023-10-05,54.7400016785,54.9500007629,52.2400016785,52.3800010681,48.3344688416,29878100
2023-10-06,52.0400009155,53.2900009155,51.5499992371,53.1399993896,49.0357589722,30298900
2023-10-09,52.9599990845,53.1500015259,52.1100006104,52.8800010681,48.7958450317,15704700
2023-10-10,54.1300010681,54.3300018311,53.5600013733,54.0299987793,49.8570213318,20909700
2023-10-11,54.2200012207,54.2799987793,53.0200004578,53.7099990845,49.5617408752,21138900
2023-10-12,53.7599983215,53.8300018311,52.4300003052,52.8100013733,48.7312431335,19330400
2023-10-13,52.7400016785,53.4199981689,52.6399993896,52.8899993896,48.8050727844,14494600
2023-10-16,53.0200004578,53.5600013733,52.8400001526,53.4300003052,49.3033676147,12816800
2023-10-17,53.3100013733,54.0999984741,53.2099990845,54.0699996948,49.8939361572,16457200
2023-10-18,54.0999984741,54.5299987793,53.9199981689,54.0499992371,49.8754730225,12809500
2023-10-19,54.1599998474,54.7599983215,53.8600006104,54.3499984741,50.1523094177,16202200
2023-10-20,54.5299987793,55.0200004578,54.4399986267,54.5699996948,50.3553199768,15686400
2023-10-23,54.3800010681,54.8899993896,54.0499992371,54.0800018311,49.9031639099,21212700
2023-10-24,55.6500015259,56.1699981689,55.2999992371,55.6399993896,51.3426742554,25290800
2023-10-25,55.7599983215,56.2200012207,55.5600013733,56.1199989319,51.7856063843,16701000
2023-10-26,56.3699989319,56.6300010681,55.7200012207,55.7799987793,51.4718627930,16228400
2023-10-27,55.5499992371,56.1399993896,55.0999984741,55.2400016785,50.9735755920,13626500
2023-10-30,55.4300003052,56.2799987793,55.4199981689,56.1500015259,51.8132896423,15014300
2023-10-31,56.5699996948,56.7200012207,56.1500015259,56.4900016785,52.1270332336,16639400
2023-11-01,56.7999992371,56.8800010681,56.2599983215,56.4399986267,52.0808944702,14110800
2023-11-02,56.5000000000,57.1500015259,56.3600006104,57.0900001526,52.6806869507,13087200
2023-11-03,57.4000015259,57.5900001526,56.7000007629,56.7400016785,52.3577194214,13958700
2023-11-06,56.7799987793,57.2799987793,56.7400016785,56.9700012207,52.5699539185,12673200
2023-11-07,56.9199981689,57.4000015259,56.7299995422,57.1800003052,52.7637405396,10449300
2023-11-08,57.3199996948,57.4700012207,56.9199981689,57.0900001526,52.6806869507,13744000
2023-11-09,57.0299987793,57.1399993896,56.3699989319,56.6599998474,52.2838935852,12021100
2023-11-10,56.8699989319,56.9300003052,56.0600013733,56.7200012207,52.3392677307,11678900
2023-11-13,56.6199989319,57.0999984741,56.5999984741,56.9300003052,52.5330467224,12798200
2023-11-14,57.0200004578,57.2400016785,56.8100013733,57.0999984741,52.6899147034,12697100
2023-11-15,57.2999992371,57.3400001526,56.7500000000,57.2099990845,52.7914199829,10201900
2023-11-16,57.2500000000,57.5299987793,56.8100013733,57.1500015259,52.7360572815,16010400
2023-11-17,57.1899986267,57.3400001526,56.7000007629,57.2599983215,52.8375511169,14475800
2023-11-20,57.0499992371,57.5800018311,56.9599990845,57.4000015259,52.9667510986,13051000
2023-11-21,57.4599990845,58.0400009155,57.3300018311,58.0299987793,53.5480880737,13891600
2023-11-22,58.2599983215,58.5400009155,58.1300010681,58.4199981689,53.9079666138,11320600
2023-11-24,58.4599990845,58.7500000000,58.3400001526,58.5699996948,54.0463829041,4816000
2023-11-27,58.5400009155,58.6899986267,58.2700004578,58.4599990845,53.9448699951,16246500
2023-11-28,58.4000015259,58.8300018311,58.3600006104,58.5800018311,54.0556068420,13739600
2023-11-29,58.5800018311,58.6699981689,58.0999984741,58.2299995422,53.7326354980,11263600
2023-11-30,57.9599990845,58.4599990845,57.5999984741,58.4399986267,54.3558158875,22727500
2023-12-01,58.2700004578,58.6899986267,58.2400016785,58.6399993896,54.5418357849,15371200
2023-12-04,58.5900001526,58.9599990845,58.4399986267,58.5699996948,54.4767303467,14942200
2023-12-05,58.5499992371,58.8300018311,58.4199981689,58.6599998474,54.5604438782,11891500
2023-12-06,58.5600013733,58.7299995422,58.2099990845,58.5999984741,54.5046348572,14868500
2023-12-07,58.6699981689,58.8899993896,58.3899993896,58.7400016785,54.6348495483,11587900
2023-12-08,58.7400016785,58.7500000000,58.3699989319,58.6100006104,54.5139427185,11178700
2023-12-11,58.8300018311,59.0900001526,58.5000000000,59.0400009155,54.9138870239,14524800
2023-12-12,59.2000007629,59.4199981689,58.9000015259,59.4199981689,55.2673263550,12899000
2023-12-13,59.4500007629,60.0200004578,59.2599983215,59.9300003052,55.7416839600,16196800
2023-12-14,59.9700012207,60.0400009155,58.7700004578,59.0400009155,54.9138870239,22478300
2023-12-15,58.8300018311,59.1699981689,57.7999992371,58.5999984741,54.5046348572,65177400
2023-12-18,58.7999992371,59.4900016785,58.6199989319,59.0200004578,54.8952789307,16717700
2023-12-19,59.0000000000,59.2000007629,58.6399993896,58.8300018311,54.7185668945,14612200
2023-12-20,58.5000000000,58.6699981689,57.5699996948,57.6100006104,53.5838241577,17701000
2023-12-21,57.8499984741,58.0699996948,57.4700012207,57.9900016785,53.9372673035,11725100
2023-12-22,58.1199989319,58.4599990845,58.0200004578,58.3199996948,54.2442016602,9029400
2023-12-26,58.0600013733,58.7099990845,58.0600013733,58.5600013733,54.4674339294,6422500
2023-12-27,58.6399993896,58.7700004578,58.4000015259,58.7099990845,54.6069488525,8560100
2023-12-28,58.6500015259,58.8699989319,58.5299987793,58.7500000000,54.6441574097,8400100
2023-12-29,58.7400016785,58.9799995422,58.6300010681,58.9300003052,54.8115730286,9244300
2024-01-02,58.7999992371,59.8800010681,58.6699981689,59.8199996948,55.6393737793,16322600
2024-01-03,59.9300003052,60.2000007629,59.7599983215,59.9599990845,55.7695884705,14830600
2024-01-04,60.0499992371,60.2599983215,59.6599998474,59.7599983215,55.5835571289,12912900
2024-01-05,59.7999992371,59.9500007629,59.0900001526,59.6699981689,55.4998550415,10412800
2024-01-08,59.6800003052,60.1800003052,59.4199981689,60.1100006104,55.9091072083,11554600
2024-01-09,59.9900016785,60.1399993896,59.6199989319,60.0000000000,55.8067893982,10493700
2024-01-10,60.2200012207,60.4099998474,59.9799995422,60.2000007629,55.9928169250,12258000
2024-01-11,60.2500000000,60.2599983215,59.6899986267,59.8100013733,55.6300773621,13754200
2024-01-12,60.0800018311,60.4599990845,59.8699989319,60.3899993896,56.1695404053,13218000
2024-01-16,60.3899993896,60.4300003052,59.8499984741,59.9900016785,55.7974929810,11826900
2024-01-17,59.8600006104,60.2099990845,59.8199996948,59.9900016785,55.7974929810,8982100
2024-01-18,59.6899986267,60.2299995422,59.5299987793,60.1599998474,55.9556121826,10397700
2024-01-19,60.2599983215,60.2799987793,59.6399993896,59.8300018311,55.6486740112,14392600
2024-01-22,59.7599983215,60.0699996948,59.4399986267,59.5699996948,55.4068412781,14314300
2024-01-23,59.5299987793,60.0000000000,59.4599990845,59.8499984741,55.6672744751,14481600
2024-01-24,59.7999992371,59.8100013733,58.8899993896,58.9099998474,54.7929649353,16370500
2024-01-25,59.0099983215,59.1699981689,58.6599998474,59.1599998474,55.0255012512,14899700
2024-01-26,59.2500000000,59.4900016785,59.1300010681,59.3699989319,55.2208251953,13025100
2024-01-29,59.3400001526,59.7900009155,59.1699981689,59.7299995422,55.5556640625,14547100
2024-01-30,59.8499984741,60.0200004578,59.4500007629,59.9000015259,55.7137832642,22061500
2024-01-31,60.0999984741,60.4500007629,59.2900009155,59.4900016785,55.3324356079,22837000
2024-02-01,59.5699996948,61.0099983215,59.3600006104,60.9799995422,56.7183036804,15870900
2024-02-02,60.8199996948,60.8699989319,60.2299995422,60.5400009155,56.3090515137,17544900
2024-02-05,60.3800010681,60.3800010681,59.8800010681,60.0400009155,55.8439979553,12759600
2024-02-06,59.9599990845,60.0499992371,59.6800003052,59.9399986267,55.7509841919,12775200
2024-02-07,60.0699996948,60.2099990845,59.9399986267,59.9900016785,55.7974929810,10259900
2024-02-08,59.8899993896,59.9700012207,59.4099998474,59.8300018311,55.6486740112,12874800
2024-02-09,59.4700012207,59.5800018311,59.0299987793,59.5600013733,55.3975448608,15235300
2024-02-12,59.6599998474,59.7599983215,58.9599990845,59.7000007629,55.5277633667,13516800
2024-02-13,59.5000000000,60.6599998474,58.7900009155,59.3499984741,55.2022247314,24195700
2024-02-14,59.1699981689,59.5900001526,59.0400009155,59.2900009155,55.1464195251,15872500
2024-02-15,59.4199981689,59.5900001526,59.1300010681,59.4000015259,55.2487258911,13695800
2024-02-16,59.3499984741,59.6199989319,58.9599990845,59.3899993896,55.2394218445,13947100
2024-02-20,59.5999984741,60.8400001526,59.5099983215,60.7000007629,56.4578666687,18339300
2024-02-21,60.9900016785,61.2799987793,60.8300018311,61.2400016785,56.9601402283,14373000
2024-02-22,60.9900016785,61.2500000000,60.5000000000,61.1500015259,56.8764305115,12982800
2024-02-23,61.0900001526,61.6199989319,61.0000000000,61.2000007629,56.9229278564,13612900
2024-02-26,61.2400016785,61.2700004578,60.6599998474,60.7099990845,56.4671745300,10336100
2024-02-27,60.5400009155,60.7799987793,60.1199989319,60.3400001526,56.1230278015,9931100
2024-02-28,60.3699989319,60.4900016785,60.0600013733,60.4000015259,56.1788368225,8076500
2024-02-29,60.3499984741,60.6399993896,59.9000015259,60.0200004578,55.8253974915,18152700
2024-03-01,59.9000015259,59.9000015259,59.3400001526,59.5299987793,55.3696441650,10927600
2024-03-04,59.2299995422,59.9500007629,59.2200012207,59.8100013733,55.6300773621,10150200
2024-03-05,59.9099998474,60.1100006104,59.4199981689,59.5200004578,55.3603401184,12310000
2024-03-06,59.5200004578,60.0000000000,59.3800010681,59.5499992371,55.3882408142,12378800
2024-03-07,59.6899986267,59.7700004578,59.2400016785,59.4399986267,55.2859306335,13686900
2024-03-08,59.2999992371,59.7900009155,58.9700012207,59.5200004578,55.3603401184,13239000
2024-03-11,59.7799987793,60.2900009155,59.5800018311,60.2400016785,56.0300216675,14114300
2024-03-12,60.3199996948,60.7500000000,60.2099990845,60.5000000000,56.2718505859,12684600
2024-03-13,60.8800010681,61.2099990845,60.7999992371,61.1199989319,56.8485183716,13909500
2024-03-14,60.5800018311,60.7999992371,60.4000015259,60.5000000000,56.7219505310,13996600
2024-03-15,60.0200004578,60.4500007629,59.6399993896,59.8800010681,56.1406669617,36849900
2024-03-18,59.8899993896,60.4000015259,59.7999992371,60.1300010681,56.3750648499,15856700
2024-03-19,60.2400016785,60.3499984741,60.0600013733,60.2299995422,56.4688148499,15030600
2024-03-20,60.1800003052,60.8100013733,60.1599998474,60.7500000000,56.9563369751,15258800
2024-03-21,60.5600013733,60.9900016785,60.3199996948,60.4700012207,56.6938247681,13067100
2024-03-22,60.5200004578,60.7900009155,60.4300003052,60.4900016785,56.7125740051,11502800
2024-03-25,60.4799995422,60.7099990845,60.1199989319,60.4000015259,56.6281967163,13144700
2024-03-26,60.5000000000,60.7099990845,60.3800010681,60.5400009155,56.7594528198,13277400
2024-03-27,60.7900009155,61.4300003052,60.7000007629,61.0299987793,57.2188529968,12551200
2024-03-28,61.1399993896,61.2599983215,61.0000000000,61.1800003052,57.3594894409,13683500
2024-04-01,61.1800003052,61.2999992371,60.6300010681,60.6800003052,56.8907089233,11668700
2024-04-02,60.4500007629,60.7299995422,60.1100006104,60.1500015259,56.3938102722,13017300
2024-04-03,60.0499992371,60.3899993896,59.7799987793,59.8300018311,56.0937919617,13672900
2024-04-04,60.0900001526,60.1500015259,59.1699981689,59.2999992371,55.5968894958,14320700
2024-04-05,59.2500000000,59.6800003052,58.9099998474,59.5099983215,55.7937736511,10157800
2024-04-08,59.4000015259,59.4700012207,59.0699996948,59.2700004578,55.5687561035,10284500
2024-04-09,59.4799995422,59.7400016785,59.1300010681,59.7200012207,55.9906578064,10779100
2024-04-10,59.3199996948,59.3899993896,58.6899986267,58.9199981689,55.2406120300,11861900
2024-04-11,59.1500015259,59.3699989319,58.7900009155,59.0499992371,55.3625030518,11109000
2024-04-12,58.9500007629,59.0099983215,58.1300010681,58.2799987793,54.6405754089,12250900
2024-04-15,58.6100006104,58.8100013733,58.0400009155,58.1399993896,54.5093231201,12425000
2024-04-16,58.2500000000,58.3800010681,57.9300003052,58.0600013733,54.4343299866,11236800
2024-04-17,58.2799987793,58.5600013733,58.0999984741,58.5099983215,54.8562202454,13805100
2024-04-18,58.6199989319,58.9799995422,58.5400009155,58.9099998474,55.2312355042,11125900
2024-04-19,59.0999984741,60.3600006104,59.0000000000,60.1699981689,56.4125595093,21207900
2024-04-22,60.1399993896,60.6300010681,59.7200012207,60.5499992371,56.7688293457,15624500
2024-04-23,60.5299987793,60.6800003052,60.1300010681,60.6399993896,56.8532104492,13689100
2024-04-24,60.3199996948,61.6500015259,59.8400001526,61.5499992371,57.7063827515,19548300
2024-04-25,61.8699989319,62.5900001526,61.3699989319,61.7400016785,57.8845138550,19048500
2024-04-26,61.5499992371,61.9300003052,61.3499984741,61.7400016785,57.8845138550,10994300
2024-04-29,61.9199981689,62.0499992371,61.5299987793,62.0400009155,58.1657829285,13409300
2024-04-30,62.1399993896,62.8300018311,61.4700012207,61.7700004578,57.9126434326,19349200
2024-05-01,61.7999992371,62.5699996948,61.2099990845,61.9300003052,58.0626525879,16729800
2024-05-02,62.1800003052,62.4000015259,61.7200012207,61.9900016785,58.1189041138,10991300
2024-05-03,61.9900016785,62.3300018311,61.6399993896,62.1699981689,58.2876663208,11628700
2024-05-06,62.2999992371,62.3800010681,61.9000015259,62.3499984741,58.4564208984,9310700
2024-05-07,62.7599983215,62.8199996948,62.2500000000,62.6199989319,58.7095603943,9807000
2024-05-08,62.8499984741,62.9700012207,62.4799995422,62.8499984741,58.9252014160,10484400
2024-05-09,62.8100013733,63.1500015259,62.7500000000,62.8800010681,58.9533348083,9113700
2024-05-10,62.9199981689,63.3600006104,62.7900009155,63.2599983215,59.3095970154,8371700
2024-05-13,63.2400016785,63.6199989319,63.1800003052,63.5800018311,59.6096191406,10137600
2024-05-14,63.5800018311,63.7599983215,62.7999992371,63.0999984741,59.1595916748,10852200
2024-05-15,63.0600013733,63.3899993896,63.0000000000,63.1300010681,59.1877174377,9838900
2024-05-16,63.2400016785,63.7299995422,63.0699996948,63.3199996948,59.3658485413,10228000
2024-05-17,63.3400001526,63.3699989319,62.9399986267,63.0299987793,59.0939559937,11539000
2024-05-20,62.9300003052,63.0099983215,62.4599990845,62.5699996948,58.6626853943,11000900
2024-05-21,62.8199996948,62.9799995422,62.4399986267,62.9099998474,58.9814529419,9796200
2024-05-22,62.7099990845,63.0200004578,62.6599998474,63.0000000000,59.0658302307,7419400
2024-05-23,62.4900016785,62.8800010681,62.0499992371,62.0900001526,58.2126655579,9834300
2024-05-24,62.2200012207,62.4199981689,61.9700012207,62.0000000000,58.1282844543,8203100
2024-05-28,61.7900009155,62.1300010681,61.4000015259,61.8199996948,57.9595184326,12347000
2024-05-29,61.4700012207,61.8800010681,61.0699996948,61.7000007629,57.8470191956,11861800
2024-05-30,61.8499984741,62.0800018311,61.5999984741,61.9700012207,58.1001510620,9433800
2024-05-31,61.9900016785,63.0299987793,61.6899986267,62.9300003052,59.0002098083,19816600
2024-06-03,62.7099990845,63.0900001526,62.4500007629,62.9300003052,59.0002098083,9369000
2024-06-04,63.2000007629,63.9700012207,62.9399986267,63.9399986267,59.9471321106,11895600
2024-06-05,63.9900016785,64.0699996948,63.3499984741,63.9199981689,59.9283866882,9632500
2024-06-06,63.9199981689,64.3600006104,63.8400001526,64.1500015259,60.1440200806,8658500
2024-06-07,64.0899963379,64.2200012207,63.8100013733,63.9099998474,59.9190101624,9523100
2024-06-10,63.9399986267,63.9900016785,63.3699989319,63.5900001526,59.6189880371,15685300
2024-06-11,63.5900001526,63.6500015259,63.0699996948,63.5499992371,59.5814857483,8396000
2024-06-12,63.6899986267,63.6899986267,62.6899986267,62.8800010681,58.9533348083,9569600
2024-06-13,62.8600006104,63.0400009155,62.4500007629,62.9900016785,59.0564651489,9668900
2024-06-14,62.3800010681,62.6899986267,62.0900001526,62.5499992371,59.0989761353,8179200
2024-06-17,62.3699989319,62.9000015259,62.1800003052,62.6199989319,59.1651077271,10532700
2024-06-18,62.5299987793,62.8199996948,62.4399986267,62.6300010681,59.1745643616,10651700
2024-06-20,62.4000015259,62.7400016785,61.9500007629,62.1800003052,58.7493858337,13306300
2024-06-21,62.1800003052,63.0999984741,62.1800003052,62.7700004578,59.3068389893,28278100
2024-06-24,62.9900016785,64.0599975586,62.9099998474,63.9700012207,60.4406318665,13212500
2024-06-25,63.9399986267,64.0699996948,63.5099983215,63.8400001526,60.3177986145,10235300
2024-06-26,63.4000015259,64.1100006104,63.2299995422,64.0500030518,60.5162162781,9402500
2024-06-27,64.0500030518,64.2699966431,63.6199989319,63.9099998474,60.3839454651,8494100
2024-06-28,63.9000015259,64.0599975586,63.5200004578,63.6500015259,60.1382827759,17358800
2024-07-01,64.0299987793,64.3000030518,63.1199989319,63.2799987793,59.7886962891,10033400
2024-07-02,63.2599983215,63.3800010681,62.8600006104,63.1500015259,59.6658744812,8878200
2024-07-03,63.1899986267,63.6699981689,62.9300003052,63.3300018311,59.8359375000,9154200
2024-07-05,63.3300018311,63.7900009155,63.0000000000,63.7599983215,60.2422142029,11735500
2024-07-08,63.5900001526,63.5900001526,62.8400001526,62.9599990845,59.4863548279,11235100
2024-07-09,63.0600013733,63.2299995422,62.5900001526,62.6899986267,59.2312507629,11657500
2024-07-10,62.7200012207,62.8600006104,62.2900009155,62.8300018311,59.3635330200,11930400
2024-07-11,62.6399993896,63.4599990845,62.4000015259,63.0999984741,59.6186294556,11431600
2024-07-12,63.4599990845,64.1100006104,63.3899993896,63.7000007629,60.1855239868,9201500
2024-07-15,63.7900009155,63.9399986267,63.3499984741,63.4099998474,59.9115295410,8207500
2024-07-16,63.4300003052,64.3099975586,63.3899993896,64.2699966431,60.7240791321,9025100
2024-07-17,64.4700012207,65.3899993896,64.4100036621,65.2099990845,61.6122131348,12508200
2024-07-18,64.8000030518,65.8099975586,64.7200012207,65.1900024414,61.5933227539,11128200
2024-07-19,65.6399993896,65.6399993896,64.8199996948,65.2900009155,61.6877937317,13775700
2024-07-22,65.2500000000,65.2900009155,64.3199996948,64.7699966431,61.1964874268,11794200
2024-07-23,65.4300003052,66.0400009155,64.8499984741,64.9599990845,61.3760070801,11810300
2024-07-24,65.0899963379,65.9700012207,64.8300018311,65.8099975586,62.1791152954,13244600
2024-07-25,66.0400009155,66.8899993896,65.8600006104,66.0699996948,62.4247665405,16328600
2024-07-26,66.0699996948,67.1100006104,66.0100021362,67.0500030518,63.3506965637,13530100
2024-07-29,66.8799972534,67.0299987793,66.3899993896,66.8300018311,63.1428337097,12140200
2024-07-30,66.4800033569,67.8300018311,66.3600006104,67.6800003052,63.9459495544,13258000
2024-07-31,67.5000000000,67.6100006104,66.6100006104,66.7399978638,63.0577964783,15576800
2024-08-01,67.0000000000,68.1100006104,66.6999969482,67.9599990845,64.2104949951,16495900
2024-08-02,68.5299987793,69.6699981689,67.6900024414,69.3300018311,65.5049057007,22514800
2024-08-05,68.9899978638,69.5500030518,67.7300033569,68.0999984741,64.3427658081,25484300
2024-08-06,68.1500015259,68.8399963379,67.7699966431,68.0500030518,64.2955322266,12969100
2024-08-07,68.0500030518,69.1800003052,67.8300018311,68.4599990845,64.6829071045,13365300
2024-08-08,68.0000000000,68.8600006104,67.8499984741,68.7300033569,64.9380187988,15240900
2024-08-09,68.6999969482,68.7900009155,68.2500000000,68.6800003052,64.8907623291,12080400
2024-08-12,68.4499969482,68.5400009155,67.8300018311,68.1699981689,64.4089050293,11012300
2024-08-13,68.0800018311,68.6100006104,68.0100021362,68.4599990845,64.6829071045,9877600
2024-08-14,68.2300033569,68.8899993896,68.1299972534,68.5800018311,64.7962875366,14328000
2024-08-15,68.6200027466,68.9199981689,68.5000000000,68.6500015259,64.8624191284,11285100
2024-08-16,68.8399963379,69.3000030518,68.6399993896,69.1800003052,65.3631896973,12651200
2024-08-19,69.3499984741,69.4199981689,68.8499984741,68.9800033569,65.1742172241,9843900
2024-08-20,68.9899978638,69.3899993896,68.7699966431,69.3799972534,65.5521392822,11957400
2024-08-21,69.4800033569,70.1299972534,69.3300018311,69.5699996948,65.7316665649,8792400
2024-08-22,69.9199981689,69.9199981689,68.7900009155,69.3300018311,65.5049057007,12509200
2024-08-23,69.4000015259,69.8499984741,68.9400024414,69.7900009155,65.9395294189,11834700
2024-08-26,69.8300018311,70.9199981689,69.7300033569,70.8399963379,66.9315795898,12912200
2024-08-27,71.3199996948,71.5299987793,71.0500030518,71.5000000000,67.5551757812,16988400
2024-08-28,71.6100006104,71.8099975586,71.3000030518,71.7500000000,67.7913894653,13272600
2024-08-29,71.9000015259,72.2200012207,71.2300033569,72.0500030518,68.0748367310,17201700
2024-08-30,72.1999969482,72.5699996948,71.7799987793,72.4700012207,68.4716644287,18624200
2024-09-03,72.4400024414,73.2900009155,72.2500000000,73.0100021362,68.9818649292,14755800
2024-09-04,73.3000030518,73.5299987793,71.9100036621,72.5599975586,68.5566940308,18140800
2024-09-05,72.6200027466,72.6800003052,70.9800033569,71.1699981689,67.2433853149,23866100
2024-09-06,70.9899978638,71.6699981689,70.8899993896,71.1399993896,67.2150497437,17485700
2024-09-09,71.2300033569,72.3099975586,70.9800033569,71.8499984741,67.8858718872,12939300
2024-09-10,71.9700012207,72.4199981689,71.5199966431,71.5500030518,67.6024169922,10277600
2024-09-11,71.3600006104,71.3700027466,70.5699996948,71.0800018311,67.1583633423,11418200
2024-09-12,71.0000000000,71.3799972534,70.6600036621,71.2300033569,67.3000869751,12337800
2024-09-13,70.8399963379,71.4700012207,70.4800033569,71.4100036621,67.9327011108,11073800
2024-09-16,71.7699966431,72.2399978638,71.6200027466,72.0999984741,68.5891036987,10786500
2024-09-17,71.9000015259,72.3499984741,71.7200012207,71.8000030518,68.3037033081,12974400
2024-09-18,71.8899993896,72.3799972534,71.2699966431,71.7500000000,68.2561416626,10719700
2024-09-19,71.5599975586,71.9400024414,70.5999984741,70.6200027466,67.1811599731,13635600
2024-09-20,70.4100036621,71.8000030518,70.3799972534,71.6399993896,68.1514968872,48578500
2024-09-23,71.5500030518,72.1999969482,71.1800003052,71.7300033569,68.2371139526,11613000
2024-09-24,71.2200012207,71.8199996948,70.5999984741,71.3300018311,67.8565902710,13330600
2024-09-25,71.7099990845,71.9199981689,71.3099975586,71.4499969482,67.9707412720,12329100
2024-09-26,70.8600006104,71.6100006104,70.8399963379,71.4000015259,67.9231872559,10815200
2024-09-27,71.5400009155,72.1999969482,71.4599990845,71.7900009155,68.2941894531,11175700
2024-09-30,72.0000000000,72.1999969482,71.6900024414,71.8600006104,68.3607864380,18015300
2024-10-01,72.0999984741,72.7500000000,71.6299972534,71.7099990845,68.2180862427,13294500
2024-10-02,71.3899993896,71.4300003052,70.4100036621,71.0100021362,67.5521774292,11155500
2024-10-03,70.8600006104,70.9899978638,70.1999969482,70.5199966431,67.0860290527,9374800
2024-10-04,69.9599990845,70.2799987793,69.7200012207,70.1699981689,66.7530746460,12684800
2024-10-07,70.0500030518,70.0999984741,68.8700027466,69.0100021362,65.6495742798,14512000
2024-10-08,69.0400009155,69.4400024414,68.8600006104,69.1800003052,65.8112869263,13549700
2024-10-09,69.1900024414,69.7399978638,69.0699996948,69.5699996948,66.1822891235,9037700
2024-10-10,69.8300018311,69.9100036621,68.9899978638,69.2500000000,65.8778839111,8635200
2024-10-11,69.4599990845,69.5899963379,69.0000000000,69.5699996948,66.1822891235,8786300
2024-10-14,69.5699996948,70.4700012207,69.4700012207,70.3399963379,66.9147872925,7659300
2024-10-15,70.4599990845,71.2099990845,70.1600036621,70.3399963379,66.9147872925,10358700
2024-10-16,70.0899963379,70.6999969482,69.9700012207,70.5699996948,67.1336059570,7937300
2024-10-17,70.6299972534,70.6900024414,69.5800018311,69.9000015259,66.4962310791,14674600
2024-10-18,69.8700027466,70.5500030518,69.6100006104,70.4400024414,67.0099258423,15087500
2024-10-21,70.0000000000,70.3300018311,69.3099975586,69.4499969482,66.0681457520,11981200
2024-10-22,69.0000000000,69.7500000000,68.6800003052,69.4499969482,66.0681457520,18603300
2024-10-23,66.9899978638,68.6999969482,66.5800018311,68.0100021362,64.6982574463,24655200
2024-10-24,67.6500015259,68.0400009155,66.9499969482,67.3000030518,64.0228347778,17568800
2024-10-25,67.0699996948,67.6999969482,66.7900009155,66.9199981689,63.6613273621,11138100
2024-10-28,66.9599990845,67.4000015259,66.5999984741,66.6699981689,63.4235115051,10761400
2024-10-29,66.2900009155,66.3399963379,65.5199966431,65.5599975586,62.3675613403,16525900
2024-10-30,65.5100021362,66.5400009155,65.3199996948,65.9199981689,62.7100257874,14177800
2024-10-31,65.8099975586,65.9899978638,65.2600021362,65.3099975586,62.1297302246,13383700
2024-11-01,65.4700012207,65.6600036621,64.8899993896,65.0100021362,61.8443527222,12163100
2024-11-04,65.0800018311,65.4199981689,64.6500015259,65.1100006104,61.9394760132,10984500
2024-11-05,64.6399993896,65.4700012207,64.6399993896,65.3700027466,62.1868133545,8780200
2024-11-06,64.4199981689,64.8600006104,63.1800003052,63.7000007629,60.5981330872,22899300
2024-11-07,64.2900009155,64.3899993896,63.5999984741,63.6599998474,60.5600852966,14856100
2024-11-08,63.9099998474,64.2399978638,63.7400016785,63.9199981689,60.8074226379,14719300
2024-11-11,63.9900016785,64.1200027466,63.2500000000,63.3600006104,60.2746925354,13980900
2024-11-12,63.6800003052,63.7500000000,63.1199989319,63.2000007629,60.1224861145,15021000
2024-11-13,63.0499992371,63.2599983215,62.4900016785,63.0000000000,59.9322204590,13177600
2024-11-14,63.1100006104,63.1100006104,62.4300003052,62.5499992371,59.5041275024,15910800
2024-11-15,62.4900016785,62.6300010681,61.3899993896,61.7400016785,58.7335739136,26284300
2024-11-18,61.8499984741,62.1399993896,61.5600013733,61.8600006104,58.8477401733,16062100
2024-11-19,61.9000015259,62.6199989319,61.6300010681,62.5900001526,59.5421867371,16254800
2024-11-20,62.7000007629,63.0099983215,62.0200004578,62.9900016785,59.9227142334,18904900
2024-11-21,63.1500015259,63.8100013733,62.9500007629,63.7599983215,60.6552124023,17292300
2024-11-22,64.2399978638,64.4800033569,63.6500015259,63.9199981689,60.8074226379,19562200
2024-11-25,64.3199996948,64.7099990845,63.8400001526,64.3799972534,61.2450180054,36805300
2024-11-26,64.3099975586,64.6399993896,64.0599975586,64.5500030518,61.4067420959,14473300
2024-11-27,64.9599990845,65.0999984741,64.2500000000,64.4300003052,61.2925872803,13263400
2024-11-29,64.0199966431,64.2500000000,63.7700004578,64.0800018311,61.4219894409,10648400
2024-12-02,64.0500030518,64.1900024414,63.3499984741,63.6500015259,61.0098228455,16500100
2024-12-03,63.7200012207,64.0800018311,63.0299987793,63.5200004578,60.8852157593,24874500
2024-12-04,63.2799987793,63.3499984741,61.9000015259,62.2099990845,59.6295509338,28137700
2024-12-05,62.4700012207,63.1199989319,62.0999984741,62.9199981689,60.3101005554,21040400
2024-12-06,62.8300018311,63.3600006104,62.5099983215,62.5299987793,59.9362831116,15581100
2024-12-09,62.6899986267,62.9300003052,61.9000015259,62.5999984741,60.0033721924,22348300
2024-12-10,62.7000007629,63.0400009155,61.7900009155,62.9099998474,60.3005142212,14949400
2024-12-11,63.0000000000,63.6300010681,62.4000015259,62.6399993896,60.0417175293,32819000
2024-12-12,63.5499992371,63.9199981689,63.2200012207,63.8400001526,61.1919441223,17542100
2024-12-13,63.5699996948,63.8400001526,63.1100006104,63.1199989319,60.5018043518,13429000
2024-12-16,63.2299995422,63.8600006104,62.3499984741,62.5499992371,59.9554481506,24559700
2024-12-17,62.4500007629,63.5499992371,62.3199996948,63.4000015259,60.7701950073,21902400
2024-12-18,62.8100013733,63.6399993896,62.7900009155,62.8499984741,60.2430038452,20946100
2024-12-19,62.7000007629,63.1699981689,62.4000015259,62.4500007629,59.8596000671,21300600
2024-12-20,62.4700012207,63.0600013733,62.2799987793,62.5499992371,59.9554481506,42458100
2024-12-23,62.5000000000,62.7599983215,61.5299987793,62.3800010681,59.7925033569,13010800
2024-12-24,62.2000007629,62.8400001526,62.0099983215,62.8400001526,60.2334251404,5019100
2024-12-26,62.6199989319,62.7400016785,62.4000015259,62.5699996948,59.9746208191,7943800
2024-12-27,62.4500007629,62.9500007629,62.2099990845,62.4500007629,59.8596000671,8542800
2024-12-30,62.3400001526,62.3400001526,61.6800003052,62.0299987793,59.4570159912,8972200
2024-12-31,62.0200004578,62.4300003052,61.7999992371,62.2599983215,59.6774749756,9256700
2025-01-02,62.3499984741,62.7500000000,61.6199989319,61.8400001526,59.2749023438,12991000
2025-01-03,61.9000015259,62.0800018311,61.6199989319,61.7500000000,59.1886367798,10403200
2025-01-06,61.5000000000,61.5699996948,60.6599998474,60.8100013733,58.2876281738,17924200
2025-01-07,61.1100006104,61.7200012207,60.6199989319,60.8400001526,58.3163795471,17799600
2025-01-08,60.9900016785,61.7700004578,60.9300003052,61.7099990845,59.1502952576,14412400
2025-01-10,61.5800018311,61.6500015259,60.7299995422,61.0699996948,58.5368347168,22425000
2025-01-13,61.1300010681,61.8499984741,60.7099990845,61.6500015259,59.0927848816,18016200
2025-01-14,61.6599998474,62.0699996948,61.2999992371,62.0400009155,59.4666023254,16658300
2025-01-15,62.3300018311,62.6199989319,61.6800003052,61.7700004578,59.2078056335,16187200
2025-01-16,61.4199981689,62.2999992371,61.3199996948,62.2500000000,59.6678962708,12585500
2025-01-17,62.3100013733,62.7700004578,62.1699981689,62.7099990845,60.1088104248,17948900
2025-01-21,62.9000015259,63.2299995422,62.2999992371,62.4199981689,59.8308410645,19817100
2025-01-22,62.1199989319,62.2900009155,61.6599998474,61.7799987793,59.2173881531,18191900
2025-01-23,61.7999992371,61.9799995422,61.3699989319,61.5299987793,58.9777565002,16528400
2025-01-24,61.7200012207,62.0099983215,61.4399986267,61.9199981689,59.3515777588,19244600
2025-01-27,62.8699989319,64.1800003052,62.4700012207,63.8699989319,61.2206954956,20742900
2025-01-28,63.5099983215,64.0400009155,62.2799987793,62.3600006104,59.7733306885,14956000
2025-01-29,62.5600013733,63.3600006104,62.5499992371,62.8300018311,60.2238426208,11325600
2025-01-30,63.8499984741,64.2900009155,63.2299995422,64.0500030518,61.3932304382,13201000
2025-01-31,63.7000007629,63.9300003052,63.3899993896,63.4799995422,60.8468742371,12096800
2025-02-03,63.1800003052,63.6300010681,62.4300003052,63.3499984741,60.7222633362,12067900
2025-02-04,63.6100006104,63.6300010681,62.3499984741,62.6699981689,60.0704689026,15678000
2025-02-05,62.7200012207,63.2900009155,62.5900001526,63.1199989319,60.5018043518,10686800
2025-02-06,63.6199989319,63.7400016785,62.9099998474,63.3600006104,60.7318534851,13423400
2025-02-07,63.4300003052,63.9199981689,63.2700004578,63.8400001526,61.1919441223,13184700
2025-02-10,64.0999984741,64.6500015259,63.6599998474,64.5500030518,61.8724861145,16154300
2025-02-11,67.5000000000,67.6699981689,66.4100036621,67.5999984741,64.7959823608,30589100
2025-02-12,66.8700027466,68.8199996948,66.8700027466,68.7099990845,65.8599395752,26033800
2025-02-13,69.0000000000,69.6100006104,68.7600021362,69.5000000000,66.6171722412,24393100
2025-02-14,69.3600006104,70.0299987793,68.7600021362,68.8700027466,66.0133056641,20779100
2025-02-18,68.5500030518,69.3700027466,68.4199981689,69.0500030518,66.1858444214,15569100
2025-02-19,69.2099990845,70.1299972534,69.1699981689,70.0699996948,67.1635284424,16032300
2025-02-20,69.7099990845,70.0699996948,69.4199981689,70.0400009155,67.1347808838,13398000
2025-02-21,70.3199996948,71.5999984741,70.1299972534,71.3499984741,68.3904190063,21662300
2025-02-24,70.8399963379,71.7300033569,70.3300018311,70.5899963379,67.6619491577,21418400
2025-02-25,70.8600006104,71.7699966431,70.7300033569,71.4899978638,68.5246200562,21555600
2025-02-26,71.2699966431,71.2799987793,70.5299987793,70.8000030518,67.8632431030,14531200
2025-02-27,70.7200012207,71.5400009155,70.4199981689,70.8700027466,67.9303436279,16789500
2025-02-28,71.4499969482,71.5699996948,70.5599975586,71.2099990845,68.2562408447,22167400
2025-03-03,70.2399978638,72.3600006104,69.7300033569,72.3199996948,69.3201904297,21717600
2025-03-04,72.0699996948,72.6500015259,69.8799972534,70.1900024414,67.2785491943,25411900
2025-03-05,69.9000015259,70.7399978638,69.8399963379,70.0800018311,67.1731185913,23933600
2025-03-06,70.4100036621,70.5299987793,69.4499969482,70.4599990845,67.5373458862,21694000
2025-03-07,69.6500015259,71.8199996948,69.6500015259,71.4300003052,68.4671020508,28393300
2025-03-10,71.9599990845,73.2200012207,71.3199996948,71.4499969482,68.4862747192,25251200
2025-03-11,71.8799972534,72.0400009155,70.6100006104,71.0400009155,68.0932922363,28076400
2025-03-12,70.3700027466,70.7300033569,69.7399978638,69.9400024414,67.0389251709,18923300
2025-03-13,70.2500000000,70.2500000000,69.2799987793,69.6200027466,66.7321853638,15746600
2025-03-14,68.5100021362,69.2600021362,68.3799972534,69.1600036621,66.7804718018,14205100
2025-03-17,69.2399978638,70.1699981689,69.0800018311,70.1200027466,67.7074432373,15634800
2025-03-18,70.1100006104,70.1900024414,69.3000030518,69.3799972534,66.9928894043,12657600
2025-03-19,68.5500030518,69.3799972534,68.5400009155,69.2799987793,66.8963394165,14780000
2025-03-20,69.3099975586,69.8099975586,69.0899963379,69.7099990845,67.3115463257,16295300
2025-03-21,69.7099990845,69.9700012207,68.1800003052,68.6699981689,66.3073272705,47479500
2025-03-24,68.8000030518,69.0800018311,68.3300018311,68.9499969482,66.5776901245,12575400
2025-03-25,68.9499969482,69.0800018311,68.5999984741,68.8099975586,66.4425125122,12513900
2025-03-26,68.9199981689,70.3499984741,68.9000015259,70.0199966431,67.6108779907,14478200
2025-03-27,70.1800003052,70.9899978638,70.0699996948,70.7399978638,68.3061065674,11663400
2025-03-28,70.8099975586,71.3199996948,69.5299987793,70.3700027466,67.9488449097,17412900
2025-03-31,70.7300033569,71.9400024414,70.4899978638,71.6200027466,69.1558303833,24016900
2025-04-01,71.6800003052,71.9100036621,71.1900024414,71.8700027466,69.3972320557,15309100
2025-04-02,71.9599990845,72.3600006104,71.0500030518,71.3300018311,68.8758010864,14606500
2025-04-03,72.4800033569,73.9499969482,72.3199996948,73.1800003052,70.6621551514,24959600
2025-04-04,72.4199981689,73.0100021362,69.7900009155,69.9300003052,67.5239639282,26517300
2025-04-07,66.2300033569,69.3799972534,66.0500030518,68.3700027466,66.0176620483,34258400
2025-04-08,68.9599990845,69.9800033569,67.7600021362,68.4199981689,66.0659255981,22774400
2025-04-09,67.9199981689,70.4700012207,67.2799987793,69.9499969482,67.5432891846,27918700
2025-04-10,70.1900024414,71.2099990845,68.9800033569,70.7600021362,68.3254165649,22450200
2025-04-11,70.9100036621,71.8499984741,70.5400009155,71.4300003052,68.9723663330,19988200
2025-04-14,71.3000030518,72.6600036621,70.9300003052,72.4499969482,69.9572753906,13930200
2025-04-15,72.6200027466,72.6299972534,71.7200012207,71.8600006104,69.3875732422,14965500
2025-04-16,72.3600006104,72.6699981689,71.3899993896,71.6800003052,69.2137680054,15276200
2025-04-17,71.9000015259,73.4300003052,71.7200012207,73.0000000000,70.4883499146,20754500
2025-04-21,73.3799972534,73.4700012207,71.8199996948,72.7699966431,70.2662506104,16037200
2025-04-22,73.0000000000,74.3799972534,72.9199981689,73.9000015259,71.3573837280,15613500
2025-04-23,73.2900009155,73.9499969482,72.3799972534,73.3000030518,70.7780380249,16353900
2025-04-24,73.0199966431,73.4300003052,72.3000030518,72.5199966431,70.0248565674,16893900
2025-04-25,72.6500015259,72.9199981689,71.1299972534,71.9100036621,69.4358444214,16316000
2025-04-28,72.0800018311,72.2600021362,71.3099975586,71.7900009155,69.3199768066,15997500
2025-04-29,71.1900024414,72.7099990845,70.2799987793,72.3499984741,69.8607025146,16244100
2025-04-30,73.3499984741,73.4800033569,71.6900024414,72.5500030518,70.0538330078,21074700
2025-05-01,72.0000000000,72.0400009155,71.2300033569,71.2900009155,68.8371810913,18034200
2025-05-02,71.5000000000,71.8199996948,71.0999984741,71.6500015259,69.1847991943,12629600
2025-05-05,71.6699981689,71.8000030518,71.0100021362,71.6999969482,69.2330780029,11932700
2025-05-06,71.6800003052,71.9000015259,71.1600036621,71.7200012207,69.2523956299,12705500
2025-05-07,71.7200012207,72.6900024414,71.6699981689,72.4000015259,69.9089889526,15018200
2025-05-08,72.1999969482,72.4700012207,71.1299972534,71.1699981689,68.7213134766,14371100
2025-05-09,70.9899978638,71.1500015259,70.4599990845,70.5199966431,68.0936660767,11228900
2025-05-12,70.1500015259,70.3300018311,68.6999969482,69.5299987793,67.1377334595,21539000
2025-05-13,69.5899963379,69.6900024414,68.8700027466,68.9599990845,66.5873565674,14389100
2025-05-14,68.8799972534,69.3399963379,68.5800018311,69.1600036621,66.7804718018,16286800
2025-05-15,69.6999969482,71.7300033569,69.5999984741,71.6100006104,69.1461791992,19817100
2025-05-16,71.8600006104,72.2600021362,71.4300003052,72.0000000000,69.5227508545,18441200
2025-05-19,72.0299987793,72.1699981689,71.6399993896,71.9300003052,69.4551620483,13282800
2025-05-20,71.8000030518,72.1299972534,71.4300003052,71.6900024414,69.2234268188,12137800
2025-05-21,71.6900024414,72.0800018311,71.5800018311,71.8499984741,69.3779144287,12094400
2025-05-22,71.8399963379,71.9899978638,70.9599990845,71.1399993896,68.6923446655,11101800
2025-05-23,71.5400009155,71.9800033569,70.6900024414,71.7699966431,69.3006668091,12822100
2025-05-27,71.7399978638,72.2200012207,71.5599975586,71.7799987793,69.3103256226,10666100
2025-05-28,71.6999969482,71.9000015259,71.0500030518,71.1500015259,68.7019958496,8710900
2025-05-29,71.0000000000,71.6600036621,70.4599990845,71.4899978638,69.0302963257,10291100
2025-05-30,71.6100006104,72.4700012207,71.6100006104,72.0999984741,69.6193161011,28019500
2025-06-02,72.0299987793,72.0400009155,71.3600006104,72.0000000000,69.5227508545,10202700
2025-06-03,71.7099990845,71.7799987793,70.4700012207,71.1600036621,68.7116546631,20139800
2025-06-04,71.2600021362,71.8499984741,70.6800003052,71.3700027466,68.9144287109,13565900
2025-06-05,71.3799972534,71.4599990845,70.8300018311,70.9100036621,68.4702682495,13531400
2025-06-06,71.0800018311,71.4800033569,70.9400024414,71.3499984741,68.8951187134,9524000
2025-06-09,71.3499984741,71.8300018311,71.0899963379,71.7699966431,69.3006668091,12281300
2025-06-10,71.9000015259,72.6900024414,71.7600021362,72.3499984741,69.8607025146,12265000
2025-06-11,72.2699966431,72.3600006104,71.7600021362,72.0699996948,69.5903472900,12718500
2025-06-12,72.2500000000,72.4000015259,71.5999984741,72.2399978638,69.7544937134,12806900
2025-06-13,71.7699966431,71.8799972534,70.7300033569,71.0199966431,69.0640487671,17467200
2025-06-16,71.1999969482,71.6200027466,70.2399978638,70.5199966431,68.5778121948,15045900
2025-06-17,70.3799972534,70.4599990845,69.5800018311,69.6200027466,67.7026138306,15437000
2025-06-18,70.0000000000,70.0000000000,69.0899963379,69.2099990845,67.3038940430,16227600
2025-06-20,69.0899963379,69.5599975586,68.7799987793,68.8399963379,66.9440917969,40859400
2025-06-23,69.1399993896,69.8099975586,68.9700012207,69.7399978638,67.8193054199,21822800
2025-06-24,69.9400024414,70.3499984741,69.6900024414,70.2099990845,68.2763595581,15216100
2025-06-25,69.9300003052,70.0199966431,69.4300003052,69.6299972534,67.7123336792,12540400
2025-06-26,69.6999969482,69.9199981689,69.1500015259,69.4700012207,67.5567398071,14454100
2025-06-27,69.5899963379,70.5599975586,69.4700012207,70.3300018311,68.3930587769,23470700
2025-06-30,70.1299972534,70.7900009155,70.0899963379,70.7500000000,68.8014831543,15429000
2025-07-01,70.9899978638,72.4499969482,70.9000015259,71.6699981689,69.6961517334,21729300
2025-07-02,71.6900024414,71.8300018311,70.7399978638,70.9100036621,68.9570922852,13050200
2025-07-03,71.0400009155,71.4000015259,70.4499969482,71.3499984741,69.3849639893,9440500
2025-07-07,71.3700027466,71.3700027466,70.8000030518,71.0100021362,69.0543289185,16984700
2025-07-08,70.6800003052,70.6800003052,69.8799972534,70.2399978638,68.3055343628,17115500
2025-07-09,70.1600036621,70.2500000000,68.9700012207,69.4800033569,67.5664672852,33704100
2025-07-10,69.2900009155,69.8499984741,69.1600036621,69.7699966431,67.8484802246,14608400
2025-07-11,69.5699996948,70.1600036621,69.2500000000,69.8700027466,67.9457244873,12916700
2025-07-14,69.8000030518,70.0800018311,69.2699966431,69.4700012207,67.5567398071,13983200
2025-07-15,69.5100021362,69.5500030518,69.1500015259,69.3600006104,67.4497680664,12639800
2025-07-16,69.3499984741,69.5000000000,68.7900009155,69.2699966431,67.3622436523,13178300
2025-07-17,69.8099975586,70.6900024414,69.5100021362,70.5899963379,68.6458892822,20464700
2025-07-18,70.4400024414,70.6999969482,69.8300018311,69.8499984741,67.9262695312,14928000
2025-07-21,70.1900024414,70.6200027466,69.9300003052,70.0699996948,68.1402206421,17811700
2025-07-22,69.4499969482,70.2600021362,68.6900024414,69.6600036621,67.7415161133,22339900
2025-07-23,69.6600036621,69.7399978638,68.5999984741,69.1600036621,67.2552795410,21030000
2025-07-24,69.2600021362,69.5500030518,68.9899978638,69.0999984741,67.1969299316,12511400
2025-07-25,69.1299972534,69.2300033569,68.7500000000,69.1699981689,67.2650070190,12574800
2025-07-28,68.7399978638,68.9000015259,68.0599975586,68.0899963379,66.2147445679,13668800
2025-07-29,68.3399963379,69.4199981689,68.1500015259,69.3799972534,67.4692077637,16223400
2025-07-30,69.1100006104,69.3300018311,68.5299987793,68.7500000000,66.8565750122,10448200
2025-07-31,68.1500015259,68.6500015259,67.7399978638,67.8899993896,66.0202484131,17193400
2025-08-01,68.5999984741,69.0400009155,68.2699966431,68.8600006104,66.9635391235,16107500
2025-08-04,68.7200012207,69.0800018311,68.3099975586,68.9599990845,67.0607910156,10701500
2025-08-05,68.9000015259,69.4899978638,68.7500000000,69.0500030518,67.1483154297,11993400
2025-08-06,69.1200027466,69.8000030518,68.6299972534,69.5100021362,67.5956420898,10783000
2025-08-07,69.4599990845,70.7200012207,69.3300018311,70.4300003052,68.4903030396,15790800
2025-08-08,70.3600006104,70.8700027466,70.0800018311,70.3399963379,68.4027709961,9232700
2025-08-11,70.3000030518,70.8600006104,69.9599990845,70.7500000000,68.8014831543,10909400
2025-08-12,70.8199996948,71.0599975586,70.2200012207,70.7099990845,68.7625885010,11061100
2025-08-13,70.6900024414,70.7699966431,70.2300033569,70.4599990845,68.5194778442,10356500
2025-08-14,70.3799972534,70.4599990845,69.3899993896,69.5500030518,67.6345443726,10722400
2025-08-15,69.7399978638,70.3899993896,69.5699996948,69.9199981689,67.9943389893,12381100
2025-08-18,69.9800033569,70.0500030518,69.0500030518,69.1299972534,67.2261047363,14094900
2025-08-19,69.3000030518,70.2200012207,69.2399978638,70.1299972534,68.1985626221,13862200
2025-08-20,70.7399978638,71.7099990845,70.4100036621,70.6999969482,68.7528610229,17530800
2025-08-21,70.5999984741,70.9100036621,70.3300018311,70.6600036621,68.7139663696,8840400
2025-08-22,70.9599990845,71.0199966431,69.9199981689,70.1299972534,68.1985626221,12999600
2025-08-25,70.1100006104,70.2300033569,68.7200012207,68.9300003052,67.0316162109,13634600
2025-08-26,69.0400009155,69.0800018311,68.5800018311,68.7300033569,66.8371276855,17964200
2025-08-27,68.8199996948,68.8700027466,68.4700012207,68.8300018311,66.9343719482,11562700
2025-08-28,68.8799972534,68.9000015259,68.2799987793,68.3600006104,66.4773178101,16209900
2025-08-29,68.6699981689,69.1399993896,68.4300003052,68.9899978638,67.0899581909,14601100
2025-09-02,68.9599990845,69.3399963379,68.2600021362,69.0599975586,67.1580276489,24770100
2025-09-03,68.6600036621,69.0999984741,67.3700027466,68.9899978638,67.0899581909,33581500
2025-09-04,69.1100006104,69.4599990845,68.1100006104,68.2500000000,66.3703384399,16736000
2025-09-05,68.0100021362,68.5800018311,67.8700027466,67.9599990845,66.0883255005,23978000
2025-09-08,67.8600006104,67.8799972534,67.1600036621,67.4300003052,65.5729293823,21671700
2025-09-09,67.2799987793,68.1100006104,67.2799987793,67.8600006104,65.9910812378,14120600
2025-09-10,67.7900009155,68.0899963379,67.2099990845,67.8199996948,65.9521789551,16041900
2025-09-11,67.9199981689,68.1699981689,67.5800018311,67.6200027466,65.7576980591,15128700
2025-09-12,67.5999984741,67.7200012207,66.9400024414,67.0100021362,65.1644897461,18712400
2025-09-15,66.6800003052,66.7799987793,66.0999984741,66.2099990845,64.8803176880,15986100
2025-09-16,66.3499984741,66.5100021362,66.0599975586,66.2399978638,64.9097137451,18555900
2025-09-17,66.4100036621,67.1299972534,66.4100036621,67.0400009155,65.6936492920,17372300
2025-09-18,66.8000030518,67.0400009155,66.3499984741,66.4599990845,65.1252975464,17722900
2025-09-19,66.4899978638,66.7300033569,66.0500030518,66.4300003052,65.0958938599,31192900
2025-09-22,66.1600036621,66.5899963379,66.0800018311,66.2099990845,64.8803176880,13298700
2025-09-23,66.3499984741,66.7600021362,65.9000015259,66.7099990845,65.3702697754,15072800
2025-09-24,66.4100036621,66.7799987793,65.9599990845,66.4499969482,65.1154937744,14759300
2025-09-25,66.7500000000,66.9199981689,65.9499969482,65.9800033569,64.6549377441,14395000
2025-09-26,66.0699996948,66.3300018311,65.5000000000,65.6699981689,64.3511581421,17821600
2025-09-29,65.6699981689,66.0999984741,65.3499984741,66.0400009155,64.7137298584,14818500
2025-09-30,66.0699996948,66.6399993896,65.9599990845,66.3199996948,64.9881057739,13815000
2025-10-01,66.5100021362,66.8300018311,66.2900009155,66.7799987793,65.4388656616,14877500
2025-10-02,66.5299987793,66.6500015259,65.8600006104,66.0999984741,64.7725219727,14350700
2025-10-03,66.0999984741,66.9899978638,66.0400009155,66.6500015259,65.3114776611,12249200
2025-10-06,66.4899978638,66.5000000000,65.8399963379,66.0999984741,64.7725219727,14333300
2025-10-07,66.2200012207,67.2600021362,65.8700027466,66.7900009155,65.4486618042,13328300
2025-10-08,66.6699981689,66.8700027466,66.0599975586,66.1200027466,64.7921218872,12606700
2025-10-09,66.2900009155,66.8000030518,66.1200027466,66.3700027466,65.0371017456,12705200
2025-10-10,66.5199966431,67.4000015259,66.3799972534,67.0400009155,65.6936492920,17991700
2025-10-13,66.2300033569,66.8000030518,66.0000000000,66.8000030518,65.4584732056,13690000
2025-10-14,66.8700027466,67.5699996948,66.7500000000,67.5100021362,66.1542129517,14245600
2025-10-15,67.2699966431,67.7200012207,66.9199981689,67.0800018311,65.7328414917,11193700
2025-10-16,67.1800003052,68.1100006104,67.1600036621,67.5899963379,66.2325897217,15707200
2025-10-17,68.0000000000,68.5000000000,67.8000030518,68.4400024414,67.0655288696,15541800
2025-10-20,68.4300003052,68.6399993896,67.9199981689,68.4400024414,67.0655288696,17786800
2025-10-21,70.5699996948,71.3899993896,70.2300033569,71.2200012207,69.7896957397,33651300
2025-10-22,71.3600006104,71.6200027466,70.5100021362,70.8099975586,69.3879318237,18293000
2025-10-23,70.8099975586,70.9300003052,69.7200012207,69.9400024414,68.5354156494,13989400
2025-10-24,69.9100036621,70.0500030518,69.6500015259,69.7099990845,68.3100280762,15688200
2025-10-27,69.7799987793,70.1200027466,69.2500000000,70.0599975586,68.6529998779,13800000
2025-10-28,70.0500030518,70.9000015259,69.9499969482,70.1600036621,68.7509918213,12730500
2025-10-29,69.9199981689,70.0299987793,68.1600036621,68.3499984741,66.9773330688,19789600
2025-10-30,68.4499969482,69.2900009155,68.3899993896,68.9800033569,67.5946884155,14751700
2025-10-31,68.5500030518,69.0699996948,67.9000015259,68.9000015259,67.5162887573,16742700
2025-11-03,68.8000030518,68.8899993896,67.6600036621,67.9700012207,66.6049652100,15660400
2025-11-04,68.4700012207,68.7300033569,68.1600036621,68.6600036621,67.2811126709,12743800
2025-11-05,68.6600036621,68.8300018311,68.1800003052,68.5100021362,67.1341247559,12850100
2025-11-06,68.3000030518,69.1399993896,67.9199981689,69.0599975586,67.6730728149,15906700
2025-11-07,69.8099975586,70.8700027466,69.4100036621,70.5500030518,69.1331634521,25108300
2025-11-10,70.0100021362,70.6600036621,69.4400024414,70.5199966431,69.1037521362,15318000
2025-11-11,70.9800033569,71.7500000000,70.6600036621,71.6100006104,70.1718673706,16160200
2025-11-12,71.4899978638,71.8899993896,71.3399963379,71.5100021362,70.0738754272,13612600
2025-11-13,71.4199981689,71.6699981689,71.0000000000,71.0699996948,69.6427078247,14002800
2025-11-14,71.4100036621,71.6399993896,70.5999984741,71.1600036621,69.7309112549,13172000
2025-11-17,71.1999969482,71.5299987793,70.6200027466,70.6800003052,69.2605438232,14772300
2025-11-18,70.9899978638,71.3399963379,70.5699996948,71.2200012207,69.7896957397,12838900
2025-11-19,71.1999969482,71.4499969482,70.8099975586,71.1100006104,69.6819076538,12401500
2025-11-20,70.9499969482,71.4800033569,70.6100006104,71.2099990845,69.7798995972,15396500
2025-11-21,71.6800003052,73.1900024414,71.4899978638,72.9499969482,71.4849548340,26492500
2025-11-24,73.1600036621,73.1600036621,71.5699996948,72.5899963379,71.1321792603,39818600
2025-11-25,72.8000030518,72.9300003052,72.1399993896,72.6100006104,71.1517944336,17451200
2025-11-26,72.5999984741,73.0899963379,72.3899993896,72.8799972534,71.4163589478,11795100
2025-11-28,73.0000000000,73.2300033569,72.7600021362,73.1200027466,71.6515426636,7423000
2025-12-01,72.5999984741,72.9100036621,71.9300003052,71.9499969482,71.0002517700,14388100
2025-12-02,71.8000030518,71.8000030518,70.4300003052,70.6699981689,69.7371520996,19871300
2025-12-03,70.8799972534,71.4000015259,70.6100006104,70.8099975586,69.8752975464,17001700
2025-12-04,70.8300018311,71.3399963379,70.3700027466,70.4499969482,69.5200500488,17710000
2025-12-05,70.3199996948,70.7099990845,69.8700027466,70.0000000000,69.0759887695,13978200
2025-12-08,69.8399963379,70.3799972534,69.4899978638,70.2500000000,69.3226928711,17775100
2025-12-09,70.3700027466,70.6299972534,69.8300018311,70.0899963379,69.1647949219,13010600
2025-12-10,70.3899993896,70.5299987793,69.7799987793,70.2099990845,69.2832260132,29789400
2025-12-11,70.5500030518,70.6900024414,68.7900009155,69.1100006104,68.1977386475,23124200
2025-12-12,69.1100006104,70.6200027466,69.0400009155,70.5199966431,69.5891265869,18444500
2025-12-15,70.4300003052,71.3199996948,70.3199996948,70.9700012207,70.0331954956,18660100
2025-12-16,71.3000030518,71.3000030518,70.3199996948,70.3700027466,69.4411087036,17370000
2025-12-17,70.5699996948,70.9199981689,70.3099975586,70.6699981689,69.7371520996,13672700
2025-12-18,70.2699966431,70.8000030518,70.1699981689,70.3600006104,69.4312362671,15524800
2025-12-19,70.0599975586,70.7699966431,70.0299987793,70.0599975586,69.1352005005,36911100
2025-12-22,69.9300003052,70.2200012207,69.6600036621,70.2099990845,69.2832260132,12828500
2025-12-23,70.1999969482,70.2600021362,69.6900024414,69.8700027466,68.9477081299,9471000
2025-12-24,69.9000015259,70.1600036621,69.7500000000,70.1100006104,69.1845474243,4515300
2025-12-26,69.9499969482,70.1600036621,69.7300033569,69.8700027466,68.9477081299,5711400
2025-12-29,70.0000000000,70.4199981689,69.8499984741,70.1600036621,69.2338867188,9686900
2025-12-30,70.0000000000,70.2399978638,69.8000030518,70.0699996948,69.1450653076,8610900
2025-12-31,70.0699996948,70.1600036621,69.8799972534,69.9100036621,68.9871826172,8127800
2026-01-02,69.8499984741,69.8700027466,68.9800033569,69.1200027466,68.2076110840,12151300
2026-01-05,68.9199981689,68.9199981689,67.9199981689,67.9400024414,67.0431823730,21186600
2026-01-06,68.0100021362,68.2500000000,67.5899963379,67.8399963379,66.9444961548,21019900
2026-01-07,67.9899978638,68.0699996948,67.2699966431,67.5400009155,66.6484680176,20223400
2026-01-08,67.5400009155,69.4599990845,67.4499969482,69.3700027466,68.4543151855,19237000
2026-01-09,69.4300003052,70.6600036621,69.1200027466,70.5100021362,69.5792617798,19638600
2026-01-12,70.9000015259,70.9700012207,70.2399978638,70.5000000000,69.5693969727,20582500
2026-01-13,70.4199981689,71.2399978638,70.2699966431,71.2399978638,70.2996292114,18324800
2026-01-14,71.1699981689,71.7099990845,70.8099975586,71.4400024414,70.4969863892,16739100
2026-01-15,71.5899963379,71.5999984741,70.3700027466,70.4800033569,69.5496597290,15464100
2026-01-16,70.2900009155,70.7399978638,70.0400009155,70.4400024414,69.5101852417,20027500
2026-01-20,70.0000000000,71.7799987793,69.7900009155,71.7500000000,70.8028945923,22152200
2026-01-21,71.9800033569,72.2399978638,70.8300018311,72.0100021362,71.0594635010,21660600
2026-01-22,71.8300018311,72.0400009155,71.4400024414,71.8700027466,70.9213104248,13962800
2026-01-23,72.0199966431,73.0599975586,71.7799987793,72.8799972534,71.9179763794,18307100
2026-01-26,72.8600006104,73.3000030518,72.5400009155,72.5599975586,71.6022033691,14017400
2026-01-27,72.4400024414,73.5599975586,72.2699966431,73.5500030518,72.5791320801,13239200
2026-01-28,73.2099990845,73.6200027466,72.5699996948,73.0599975586,72.0955963135,14633700
2026-01-29,73.1800003052,74.0899963379,73.1399993896,73.4300003052,72.4607162476,20862100
2026-01-30,73.7099990845,74.9000015259,73.5400009155,74.8099975586,73.8225021362,26420500
2026-02-02,75.0100021362,75.6999969482,74.4000015259,75.3300018311,74.3356399536,19301500
2026-02-03,75.2699966431,77.5000000000,75.1299972534,76.8899993896,75.8750457764,27007100
2026-02-04,77.2699966431,78.1100006104,77.0800018311,77.3499984741,76.3289718628,28607300
2026-02-05,77.8199996948,78.8600006104,77.5899963379,78.5100021362,77.4736633301,21633500
2026-02-06,78.5000000000,79.1999969482,78.2600021362,79.0299987793,77.9868011475,18512400
2026-02-09,78.6699981689,79.1100006104,77.5400009155,77.9700012207,76.9407882690,23415600
2026-02-10,76.6299972534,77.5100021362,76.0100021362,76.8099975586,75.7960968018,28848200
2026-02-11,76.8799972534,79.0500030518,76.5800018311,78.5999984741,77.5624694824,22649700
2026-02-12,78.9800033569,80.4100036621,78.7900009155,79.0000000000,77.9571914673,26043500
2026-02-13,78.4499969482,79.4000015259,78.1299972534,78.6800003052,77.6414184570,16711900
2026-02-17,78.9899978638,79.6399993896,78.7399978638,79.5599975586,78.5097961426,16260200
2026-02-18,79.5000000000,79.8399963379,78.9199981689,79.4899978638,78.4407196045,16304900
2026-02-19,79.4599990845,79.6699981689,78.5899963379,78.9100036621,77.8683776855,14924700
2026-02-20,79.3300018311,79.8399963379,78.8899993896,79.8399963379,78.7861022949,17175100
2026-02-23,79.5199966431,80.8499984741,79.5000000000,80.5599975586,79.4965972900,17157700
2026-02-24,80.5400009155,81.0899963379,79.8499984741,80.7200012207,79.6544952393,16448500
2026-02-25,80.4000015259,80.6900024414,79.5599975586,80.4700012207,79.4077911377,18086900
2026-02-26,80.7500000000,80.8899993896,80.0199966431,80.5000000000,79.4373931885,12843200
2026-02-27,80.9400024414,82.0000000000,80.8199996948,81.5599975586,80.4833908081,28483500
2026-03-02,81.2500000000,81.4000015259,80.1500015259,80.2200012207,79.1610870361,18137200
2026-03-03,79.8600006104,80.0800018311,78.5599975586,79.3399963379,78.2927017212,20549300
2026-03-04,79.2900009155,79.4700012207,77.7500000000,78.0999984741,77.0690765381,21011800
2026-03-05,77.6800003052,77.7200012207,76.5000000000,77.0299987793,76.0131912231,23165700
2026-03-06,76.8000030518,77.1900024414,76.3499984741,77.0400009155,76.0230636597,15516000
2026-03-09,76.6200027466,78.0699996948,76.5299987793,77.8000030518,76.7730331421,18554100
2026-03-10,77.4800033569,78.4100036621,77.0999984741,77.8799972534,76.8519744873,17243900
2026-03-11,77.7099990845,77.7099990845,76.5999984741,77.6299972534,76.6052780151,11546800
2026-03-12,77.4199981689,78.1600036621,76.9000015259,77.6100006104,76.5855407715,16842200
2026-03-13,77.4700012207,78.0500030518,77.1900024414,77.3399963379,76.8438720703,11974500
2026-03-16,78.0000000000,78.4300003052,77.7399978638,77.8199996948,77.3207931519,11761200
2026-03-17,78.0000000000,78.3000030518,77.4499969482,77.5800018311,77.0823364258,14900100
2026-03-18,77.0800018311,77.1299972534,75.8499984741,75.9700012207,75.4826583862,13134600
2026-03-19,76.0000000000,76.4499969482,75.5299987793,75.5500030518,75.0653610229,13023300
2026-03-20,75.5699996948,76.0500030518,74.3899993896,74.7500000000,74.2704849243,33298700
2026-03-23,75.3399963379,75.4499969482,74.5500030518,75.1100006104,74.6281814575,15054900
2026-03-24,74.8600006104,75.6900024414,74.6299972534,74.6699981689,74.1910018921,15653700
2026-03-25,74.5899963379,75.6500015259,74.0699996948,75.2500000000,74.7672805786,14787900
2026-03-26,75.1900024414,75.7500000000,74.6500015259,74.6900024414,74.2108764648,11202100
2026-03-27,74.8199996948,76.0500030518,74.6999969482,75.7099990845,75.2243270874,17461000
2026-03-30,75.9300003052,77.0000000000,75.7200012207,76.2699966431,75.7807312012,18502800
2026-03-31,76.5299987793,77.0199966431,75.5100021362,76.0500030518,75.5621490479,18301800
2026-04-01,76.1500015259,76.3600006104,75.2600021362,76.0800018311,75.5919570923,15834300
2026-04-02,76.5800018311,76.9599990845,76.1200027466,76.7200012207,76.2278518677,14573400
2026-04-06,76.6399993896,77.2799987793,76.2200012207,77.2200012207,76.7246398926,8259900
2026-04-07,77.1999969482,77.5999984741,75.6299972534,75.9100036621,75.4230499268,12769200
2026-04-08,75.8099975586,77.3700027466,75.3199996948,77.2900009155,76.7941970825,12331300
2026-04-09,76.6500015259,78.2900009155,76.3700027466,78.1800003052,77.6784820557,14311000
2026-04-10,77.9800033569,78.1699981689,77.3099975586,77.4700012207,76.9730377197,11081400
2026-04-13,77.3199996948,77.4499969482,75.8300018311,76.4100036621,75.9198455811,12696200
2026-04-14,75.9700012207,76.6200027466,75.8000030518,75.9000015259,75.4131088257,12397600
2026-04-15,75.7399978638,75.7399978638,74.7200012207,75.3099975586,74.8268890381,16212100
2026-04-16,75.0299987793,75.8399963379,74.9000015259,75.1800003052,74.6977310181,11501900
2026-04-17,74.9499969482,76.0599975586,74.8000030518,75.7399978638,75.2541351318,15033900
2026-04-20,75.8199996948,76.2200012207,75.3600006104,75.4800033569,74.9958038330,10141800
2026-04-21,75.4800033569,75.5299987793,74.6200027466,74.6999969482,74.2208023071,11806900
2026-04-22,74.9000015259,75.3799972534,74.5500030518,74.6299972534,74.1512527466,9352300
2026-04-23,75.4400024414,76.6600036621,75.1600036621,76.2799987793,75.7906723022,12060300
2026-04-24,76.7099990845,77.0100021362,76.1699981689,76.6299972534,76.1384277344,12008700
2026-04-27,76.7099990845,76.7099990845,75.4000015259,75.4400024414,74.9560623169,15812200
2026-04-28,79.5199966431,80.3199996948,78.0800018311,78.3499984741,77.8473892212,30710700
2026-04-29,78.3700027466,79.2799987793,78.1900024414,78.8700027466,78.3640594482,18294700
2026-04-30,78.8000030518,79.1200027466,78.3300018311,78.7600021362,78.2547683716,15142200
2026-05-01,79.2900009155,79.6399993896,78.0400009155,78.5800018311,78.0759201050,12610400
2026-05-04,78.0599975586,78.7699966431,77.7300033569,78.1900024414,77.6884231567,12672400
2026-05-05,78.1900024414,78.7799987793,77.7399978638,78.4800033569,77.9765625000,11637500
2026-05-06,78.7799987793,79.3300018311,78.5699996948,79.2300033569,78.7217483521,14060300
2026-05-07,78.7900009155,79.1500015259,78.0999984741,78.4300003052,77.9268798828,16531400
2026-05-08,78.5699996948,79.1999969482,78.1200027466,78.4199981689,77.9169387817,12447200
2026-05-11,78.1600036621,78.7300033569,77.8399963379,78.6600036621,78.1554107666,10967900
2026-05-12,79.0000000000,80.3199996948,78.2799987793,80.0299987793,79.5166168213,19883100
2026-05-13,79.8700027466,81.0299987793,79.8399963379,80.2600021362,79.7451400757,12357000
2026-05-14,80.7300033569,80.9199981689,79.9100036621,80.4499969482,79.9339218140,10642000
2026-05-15,81.3600006104,81.3600006104,80.4499969482,80.8199996948,80.3015518188,17527200
2026-05-18,80.8700027466,81.3899993896,80.3899993896,81.1999969482,80.6791076660,12375500
2026-05-19,81.4100036621,82.6600036621,81.2600021362,81.9199981689,81.3944931030,16595200
2026-05-20,82.1699981689,82.4000015259,81.5199966431,81.5500030518,81.0268707275,16999700
2026-05-21,81.7900009155,81.8000030518,80.7200012207,81.1699981689,80.6492996216,15708400
2026-05-22,81.1800003052,81.6800003052,80.9199981689,81.4800033569,80.9573211670,8240200
2026-05-26,80.8399963379,81.5999984741,80.2399978638,80.4599990845,79.9438552856,13004200
2026-05-27,81.0999984741,82.5100021362,80.8000030518,81.6200027466,81.0964202881,13209600
2026-05-28,81.3199996948,81.7600021362,80.3399963379,80.4100036621,79.8941802979,14691400
2026-05-29,80.0400009155,80.3300018311,78.9100036621,79.0100021362,78.5031585693,32477000
2026-06-01,78.5800018311,79.1999969482,78.4300003052,78.6399993896,78.1355361938,12776300
2026-06-02,78.8799972534,79.1999969482,78.2500000000,78.4100036621,77.9070129395,12533200
2026-06-03,78.2900009155,79.0299987793,78.1100006104,78.7600021362,78.2547683716,14964300
2026-06-04,79.7799987793,80.0400009155,76.8099975586,76.8199996948,76.3272094727,19361600
2026-06-05,77.5100021362,80.7399978638,77.4800033569,79.4800033569,78.9701461792,25708100
2026-06-08,79.3099975586,79.9300003052,79.0999984741,79.5400009155,79.0297622681,12828900
2026-06-09,79.5500030518,81.7600021362,79.3799972534,81.3399963379,80.8182067871,20591600
2026-06-10,82.6800003052,83.8499984741,82.1200027466,83.5899963379,83.0537719727,20880500
2026-06-11,83.9199981689,84.0400009155,82.4899978638,82.5299987793,82.0005798340,14264500
2026-06-12,82.7099990845,82.8899993896,81.8700027466,82.6200027466,82.0900039673,11757700
2026-06-15,81.0800018311,81.1999969482,80.2500000000,80.9100036621,80.9100036621,20055200
2026-06-16,81.1500015259,81.3899993896,79.8399963379,80.2799987793,80.2799987793,17565100
2026-06-17,79.9499969482,80.3300018311,78.9899978638,79.9300003052,79.9300003052,17055400
2026-06-18,79.8700027466,80.0100021362,78.7399978638,79.3899993896,79.3899993896,46857900
2026-06-22,79.2500000000,80.0599975586,79.0599975586,79.5299987793,79.5299987793,21205900
2026-06-23,81.3300018311,81.3300018311,79.8300018311,80.3099975586,80.3099975586,16854000
2026-06-24,80.8899993896,81.5800018311,80.5599975586,80.5999984741,80.5999984741,20632600
2026-06-25,80.5299987793,81.3799972534,79.9700012207,80.4199981689,80.4199981689,16021400
2026-06-26,80.9599990845,82.8099975586,80.6999969482,82.6299972534,82.6299972534,53357500
2026-06-29,82.8300018311,83.6200027466,82.2099990845,82.6500015259,82.6500015259,15015800
2026-06-30,82.5000000000,82.5400009155,81.0100021362,81.2699966431,81.2699966431,16422100
2026-07-01,81.6999969482,81.9800033569,80.9599990845,81.2900009155,81.2900009155,21734800
2026-07-02,81.6299972534,84.1399993896,81.4000015259,84.1399993896,84.1399993896,18308400
2026-07-06,84.0999984741,84.5599975586,82.3199996948,82.9599990845,82.9599990845,18992600
2026-07-07,84.5999984741,85.6800003052,83.6399993896,84.0500030518,84.0500030518,17835200
2026-07-08,84.1699981689,84.8300018311,83.2699966431,83.4000015259,83.4000015259,14160000
2026-07-09,82.0899963379,82.8199996948,81.7099990845,82.6299972534,82.6299972534,15782500
2026-07-10,82.7300033569,83.7399978638,82.4100036621,83.4899978638,83.4899978638,10694600
2026-07-13,83.9000015259,84.6800003052,83.6699981689,84.2500000000,84.2500000000,12085800
2026-07-14,84.1699981689,84.6299972534,83.0800018311,83.0800018311,83.0800018311,13775400
2026-07-15,82.9300003052,83.2399978638,82.2300033569,82.4499969482,82.4499969482,18383800
2026-07-16,83.5000000000,84.9499969482,83.2799987793,84.9199981689,84.9199981689,17889900
2026-07-17,85.3700027466,85.5599975586,80.8300018311,81.5599975586,81.5599975586,32903000
2026-07-20,81.5500030518,82.3700027466,81.3000030518,82.1200027466,82.1200027466,14967200
2026-07-21,81.9700012207,82.4000015259,81.3199996948,81.9700012207,81.9700012207,12949400
2026-07-22,82.8499984741,82.9199981689,81.9599990845,82.1999969482,82.1999969482,11701300
2026-07-23,81.6699981689,81.8700027466,80.8799972534,81.1699981689,81.1699981689,13755600
2026-07-24,81.5699996948,82.3300018311,80.9000015259,82.2500000000,82.2500000000,11980400
2026-07-27,83.0800018311,84.1399993896,82.5000000000,84.0699996948,84.0699996948,19937600
2026-07-28,88.3000030518,90.2200012207,86.2500000000,88.2699966431,88.2699966431,34982900
2026-07-29,88.6500015259,90.9199981689,88.6399993896,89.0800018311,89.0800018311,21711700
2026-07-30,87.6299972534,88.6399993896,87.2099990845,88.4899978638,88.4899978638,17616100
2026-07-31,87.6600036621,88.0000000000,86.8199996948,87.5899963379,87.5899963379,14725900
2026-08-03,88.4800033569,88.4800033569,86.6299972534,86.8600006104,86.8600006104,23197100
2026-08-04,85.7900009155,86.6800003052,85.1600036621,86.5599975586,86.5599975586,17085700
2026-08-05,87.0500030518,87.1500015259,86.1900024414,86.8300018311,86.8300018311,15868600
2026-08-06,87.8600006104,87.9700012207,86.4199981689,86.8499984741,86.8499984741,13568500
2026-08-07,86.5100021362,87.1699981689,86.1900024414,87.0500030518,87.0500030518,11221700
2026-08-10,87.1100006104,87.5299987793,86.4300003052,86.8700027466,86.8700027466,13710800
2026-08-11,86.6200027466,87.0500030518,86.1100006104,86.4800033569,86.4800033569,16018000
2026-08-12,85.7799987793,87.2900009155,85.6600036621,86.7099990845,86.7099990845,12651900
2026-08-13,87.1399993896,87.7500000000,86.9100036621,87.4199981689,87.4199981689,10140600
2026-08-14,87.3000030518,87.9700012207,87.1999969482,87.7099990845,87.7099990845,9166400
2026-08-17,87.3000030518,88.0199966431,86.8499984741,86.9800033569,86.9800033569,12056400
2026-08-18,88.4000015259,88.9599990845,87.8799972534,88.8199996948,88.8199996948,12524500
2026-08-19,88.5899963379,90.7600021362,88.5899963379,90.3499984741,90.3499984741,15993900
2026-08-20,90.1800003052,91.8700027466,89.7300033569,90.5000000000,90.5000000000,14928000
2026-08-21,90.8499984741,91.1999969482,90.3199996948,91.0999984741,91.0999984741,15595800
2026-08-24,92.1200027466,92.4899978638,91.4499969482,91.9899978638,91.9899978638,14787700
2026-08-25,91.5699996948,92.0800018311,91.3000030518,91.6399993896,91.6399993896,11940100
2026-08-26,92.2099990845,92.2099990845,90.0000000000,90.0800018311,90.0800018311,17133900
2026-08-27,89.4100036621,90.0299987793,88.9599990845,89.0599975586,89.0599975586,13452600
2026-08-28,89.2099990845,90.0400009155,89.0699996948,89.6600036621,89.6600036621,9887200
2026-08-31,89.5100021362,89.5299987793,88.5999984741,88.6699981689,88.6699981689,23764800
2026-09-01,89.5899963379,89.7799987793,87.8099975586,88.0000000000,88.0000000000,14824100
2026-09-02,87.9000015259,88.9499969482,87.7300033569,88.2399978638,88.2399978638,18492800
2026-09-03,88.1100006104,89.2300033569,88.0100021362,88.8099975586,88.8099975586,13763000
2026-09-04,88.5899963379,88.9100036621,87.8499984741,88.0699996948,88.0699996948,17290700
2026-09-08,87.5500030518,88.5500030518,87.5500030518,88.3600006104,88.3600006104,19426900
2026-09-09,88.3099975586,88.4000015259,87.4100036621,87.5500030518,87.5500030518,12337500
2026-09-10,88.5800018311,88.9599990845,87.8000030518,87.8300018311,87.8300018311,12019900
2026-09-11,88.4400024414,88.6500015259,87.8050003052,88.2949981689,88.2949981689,3547709
