Date,Open,High,Low,Close,Adj Close,Volume
2014-01-02,82.9300003052,82.9899978638,81.8199996948,82.0999984741,55.6810073853,3275900
2014-01-03,82.1200027466,82.8700027466,82.1200027466,82.2399978638,55.7759513855,3287200
2014-01-06,82.1999969482,82.6100006104,82.0800018311,82.2799987793,55.8030700684,3888400
2014-01-07,82.6200027466,83.9899978638,82.6100006104,83.4800033569,56.6169471741,6332400
2014-01-08,83.3300018311,83.6200027466,82.8099975586,83.2399978638,56.4541511536,5653300
2014-01-09,83.3399963379,83.3899993896,82.3700027466,82.8499984741,56.1896553040,4565900
2014-01-10,83.1999969482,83.6399993896,82.7500000000,83.5000000000,56.6305274963,3712000
2014-01-13,83.0599975586,83.5699996948,82.3199996948,82.3700027466,55.8641242981,4487100
2014-01-14,82.6299972534,82.8600006104,82.2600021362,82.3700027466,55.8641242981,4389200
2014-01-15,82.4800033569,83.1999969482,82.2799987793,82.8899993896,56.2167968750,4189100
2014-01-16,82.6800003052,83.1699981689,82.3000030518,82.8600006104,56.1964492798,3724700
2014-01-17,82.9400024414,82.9800033569,82.0400009155,82.1999969482,55.7488403320,6259600
2014-01-21,82.2099990845,83.0699996948,82.1500015259,82.9199981689,56.2371253967,4790700
2014-01-22,82.8300018311,83.0000000000,82.4700012207,82.8499984741,56.1896553040,3920400
2014-01-23,82.8499984741,82.8499984741,81.8700027466,82.4300003052,55.9048233032,5429100
2014-01-24,82.0699996948,82.6299972534,81.4300003052,81.4300003052,55.2266159058,5906200
2014-01-27,81.4300003052,82.7699966431,81.4199981689,82.0599975586,55.6538848877,5811000
2014-01-28,82.3899993896,82.6699981689,81.7099990845,82.3199996948,55.8302116394,3867800
2014-01-29,81.8700027466,81.8700027466,80.0999984741,80.2200012207,54.4059677124,7539700
2014-01-30,80.6200027466,81.3600006104,80.5500030518,81.0800018311,54.9892272949,4589100
2014-01-31,80.1999969482,80.8199996948,79.9000015259,80.3600006104,54.5009117126,6728600
2014-02-03,80.3499984741,80.5100021362,78.5199966431,78.5699996948,53.2869338989,7073500
2014-02-04,78.9700012207,79.1699981689,78.2799987793,78.8199996948,53.4564857483,5431700
2014-02-05,78.5699996948,79.6200027466,78.4400024414,79.4199981689,53.8634147644,4829600
2014-02-06,80.1900024414,80.1999969482,78.8499984741,79.3899993896,53.8430557251,6113800
2014-02-07,79.6800003052,80.2600021362,79.2600021362,80.2200012207,54.4059677124,4553800
2014-02-10,80.1699981689,80.7200012207,80.1600036621,80.5999984741,54.6636810303,4742000
2014-02-11,80.4800033569,81.3300018311,80.3300018311,81.2500000000,55.1045265198,5068100
2014-02-12,81.4800033569,81.8499984741,80.9800033569,81.4899978638,55.2672882080,4471200
2014-02-13,80.7699966431,80.8700027466,78.3600006104,79.6900024414,54.0465202332,11197000
2014-02-14,79.7600021362,79.8199996948,78.0599975586,78.0899963379,52.9613990784,13206500
2014-02-18,78.6299972534,78.6299972534,77.7799987793,78.1800003052,53.0224304199,9800200
2014-02-19,78.0400009155,78.4300003052,77.0100021362,77.0999984741,52.2899551392,10353400
2014-02-20,77.4300003052,78.8700027466,77.3700027466,78.0100021362,52.9071388245,9580300
2014-02-21,78.0100021362,78.9100036621,77.9000015259,78.2200012207,53.0495414734,7488400
2014-02-24,78.3099975586,79.5899963379,78.3099975586,78.8799972534,53.4971771240,7747000
2014-02-25,79.0199966431,79.7500000000,78.9300003052,79.2300033569,53.7345390320,7509200
2014-02-26,79.5000000000,79.8799972534,78.5699996948,78.6500015259,53.3411865234,6586200
2014-02-27,78.6500015259,79.4599990845,78.4000015259,79.0699996948,53.6260604858,7809200
2014-02-28,79.0899963379,80.4000015259,78.8499984741,80.0699996948,54.3042373657,9870600
2014-03-03,79.1699981689,79.7099990845,79.0999984741,79.5199966431,53.9312324524,5767200
2014-03-04,79.8099975586,80.9300003052,79.8000030518,80.8499984741,54.8332443237,7518000
2014-03-05,80.3899993896,81.4700012207,80.3099975586,81.1100006104,55.3987846375,6398300
2014-03-06,81.1699981689,81.4400024414,80.9599990845,81.3300018311,55.5490493774,5874500
2014-03-07,81.5100021362,81.6299972534,81.0299987793,81.5599975586,55.7061271667,4032200
2014-03-10,81.5500030518,81.8300018311,81.2099990845,81.7300033569,55.8222389221,4313500
2014-03-11,81.8399963379,82.9800033569,81.7900009155,82.8099975586,56.5598945618,5837300
2014-03-12,82.1999969482,82.5500030518,81.8600006104,82.1500015259,56.1091003418,5674500
2014-03-13,82.2099990845,82.7099990845,81.6299972534,81.8000030518,55.8700675964,6119000
2014-03-14,81.7300033569,82.1900024414,80.8600006104,81.0000000000,55.3236351013,7763000
2014-03-17,81.4700012207,82.1399993896,81.2900009155,82.0500030518,56.0408058167,7762000
2014-03-18,82.0199966431,82.2200012207,81.5899963379,81.9499969482,55.9724998474,3488300
2014-03-19,81.9800033569,81.9899978638,81.1900024414,81.3700027466,55.5763587952,5106000
2014-03-20,81.3600006104,81.9100036621,81.2500000000,81.8600006104,55.9110298157,3241100
2014-03-21,82.2200012207,82.5699996948,81.5000000000,82.1399993896,56.1022682190,9206700
2014-03-24,82.3300018311,82.5699996948,81.5299987793,81.8899993896,55.9315071106,5253600
2014-03-25,81.9000015259,82.5000000000,81.9000015259,82.4000015259,56.2798500061,4170500
2014-03-26,82.5699996948,83.7399978638,82.4899978638,82.8700027466,56.6008796692,6388200
2014-03-27,82.8499984741,83.2099990845,82.5000000000,82.5400009155,56.3754806519,4352000
2014-03-28,82.6999969482,83.2099990845,82.6999969482,82.9499969482,56.6554908752,4078100
2014-03-31,83.7399978638,83.8000030518,83.1699981689,83.5000000000,57.0311622620,6620900
2014-04-01,83.0699996948,83.2699966431,82.7300033569,82.8799972534,56.6076812744,4676800
2014-04-02,82.8199996948,82.9499969482,82.4400024414,82.7300033569,56.5052490234,4919200
2014-04-03,82.9199981689,83.0999984741,82.5999984741,82.9100036621,56.6281700134,3362700
2014-04-04,83.1699981689,83.1800003052,82.5800018311,82.5899963379,56.4096450806,4404100
2014-04-07,82.3700027466,84.2300033569,82.3000030518,83.9100036621,57.3112068176,8976500
2014-04-08,83.9300003052,84.0000000000,83.1500015259,83.4700012207,57.0106697083,6552700
2014-04-09,83.4700012207,84.0000000000,83.2799987793,83.9100036621,57.3112068176,4926400
2014-04-10,83.8499984741,84.8199996948,83.5999984741,83.6200027466,57.1131248474,7665500
2014-04-11,81.9899978638,84.2200012207,81.9899978638,83.1500015259,56.7921066284,6703700
2014-04-14,83.5699996948,83.9100036621,83.0500030518,83.5500030518,57.0653228760,4617800
2014-04-15,83.9700012207,84.0400009155,83.5400009155,83.9599990845,57.3453636169,5673800
2014-04-16,84.4199981689,84.9800033569,84.3700027466,84.7699966431,57.8985900879,5578400
2014-04-17,85.9000015259,85.9400024414,84.4899978638,85.5500030518,58.4313354492,11168400
2014-04-21,85.2099990845,85.9499969482,85.0100021362,85.9100036621,58.6772117615,4889800
2014-04-22,85.8300018311,85.8300018311,85.1399993896,85.1399993896,58.1512908936,4483300
2014-04-23,85.2699966431,85.6999969482,85.0599975586,85.4100036621,58.3357009888,4805300
2014-04-24,85.3799972534,85.6699981689,85.0000000000,85.5199966431,58.4108314514,3749700
2014-04-25,85.4599990845,85.7900009155,85.1100006104,85.2500000000,58.2264328003,3749300
2014-04-28,85.5400009155,87.0000000000,85.4499969482,86.8199996948,59.2987403870,5978500
2014-04-29,86.9300003052,86.9400024414,85.7600021362,85.7600021362,58.5747566223,4869100
2014-04-30,85.7300033569,86.0699996948,85.4300003052,85.8899993896,58.6635589600,4387500
2014-05-01,86.0000000000,86.1299972534,84.9499969482,85.5699996948,58.4449882507,3848700
2014-05-02,85.3499984741,85.8600006104,85.0999984741,85.5199966431,58.4108314514,3438000
2014-05-05,85.1699981689,86.0800018311,85.1399993896,85.9100036621,58.6772117615,2989800
2014-05-06,85.4899978638,85.9800033569,85.3199996948,85.3700027466,58.3083915710,3141100
2014-05-07,85.3099975586,87.1200027466,85.3099975586,86.8000030518,59.2851028442,5500600
2014-05-08,86.7900009155,87.0899963379,86.4199981689,86.6600036621,59.1894721985,3507900
2014-05-09,86.5699996948,87.2500000000,86.4199981689,87.1699981689,59.5378036499,3330100
2014-05-12,87.3199996948,87.6800003052,86.6299972534,86.9300003052,59.3738975525,3218600
2014-05-13,86.9499969482,87.4400024414,86.8099975586,87.2300033569,59.5787925720,2259400
2014-05-14,87.2399978638,87.4400024414,86.7799987793,86.8399963379,59.3124160767,2726300
2014-05-15,86.8399963379,86.9000015259,85.6900024414,85.7399978638,58.5610847473,3877100
2014-05-16,85.5899963379,86.6200027466,85.5699996948,86.5400009155,59.1075210571,3672600
2014-05-19,85.9400024414,86.1999969482,85.4499969482,86.0999984741,58.8069648743,4201400
2014-05-20,85.9599990845,86.2399978638,85.3600006104,85.6500015259,58.4996185303,4510200
2014-05-21,85.7799987793,86.1500015259,85.5299987793,86.0999984741,58.8069648743,2647100
2014-05-22,86.0599975586,86.0999984741,85.4000015259,85.5800018311,58.4518051147,2970600
2014-05-23,85.3600006104,86.0500030518,85.3600006104,85.8300018311,58.6225776672,2750700
2014-05-27,85.8099975586,86.6299972534,85.6500015259,86.5299987793,59.1006698608,4400100
2014-05-28,86.3499984741,87.1600036621,86.3399963379,87.0699996948,59.4695053101,4030700
2014-05-29,86.9899978638,87.8399963379,86.8799972534,87.7300033569,59.9202842712,4647300
2014-05-30,87.6100006104,88.4800033569,87.4100036621,88.3300018311,60.3300933838,5181600
2014-06-02,88.1200027466,88.3899993896,87.7600021362,87.8700027466,60.0158996582,2876100
2014-06-03,87.4400024414,88.2399978638,87.3099975586,88.2200012207,60.2549591064,5174700
2014-06-04,87.5199966431,88.0500030518,87.3399963379,87.4300003052,60.1620788574,3872400
2014-06-05,87.7900009155,87.9199981689,87.2200012207,87.7600021362,60.3891410828,2937800
2014-06-06,87.8600006104,88.0699996948,87.5299987793,87.9100036621,60.4923706055,3675400
2014-06-09,87.8199996948,88.3300018311,87.8199996948,88.0000000000,60.5542907715,2280100
2014-06-10,87.8399963379,88.7200012207,87.6699981689,88.4199981689,60.8432998657,3420600
2014-06-11,88.1500015259,88.5000000000,87.7399978638,87.7799987793,60.4029006958,3747600
2014-06-12,87.5899963379,87.7099990845,86.9499969482,87.2200012207,60.0175437927,3856200
2014-06-13,87.1500015259,87.3600006104,86.8199996948,87.1900024414,59.9969253540,3047500
2014-06-16,86.8700027466,87.7399978638,86.7099990845,87.5500030518,60.2446250916,3894500
2014-06-17,87.6500015259,87.9700012207,87.0699996948,87.2799987793,60.0588417053,3393100
2014-06-18,87.3399963379,88.9700012207,87.1100006104,88.9000015259,61.1735610962,5314400
2014-06-19,88.9599990845,90.0999984741,88.9199981689,90.0999984741,61.9993286133,5380400
2014-06-20,90.1399993896,90.2399978638,89.0999984741,89.0999984741,61.3112258911,5697000
2014-06-23,89.1999969482,89.2600021362,87.7399978638,88.3899993896,60.8226509094,4187700
2014-06-24,88.2300033569,88.5699996948,87.8399963379,88.0500030518,60.5887184143,4309700
2014-06-25,87.9800033569,88.7200012207,87.9000015259,88.5800018311,60.9534072876,3965300
2014-06-26,89.0899963379,89.1399993896,87.9899978638,88.6100006104,60.9740486145,3539300
2014-06-27,88.4400024414,88.9199981689,88.3600006104,88.7600021362,61.0772666931,3646100
2014-06-30,88.4599990845,89.5000000000,88.3499984741,89.3399963379,61.4763603210,4473400
2014-07-01,89.1200027466,89.2799987793,88.8300018311,89.1299972534,61.3318710327,3541000
2014-07-02,89.2900009155,89.6900024414,89.0100021362,89.6699981689,61.7034301758,2829600
2014-07-03,89.9000015259,90.1399993896,89.5299987793,90.0199966431,61.9442787170,2216800
2014-07-07,89.6100006104,89.9400024414,89.4800033569,89.8600006104,61.8342132568,2534500
2014-07-08,90.0599975586,90.0800018311,89.4800033569,89.7300033569,61.7447280884,3128700
2014-07-09,89.9000015259,90.0999984741,89.6200027466,89.7699966431,61.7722625732,2603300
2014-07-10,89.2300033569,90.2200012207,89.1500015259,90.0999984741,61.9993286133,3145600
2014-07-11,89.9300003052,90.2099990845,89.4499969482,89.8499984741,61.8273010254,3655300
2014-07-14,90.1999969482,91.3899993896,90.0699996948,91.0800018311,62.6736907959,4496100
2014-07-15,90.3099975586,90.9499969482,90.1800003052,90.3399963379,62.1644859314,3959100
2014-07-16,90.6299972534,90.8799972534,90.0599975586,90.5000000000,62.2745933533,5121600
2014-07-17,90.1500015259,90.6699981689,89.9700012207,89.9899978638,61.9236412048,2823800
2014-07-18,90.1299972534,90.2799987793,89.6900024414,90.0899963379,61.9924545288,5273200
2014-07-21,89.6200027466,90.1399993896,89.3799972534,89.9100036621,61.8685874939,3024100
2014-07-22,89.6100006104,89.6399993896,89.0100021362,89.1699981689,61.3593978882,5304400
2014-07-23,91.2600021362,93.0899963379,90.7600021362,90.8199996948,62.4947814941,10953700
2014-07-24,91.6200027466,92.3399963379,91.3600006104,91.9100036621,63.2448310852,5614700
2014-07-25,91.9800033569,92.1500015259,91.2900009155,91.5500030518,62.9970893860,2925000
2014-07-28,91.5500030518,91.8000030518,90.6399993896,90.9700012207,62.5979957581,4653900
2014-07-29,90.9100036621,90.9700012207,90.1399993896,90.1399993896,62.0268821716,4268600
2014-07-30,90.4899978638,90.5500030518,88.7200012207,88.9100036621,61.1804885864,4250200
2014-07-31,88.2399978638,88.9100036621,88.0699996948,88.0999984741,60.6231079102,4825900
2014-08-01,87.7099990845,88.9300003052,87.4599990845,88.1100006104,60.6299896240,3987700
2014-08-04,88.3300018311,89.7200012207,88.1299972534,89.6900024414,61.7172126770,6488900
2014-08-05,89.3799972534,89.6800003052,88.8899993896,89.1999969482,61.3800277710,7678800
2014-08-06,88.4300003052,90.7600021362,88.4300003052,90.5100021362,62.2814636230,6589900
2014-08-07,90.7900009155,90.8499984741,89.5400009155,89.9000015259,61.8617095947,4625600
2014-08-08,89.9000015259,90.3499984741,89.5100021362,90.2900009155,62.1300773621,4739900
2014-08-11,91.0999984741,91.8600006104,90.6999969482,91.7900009155,63.1622543335,5231100
2014-08-12,91.4599990845,91.8899993896,91.0199966431,91.2099990845,62.7631454468,2776000
2014-08-13,91.5599975586,91.8700027466,91.0800018311,91.7399978638,63.1278495789,3690300
2014-08-14,91.8199996948,92.0800018311,91.4599990845,91.7900009155,63.1622543335,3624900
2014-08-15,92.0999984741,92.7500000000,91.2900009155,91.8499984741,63.2035255432,3844600
2014-08-18,92.1999969482,92.5199966431,92.0000000000,92.1500015259,63.4099845886,2974700
2014-08-19,92.2200012207,92.3600006104,91.7799987793,91.8600006104,63.2104339600,3086300
2014-08-20,91.8199996948,92.4400024414,91.5199966431,92.2300033569,63.4650459290,5709300
2014-08-21,92.5699996948,93.1900024414,92.0100021362,92.0500030518,63.3411903381,4060300
2014-08-22,92.2699966431,92.5899963379,91.5999984741,91.5999984741,63.0315055847,3865500
2014-08-25,92.5800018311,93.4499969482,92.5800018311,93.1900024414,64.1256103516,5031800
2014-08-26,93.2099990845,93.5100021362,92.5599975586,92.5999984741,63.7196197510,3143400
2014-08-27,92.7200012207,92.7200012207,92.0599975586,92.2300033569,63.4650459290,2955100
2014-08-28,92.0899963379,92.6999969482,91.8099975586,92.5800018311,63.7058525085,3234300
2014-08-29,92.7300033569,92.9100036621,92.0100021362,92.4899978638,63.6439094543,3657700
2014-09-02,92.6200027466,93.1399993896,92.3799972534,92.4800033569,63.6370391846,5130300
2014-09-03,92.4000015259,92.7600021362,91.8099975586,92.7500000000,64.2781066895,4929600
2014-09-04,92.9499969482,93.1500015259,91.7699966431,91.8499984741,63.6543960571,4466800
2014-09-05,91.8499984741,91.8499984741,91.3899993896,91.7500000000,63.5850753784,3148000
2014-09-08,91.4800033569,92.2500000000,91.3899993896,91.8600006104,63.6612968445,3534300
2014-09-09,91.5000000000,91.7900009155,91.3000030518,91.4199981689,63.3563766479,3259200
2014-09-10,91.6699981689,91.9199981689,91.5299987793,91.7900009155,63.6128196716,3720500
2014-09-11,91.6900024414,91.9499969482,91.4800033569,91.6500015259,63.5157508850,3670600
2014-09-12,91.5999984741,91.8000030518,90.5800018311,90.8700027466,62.9752159119,3587700
2014-09-15,91.0699996948,91.3099975586,90.7799987793,91.1999969482,63.2039337158,3770700
2014-09-16,91.1399993896,93.0899963379,90.9499969482,92.5699996948,64.1533660889,5155400
2014-09-17,92.6699981689,93.3099975586,92.0500030518,92.8499984741,64.3474121094,4997200
2014-09-18,92.9700012207,93.5000000000,92.6999969482,93.3700027466,64.7077941895,4753300
2014-09-19,93.8600006104,94.2099990845,93.4199981689,93.7900009155,64.9988327026,6259500
2014-09-22,93.4199981689,93.7799987793,93.2900009155,93.5800018311,64.8533325195,3790600
2014-09-23,93.5500030518,93.5800018311,92.8399963379,92.9300003052,64.4028549194,3386300
2014-09-24,93.1100006104,94.0400009155,93.0800018311,93.5000000000,64.7979125977,4227300
2014-09-25,93.4000015259,93.4300003052,92.4800033569,92.6699981689,64.2226867676,4372400
2014-09-26,92.5000000000,93.3300018311,92.4400024414,93.1299972534,64.5414657593,3536300
2014-09-29,92.5100021362,93.3899993896,92.5100021362,93.1500015259,64.5553283691,2973500
2014-09-30,92.9499969482,93.4300003052,92.9199981689,93.0899963379,64.5137557983,4219300
2014-10-01,92.6699981689,93.2200012207,92.4199981689,92.6500015259,64.2088317871,4842800
2014-10-02,92.8099975586,92.9199981689,92.3300018311,92.5800018311,64.1603088379,3513800
2014-10-03,93.0100021362,93.5299987793,92.6500015259,93.5000000000,64.7979125977,4084400
2014-10-06,93.5000000000,93.6500015259,92.7900009155,93.3700027466,64.7077941895,3733100
2014-10-07,93.2900009155,93.5400009155,92.9000015259,93.0999984741,64.5206832886,6799900
2014-10-08,92.9499969482,93.9400024414,92.7600021362,93.9400024414,65.1028060913,5715200
2014-10-09,95.3499984741,96.2200012207,93.5599975586,93.5699996948,64.8464202881,9094000
2014-10-10,93.6600036621,95.9000015259,93.6600036621,94.6500015259,65.5948562622,8350900
2014-10-13,94.7099990845,95.4499969482,93.8300018311,93.9400024414,65.1028060913,5194500
2014-10-14,94.4599990845,94.5199966431,92.5899963379,93.0100021362,64.4583053589,5869000
2014-10-15,91.8399963379,92.5599975586,90.7600021362,91.7699966431,63.5989227295,8580700
2014-10-16,90.2699966431,91.0299987793,89.8199996948,90.7900009155,62.9197654724,7226400
2014-10-17,91.0899963379,92.0000000000,90.5500030518,91.5100021362,63.4187698364,6260100
2014-10-20,91.6600036621,93.7200012207,91.5899963379,93.5500030518,64.8325347900,6883100
2014-10-21,93.2600021362,93.9599990845,92.1699981689,93.7300033569,64.9572830200,6982200
2014-10-22,93.8499984741,95.0199966431,93.6399993896,94.4599990845,65.4631729126,5148200
2014-10-23,94.9400024414,95.3199996948,93.5000000000,93.7600021362,64.9780578613,5805000
2014-10-24,93.7600021362,94.7900009155,93.5500030518,94.5999984741,65.5602035522,4005800
2014-10-27,94.4800033569,95.2399978638,94.3099975586,94.6200027466,65.5740432739,3135500
2014-10-28,94.6900024414,95.2600021362,94.3000030518,95.2600021362,66.0176162720,3368300
2014-10-29,95.5000000000,95.5000000000,94.0699996948,94.6900024414,65.6225738525,3274300
2014-10-30,94.4499969482,96.0999984741,94.1500015259,95.6500015259,66.2878875732,3567200
2014-10-31,96.4100036621,96.7399978638,95.5800018311,96.1699981689,66.6482315063,5259300
2014-11-03,95.9400024414,96.4300003052,95.6100006104,95.8300018311,66.4126358032,4330400
2014-11-04,96.1399993896,96.8399963379,95.9899978638,96.7300033569,67.0363540649,3944500
2014-11-05,97.5199966431,97.8600006104,96.3700027466,96.8899993896,67.1472396851,3804100
2014-11-06,96.9599990845,97.1999969482,96.5100021362,96.8099975586,67.0917816162,4198500
2014-11-07,96.8099975586,96.8099975586,95.5000000000,96.8000030518,67.0848617554,5273400
2014-11-10,96.4000015259,96.9899978638,96.1600036621,96.9700012207,67.2026824951,3345500
2014-11-11,96.9599990845,97.3799972534,96.6399993896,96.6999969482,67.0155715942,3263600
2014-11-12,96.6999969482,97.3899993896,96.2200012207,97.1600036621,67.3343582153,3247500
2014-11-13,96.5299987793,98.9599990845,96.5299987793,98.5400009155,68.2907257080,6257900
2014-11-14,98.4899978638,98.5500030518,97.3600006104,97.7200012207,67.7224349976,4335400
2014-11-17,96.8499984741,98.5500030518,96.8499984741,98.4199981689,68.2075729370,3745200
2014-11-18,98.4199981689,98.5000000000,97.8600006104,97.9400024414,67.8749084473,3908600
2014-11-19,97.9400024414,98.4400024414,97.7500000000,98.4100036621,68.2006454468,3396800
2014-11-20,98.0100021362,98.6200027466,97.8700027466,98.0599975586,67.9580917358,3727100
2014-11-21,99.0299987793,99.1299972534,98.2399978638,98.8899993896,68.5332870483,5259800
2014-11-24,98.8799972534,99.2500000000,98.4899978638,98.6800003052,68.3877487183,4540700
2014-11-25,98.5100021362,99.1900024414,98.5000000000,98.9300003052,68.5610122681,3640900
2014-11-26,99.2500000000,99.6399993896,99.0100021362,99.3499984741,68.8520431519,2685600
2014-11-28,99.7200012207,100.6999969482,99.5199966431,100.0999984741,69.3718643188,2504300
2014-12-01,98.5599975586,100.1500015259,98.4899978638,99.6699981689,69.0738449097,3658500
2014-12-02,99.9800033569,100.5699996948,99.6100006104,100.3899993896,69.5728073120,3888000
2014-12-03,99.6999969482,99.6999969482,98.1800003052,98.3199996948,68.5857696533,4943800
2014-12-04,98.0400009155,98.2799987793,97.4000015259,97.7500000000,68.1881256104,4582600
2014-12-05,97.6200027466,97.9300003052,97.1999969482,97.7600021362,68.1951065063,5308200
2014-12-08,97.8700027466,98.1100006104,97.5000000000,97.7799987793,68.2090530396,4233800
2014-12-09,97.2200012207,97.7500000000,96.2099990845,97.1299972534,67.7556304932,3459700
2014-12-10,97.2300033569,97.5999984741,96.0699996948,96.1800003052,67.0929336548,3972300
2014-12-11,96.3000030518,97.0000000000,96.0100021362,96.2900009155,67.1696777344,4784700
2014-12-12,95.6600036621,96.7699966431,94.7099990845,94.7399978638,66.0884323120,3935900
2014-12-15,95.1299972534,95.7200012207,93.8600006104,94.1399993896,65.6698837280,4555200
2014-12-16,93.5400009155,94.9700012207,92.5299987793,92.5899963379,64.5886154175,6962800
2014-12-17,92.7900009155,94.0999984741,92.4300003052,93.7200012207,65.3769149780,6189200
2014-12-18,94.7099990845,95.4100036621,93.7399978638,95.3600006104,66.5209121704,8122800
2014-12-19,95.3000030518,96.1999969482,95.2099990845,95.4400024414,66.5767364502,7678700
2014-12-22,95.7900009155,96.6600036621,95.4700012207,96.6200027466,67.3998641968,3623000
2014-12-23,97.2399978638,97.5000000000,96.8600006104,97.3600006104,67.9160690308,3065800
2014-12-24,97.5000000000,97.8899993896,97.0500030518,97.0899963379,67.7277145386,1604100
2014-12-26,97.1200027466,97.5699996948,96.9700012207,97.0500030518,67.6998214722,1492700
2014-12-29,96.6200027466,97.0999984741,96.0199966431,96.7300033569,67.4766082764,2453800
2014-12-30,96.2099990845,96.7799987793,95.9199981689,95.9599990845,66.9394760132,2134400
2014-12-31,95.6699981689,95.9800033569,94.5400009155,94.5599975586,65.9628295898,3727400
2015-01-02,94.9300003052,95.3399963379,94.0500030518,94.4400024414,65.8791503906,3545700
2015-01-05,94.4499969482,95.0500030518,93.7200012207,93.7300033569,65.3838729858,6441000
2015-01-06,94.0800018311,94.6200027466,92.9400024414,93.0199966431,64.8886260986,6195000
2015-01-07,95.1299972534,96.2300033569,94.4300003052,95.7399978638,66.7860031128,6526300
2015-01-08,96.7399978638,97.9100036621,96.6800003052,97.4800033569,67.9997634888,7131600
2015-01-09,97.5500030518,97.6699981689,96.5899963379,96.8199996948,67.5393905640,4061500
2015-01-12,96.9499969482,97.3399963379,96.1900024414,96.4199981689,67.2603759766,4192700
2015-01-13,96.6699981689,97.4899978638,95.8199996948,96.3499984741,67.2115097046,5371300
2015-01-14,95.4599990845,96.8000030518,95.4599990845,96.6699981689,67.4347534180,5127800
2015-01-15,97.1399993896,97.3199996948,96.3799972534,96.6699981689,67.4347534180,4424000
2015-01-16,96.6600036621,97.4300003052,96.3399963379,97.2900009155,67.8672485352,4404400
2015-01-20,98.3300018311,98.3300018311,96.8300018311,97.5100021362,68.0207290649,7029500
2015-01-21,97.0199966431,98.2200012207,96.5999984741,97.4000015259,67.9439926147,5031100
2015-01-22,97.4800033569,99.0000000000,97.0400009155,98.9000015259,68.9903488159,7620400
2015-01-23,98.3600006104,98.9899978638,98.0999984741,98.5299987793,68.7322616577,4857700
2015-01-26,98.1900024414,98.9499969482,97.6699981689,98.6900024414,68.8438720703,4298700
2015-01-27,97.6500015259,98.0500030518,95.2500000000,96.7200012207,67.4696426392,7365300
2015-01-28,97.2099990845,97.7699966431,95.6600036621,95.7200012207,66.7720718384,6280100
2015-01-29,95.7200012207,96.4800033569,94.8700027466,96.0299987793,66.9882965088,4600300
2015-01-30,95.1100006104,95.3300018311,93.5599975586,93.7799987793,65.4187316895,7741500
2015-02-02,93.8600006104,95.4400024414,93.5999984741,95.3300018311,66.5000000000,6889500
2015-02-03,96.0199966431,96.5599975586,95.5800018311,96.1999969482,67.1068878174,5090400
2015-02-04,96.0299987793,97.2699966431,96.0299987793,96.5999984741,67.3859252930,5064700
2015-02-05,97.2300033569,97.2300033569,96.4100036621,96.6100006104,67.3928985596,4466200
2015-02-06,96.6800003052,97.0599975586,96.3499984741,96.7099990845,67.4626617432,4629200
2015-02-09,96.5800018311,96.9100036621,95.5899963379,95.9700012207,66.9464492798,4217100
2015-02-10,96.7300033569,98.0999984741,96.3799972534,97.9899978638,68.3555374146,6797400
2015-02-11,100.0500030518,100.7600021362,99.1999969482,100.4000015259,70.0367279053,9736400
2015-02-12,100.0500030518,100.5000000000,99.3799972534,100.2699966431,69.9460220337,9062300
2015-02-13,100.1500015259,100.1500015259,98.9400024414,99.1299972534,69.1508102417,5643000
2015-02-17,98.4499969482,98.7099990845,98.0000000000,98.3600006104,68.6136627197,5877800
2015-02-18,98.2399978638,99.4899978638,98.1600036621,99.3300018311,69.2902908325,3472500
2015-02-19,99.3000030518,99.5999984741,98.5299987793,98.7200012207,68.8647766113,4186300
2015-02-20,98.2200012207,99.0699996948,97.8300018311,99.0599975586,69.1019592285,3945500
2015-02-23,99.1600036621,99.4800033569,98.7399978638,99.4499969482,69.3740158081,3075700
2015-02-24,99.4499969482,99.9700012207,99.1399993896,99.5800018311,69.4646911621,3389900
2015-02-25,99.6800003052,99.8199996948,98.9100036621,99.5000000000,69.4088821411,3366100
2015-02-26,99.1500015259,99.3600006104,98.9800033569,99.0699996948,69.1089248657,5722000
2015-02-27,99.2200012207,99.3700027466,98.9700012207,98.9800033569,69.0461425781,6461700
2015-03-02,98.9800033569,99.3000030518,98.7300033569,99.0000000000,69.0600891113,3613600
2015-03-03,98.8199996948,98.9499969482,98.1200027466,98.4000015259,68.6415557861,4148100
2015-03-04,97.7200012207,97.8499984741,97.1200027466,97.3600006104,68.3711853027,3884200
2015-03-05,97.6999969482,97.8300018311,97.2099990845,97.2300033569,68.2799072266,3537200
2015-03-06,97.0000000000,97.1500015259,95.9400024414,96.1699981689,67.5354843140,6466100
2015-03-09,96.0000000000,96.5000000000,95.9700012207,96.0400009155,67.4442214966,4810500
2015-03-10,95.3799972534,95.5999984741,94.4300003052,94.4300003052,66.3136062622,5390300
2015-03-11,94.4599990845,94.6299972534,93.4499969482,93.6299972534,65.7518005371,4637300
2015-03-12,93.9599990845,95.7600021362,93.8399963379,95.7099990845,67.2124557495,4455000
2015-03-13,94.8899993896,95.5899963379,93.9400024414,94.3199996948,66.2363510132,4703800
2015-03-16,94.5599975586,95.5299987793,94.4800033569,95.4499969482,67.0298614502,4687400
2015-03-17,94.9400024414,95.2900009155,94.0599975586,94.1299972534,66.1029052734,4507400
2015-03-18,93.9899978638,95.0500030518,92.2399978638,94.6399993896,66.4610519409,7692100
2015-03-19,94.4300003052,94.5800018311,93.6999969482,94.0999984741,66.0818405151,4386400
2015-03-20,94.1999969482,95.4800033569,94.0999984741,95.3399963379,66.9526596069,8810400
2015-03-23,95.4700012207,96.1200027466,95.3399963379,95.8499984741,67.3107757568,4739400
2015-03-24,96.7099990845,97.1600036621,95.8099975586,95.8600006104,67.3178253174,7118600
2015-03-25,96.4300003052,96.4400024414,95.2300033569,95.2600021362,66.8964538574,4965600
2015-03-26,95.2500000000,95.9800033569,94.7900009155,95.6299972534,67.1563034058,5077700
2015-03-27,95.2799987793,96.1600036621,95.1800003052,95.9499969482,67.3810272217,4245600
2015-03-30,96.2799987793,96.6800003052,95.5500030518,96.5199966431,67.7813110352,5021200
2015-03-31,96.2200012207,96.5899963379,95.6200027466,95.6200027466,67.1492614746,4397600
2015-04-01,95.1600036621,95.2799987793,94.1699981689,95.0899963379,66.7770843506,4241200
2015-04-02,94.7799987793,95.9300003052,94.7799987793,95.6900024414,67.1984405518,3586200
2015-04-06,95.5299987793,97.0899963379,95.5299987793,96.4800033569,67.7531967163,4861800
2015-04-07,96.6699981689,96.8700027466,96.1900024414,96.2099990845,67.5636062622,3376600
2015-04-08,96.0999984741,96.5999984741,95.6900024414,96.0299987793,67.4371795654,3879100
2015-04-09,95.8300018311,96.6299972534,95.6399993896,96.3499984741,67.6619186401,3487000
2015-04-10,96.2799987793,96.5199966431,96.1500015259,96.1999969482,67.5565719604,2704900
2015-04-13,96.0100021362,96.2799987793,95.4800033569,95.5299987793,67.0860595703,3772900
2015-04-14,95.6699981689,96.8000030518,95.3899993896,96.4899978638,67.7602310181,4501700
2015-04-15,96.7399978638,97.3000030518,96.5000000000,96.6299972534,67.8585433960,3508700
2015-04-16,96.5299987793,96.9199981689,96.2099990845,96.4499969482,67.7321319580,3699000
2015-04-17,95.8399963379,96.1200027466,95.3600006104,95.8099975586,67.2827148438,4991600
2015-04-20,96.2600021362,96.9400024414,96.2399978638,96.5000000000,67.7672424316,4468600
2015-04-21,97.1999969482,97.5599975586,96.5400009155,96.7799987793,67.9638824463,4184300
2015-04-22,97.2500000000,97.6399993896,96.6800003052,97.2799987793,68.3150405884,5293600
2015-04-23,96.6699981689,97.4400024414,95.4499969482,95.7300033569,67.2265243530,7827700
2015-04-24,95.7099990845,95.7099990845,94.5100021362,95.1699981689,66.8332672119,5381700
2015-04-27,95.1699981689,95.2699966431,94.4599990845,94.4899978638,66.3557434082,5348500
2015-04-28,94.7399978638,94.7699966431,94.0199966431,94.4199981689,66.3065567017,5065900
2015-04-29,94.2200012207,94.4700012207,93.2600021362,94.3799972534,66.2784652710,4963600
2015-04-30,94.1600036621,95.3300018311,93.7600021362,95.1200027466,66.7981643677,6714400
2015-05-01,95.1600036621,95.6200027466,94.7600021362,95.5599975586,67.1071166992,4622300
2015-05-04,95.4499969482,96.2500000000,95.2600021362,95.9499969482,67.3810272217,3729400
2015-05-05,96.0199966431,96.1699981689,95.2399978638,95.4199981689,67.0088424683,3502800
2015-05-06,95.9199981689,95.9700012207,94.9499969482,95.4800033569,67.0509490967,3376400
2015-05-07,95.1500015259,95.6699981689,94.9499969482,95.1500015259,66.8192214966,3157400
2015-05-08,95.9100036621,96.6100006104,95.5500030518,96.5500030518,67.8023605347,5231600
2015-05-11,96.2699966431,97.0999984741,96.1200027466,96.3499984741,67.6619186401,3070300
2015-05-12,96.0000000000,96.3799972534,95.0000000000,96.1999969482,67.5565719604,4229900
2015-05-13,96.2699966431,96.9599990845,96.1699981689,96.4100036621,67.7040710449,3739800
2015-05-14,96.8399963379,98.0000000000,96.7399978638,98.0000000000,68.8206481934,4018500
2015-05-15,97.8300018311,98.4400024414,97.7500000000,98.2200012207,68.9751205444,3809500
2015-05-18,98.0100021362,98.3300018311,97.6699981689,98.0500030518,68.8557357788,3328300
2015-05-19,97.9400024414,98.3399963379,97.5699996948,97.9499969482,68.7855300903,3323900
2015-05-20,98.0000000000,98.3300018311,97.6800003052,97.6900024414,68.6029434204,2789800
2015-05-21,97.4000015259,97.7900009155,96.9000015259,97.1999969482,68.2588272095,3406100
2015-05-22,97.2099990845,97.2099990845,96.2300033569,96.2600021362,67.5987091064,3311100
2015-05-26,96.0599975586,96.2799987793,95.5000000000,95.7900009155,67.2686614990,3806200
2015-05-27,95.9899978638,96.5800018311,95.7099990845,96.3799972534,67.6829986572,4028200
2015-05-28,96.5500030518,97.3899993896,95.9300003052,97.0599975586,68.1605377197,5321700
2015-05-29,97.2099990845,97.2399978638,95.9400024414,96.4300003052,67.7180862427,5731700
2015-06-01,96.5899963379,96.5899963379,95.6399993896,95.9700012207,67.3950729370,4407000
2015-06-02,95.6299972534,96.3499984741,95.3700027466,96.0500030518,67.4512557983,3959800
2015-06-03,95.8199996948,96.0000000000,95.1500015259,95.3000030518,67.4179763794,3248800
2015-06-04,95.0100021362,95.6200027466,94.1200027466,94.1399993896,66.5973663330,4793700
2015-06-05,93.8700027466,93.9800033569,92.9000015259,93.0500030518,65.8262863159,4741200
2015-06-08,93.3000030518,93.4100036621,92.7399978638,92.8399963379,65.6776962280,4466600
2015-06-09,92.8000030518,93.3199996948,92.7200012207,93.0699996948,65.8404159546,3411900
2015-06-10,93.3700027466,94.0800018311,93.1299972534,93.6900024414,66.2790298462,3892000
2015-06-11,94.0000000000,94.2900009155,93.8899993896,94.0899963379,66.5619812012,3020100
2015-06-12,93.9599990845,94.0699996948,93.4400024414,93.7399978638,66.3143997192,3748500
2015-06-15,93.2699966431,93.4199981689,92.5400009155,92.6399993896,65.5362548828,7203000
2015-06-16,92.7699966431,93.7099990845,92.5800018311,93.5500030518,66.1800079346,2728700
2015-06-17,93.5699996948,94.2699966431,93.2500000000,94.0500030518,66.5337142944,3108900
2015-06-18,94.3300018311,95.5199966431,94.1200027466,95.2300033569,67.3684692383,4035400
2015-06-19,94.8799972534,95.3099975586,94.7200012207,94.8600006104,67.1067657471,5463300
2015-06-22,95.0000000000,95.8799972534,95.0000000000,95.5999984741,67.6302337646,3626700
2015-06-23,95.6100006104,95.7399978638,95.1399993896,95.5999984741,67.6302337646,3679900
2015-06-24,95.2600021362,95.7699966431,95.2600021362,95.2900009155,67.4109268188,4742000
2015-06-25,95.7500000000,95.9899978638,94.8300018311,94.8300018311,67.0855178833,4426400
2015-06-26,95.0999984741,95.4499969482,94.8300018311,94.9100036621,67.1420745850,5119600
2015-06-29,94.4000015259,94.7600021362,93.6200027466,93.6900024414,66.2790298462,3625600
2015-06-30,94.5100021362,94.6999969482,93.2600021362,93.3399963379,66.0314102173,4188500
2015-07-01,93.8000030518,94.5699996948,93.5500030518,94.5199966431,66.8661956787,4808600
2015-07-02,94.5999984741,94.9800033569,94.2099990845,94.6600036621,66.9652328491,3209600
2015-07-06,94.0400009155,94.9199981689,94.0100021362,94.4000015259,66.7813186646,4952400
2015-07-07,94.7799987793,96.6600036621,94.5400009155,96.4000015259,68.1961593628,7724800
2015-07-08,95.7099990845,96.2799987793,95.5100021362,95.6100006104,67.6372756958,6055100
2015-07-09,97.3399963379,97.3499984741,94.0800018311,94.5899963379,66.9157104492,9932300
2015-07-10,95.4199981689,96.2699966431,95.0100021362,95.5500030518,67.5948410034,7233600
2015-07-13,96.3000030518,97.4899978638,96.1600036621,97.2200012207,68.7762680054,7263800
2015-07-14,97.4000015259,97.4800033569,96.7300033569,97.1299972534,68.7125854492,4479400
2015-07-15,97.0699996948,97.3399963379,96.3199996948,96.3499984741,68.1607818604,5464700
2015-07-16,97.0899963379,97.3399963379,96.8700027466,96.9000015259,68.5498886108,4253000
2015-07-17,96.5400009155,96.8199996948,96.0500030518,96.7799987793,68.4649810791,3573300
2015-07-20,97.0800018311,97.4800033569,96.8000030518,97.3099975586,68.8399200439,3391800
2015-07-21,97.4800033569,97.4800033569,96.8399963379,96.9300003052,68.5710906982,3065400
2015-07-22,97.0199966431,97.4800033569,96.8000030518,97.1699981689,68.7408905029,3371300
2015-07-23,97.0000000000,97.3700027466,96.4599990845,96.8700027466,68.5286560059,2742900
2015-07-24,96.6699981689,96.8899993896,96.0899963379,96.1800003052,68.0405273438,3631700
2015-07-27,96.0299987793,96.4199981689,95.3300018311,95.6600036621,67.6726913452,4783400
2015-07-28,96.2300033569,96.2300033569,95.6399993896,96.1100006104,67.9910278320,4937100
2015-07-29,96.1800003052,96.7699966431,96.0500030518,96.5299987793,68.2881469727,3851100
2015-07-30,96.1800003052,96.8799972534,96.1500015259,96.6299972534,68.3588638306,3380700
2015-07-31,97.1699981689,97.1699981689,96.1999969482,96.3499984741,68.1607818604,5049600
2015-08-03,96.1900024414,97.4800033569,96.1699981689,97.4499969482,68.9389648438,3711100
2015-08-04,97.3000030518,98.0000000000,97.1800003052,97.8099975586,69.1936340332,3955000
2015-08-05,98.0199966431,99.3499984741,97.8899993896,99.1900024414,70.1699295044,4320400
2015-08-06,99.6600036621,100.6100006104,99.0999984741,99.1500015259,70.1416015625,6224000
2015-08-07,99.0100021362,99.4499969482,98.7200012207,99.0999984741,70.1062316895,4608300
2015-08-10,99.5199966431,99.6999969482,98.8899993896,99.0899963379,70.0991210938,4753700
2015-08-11,98.5999984741,98.7500000000,98.1500015259,98.6200027466,69.7666473389,3581300
2015-08-12,98.0400009155,98.4300003052,97.0000000000,98.3799972534,69.5968551636,3743300
2015-08-13,98.4000015259,99.2300033569,98.0299987793,98.7900009155,69.8869094849,4190600
2015-08-14,98.8300018311,99.2699966431,98.6999969482,99.2300033569,70.1981887817,3375600
2015-08-17,98.8199996948,100.0899963379,98.7500000000,99.8600006104,70.6438903809,3253100
2015-08-18,99.5000000000,100.4199981689,99.5000000000,99.7699966431,70.5801925659,4578500
2015-08-19,99.3799972534,99.6800003052,98.6399993896,98.9899978638,70.0284194946,3903500
2015-08-20,98.3099975586,98.5999984741,97.9800033569,97.9800033569,69.3138961792,3956800
2015-08-21,97.1999969482,97.5999984741,96.0999984741,96.2500000000,68.0900497437,7514400
2015-08-24,91.5800018311,92.3300018311,76.4800033569,91.8300018311,64.9632186890,13366900
2015-08-25,94.1399993896,94.1399993896,89.5500030518,89.6399993896,63.4139175415,8258100
2015-08-26,91.7200012207,92.6299972534,89.6900024414,92.4899978638,65.4301223755,7614100
2015-08-27,93.5000000000,93.9899978638,91.8600006104,93.5999984741,66.2153701782,6690000
2015-08-28,93.0000000000,93.8399963379,92.7799987793,93.5299987793,66.1658401489,6002300
2015-08-31,92.9400024414,93.3300018311,92.6399993896,92.9300003052,65.7413940430,5328000
2015-09-01,91.1200027466,92.1600036621,90.8799972534,91.3300018311,64.6095046997,8367800
2015-09-02,91.3799972534,92.1600036621,90.8700027466,91.6399993896,65.3316650391,5935400
2015-09-03,92.0000000000,92.7500000000,91.8799972534,92.1299972534,65.6810073853,3774100
2015-09-04,91.0000000000,91.5400009155,90.6399993896,90.9199981689,64.8183746338,5653600
2015-09-08,91.9300003052,92.4000015259,91.5800018311,92.3700027466,65.8520965576,3638200
2015-09-09,93.0400009155,93.0800018311,90.5000000000,90.8300018311,64.7542114258,4474400
2015-09-10,90.5000000000,91.6999969482,90.4300003052,91.0599975586,64.9182128906,3928100
2015-09-11,90.9199981689,91.6399993896,90.6900024414,91.6200027466,65.3174133301,4062600
2015-09-14,91.6200027466,91.6399993896,90.9899978638,91.1999969482,65.0179901123,4383600
2015-09-15,91.6699981689,92.3399963379,91.1500015259,92.0599975586,65.6311111450,3725100
2015-09-16,92.3499984741,93.3199996948,92.1500015259,93.0699996948,66.3511352539,4152000
2015-09-17,93.3099975586,94.3700027466,92.6100006104,93.3700027466,66.5650405884,5300800
2015-09-18,92.1900024414,93.6299972534,91.7900009155,93.0500030518,66.3369140625,9622400
2015-09-21,93.3199996948,94.2699966431,93.2300033569,93.7099990845,66.8074188232,3654000
2015-09-22,92.9899978638,93.0800018311,91.9499969482,92.3700027466,65.8520965576,4547900
2015-09-23,92.2699966431,92.6999969482,91.8600006104,92.4000015259,65.8734893799,3401600
2015-09-24,91.8899993896,92.8600006104,91.4499969482,92.4700012207,65.9234085083,4064000
2015-09-25,92.9400024414,94.1800003052,92.6699981689,93.4700012207,66.6363372803,4897200
2015-09-28,92.9700012207,93.6500015259,92.1999969482,92.4700012207,65.9234085083,4659200
2015-09-29,92.5500030518,93.3600006104,92.3099975586,93.0400009155,66.3297576904,5632200
2015-09-30,94.0599975586,94.4000015259,93.5299987793,94.3000030518,67.2280502319,5873600
2015-10-01,94.1999969482,94.5000000000,93.1299972534,93.8499984741,66.9072265625,5061800
2015-10-02,93.1699981689,94.2200012207,92.5299987793,94.1600036621,67.1282424927,5163700
2015-10-05,94.9100036621,95.9800033569,94.5899963379,95.8099975586,68.3045501709,5700200
2015-10-06,97.9599990845,98.0000000000,96.7300033569,97.0699996948,69.2028350830,7094300
2015-10-07,97.1900024414,98.9899978638,97.0800018311,98.5199966431,70.2365417480,6528200
2015-10-08,97.5999984741,99.0100021362,97.5999984741,98.9700012207,70.5573730469,4683300
2015-10-09,98.9000015259,99.6200027466,98.8099975586,99.4700012207,70.9138336182,5607000
2015-10-12,98.9499969482,100.0999984741,98.6900024414,99.1399993896,70.6785583496,4581300
2015-10-13,98.9599990845,99.1600036621,97.8899993896,97.9199981689,69.8088226318,5989400
2015-10-14,97.7699966431,98.2099990845,97.4100036621,97.4899978638,69.5022506714,4238400
2015-10-15,98.1100006104,98.4899978638,97.4300003052,98.2799987793,70.0654449463,5763900
2015-10-16,98.8499984741,99.8099975586,98.3000030518,99.6999969482,71.0777587891,5550800
2015-10-19,99.6999969482,100.2699966431,99.5199966431,100.1800003052,71.4199829102,4902700
2015-10-20,99.9499969482,100.3899993896,99.6699981689,100.2699966431,71.4841232300,3613600
2015-10-21,99.9000015259,100.9000015259,99.7399978638,100.2500000000,71.4698791504,4332000
2015-10-22,100.6699981689,103.3799972534,100.3300018311,103.0800018311,73.4874496460,5934800
2015-10-23,103.3199996948,103.4400024414,101.9300003052,102.4300003052,73.0240631104,5015800
2015-10-26,102.3899993896,102.8099975586,101.8499984741,102.5400009155,73.1024703979,3770700
2015-10-27,102.1299972534,103.1999969482,102.0100021362,102.9400024414,73.3876342773,3995700
2015-10-28,103.1100006104,103.1999969482,101.4800033569,102.7399978638,73.2450408936,5164800
2015-10-29,102.0899963379,103.0999984741,101.9000015259,102.8000030518,73.2878341675,3008100
2015-10-30,102.6299972534,103.2399978638,102.1900024414,102.1900024414,72.8529739380,5425800
2015-11-02,102.1399993896,102.5800018311,101.0999984741,101.4000015259,72.2897338867,5007300
2015-11-03,101.1600036621,101.2099990845,99.8300018311,100.9199981689,71.9475555420,4174900
2015-11-04,100.8899993896,101.3399963379,100.4000015259,100.6200027466,71.7336807251,3345600
2015-11-05,100.6200027466,100.9400024414,100.1900024414,100.6100006104,71.7265548706,2834100
2015-11-06,100.0699996948,100.2900009155,99.1500015259,99.7200012207,71.0920486450,4660400
2015-11-09,99.4800033569,99.5999984741,98.2300033569,98.8799972534,70.4932022095,3959900
2015-11-10,98.5000000000,99.2200012207,98.3799972534,98.8300018311,70.4575500488,3367800
2015-11-11,99.2799987793,99.9599990845,99.0899963379,99.4300003052,70.8853073120,3147300
2015-11-12,98.9000015259,99.3300018311,98.3399963379,98.3700027466,70.1296234131,3892800
2015-11-13,98.1900024414,98.9499969482,97.8099975586,98.0400009155,69.8943252563,4001000
2015-11-16,97.7500000000,99.6600036621,97.6500015259,99.5599975586,70.9780044556,3446600
2015-11-17,99.5400009155,99.8799972534,98.5599975586,98.8300018311,70.4575500488,3446500
2015-11-18,99.0699996948,100.3799972534,98.9100036621,100.2699966431,71.4841232300,4074200
2015-11-19,100.5199966431,101.3700027466,100.5000000000,100.9300003052,71.9546737671,3496000
2015-11-20,101.5199966431,102.1500015259,100.0000000000,100.0999984741,71.3629760742,4800600
2015-11-23,100.4800033569,101.6900024414,100.2399978638,100.8499984741,71.8976364136,4604000
2015-11-24,100.3300018311,101.0000000000,100.0000000000,100.6299972534,71.7408294678,3405400
2015-11-25,100.5299987793,100.9400024414,100.4499969482,100.5000000000,71.6480712891,2906000
2015-11-27,100.0899963379,100.9899978638,100.0899963379,100.7399978638,71.8192291260,1463400
2015-11-30,100.7399978638,100.9700012207,100.1299972534,100.1600036621,71.4057159424,6083300
2015-12-01,100.1100006104,101.1200027466,100.1100006104,101.0599975586,72.0473632812,4473200
2015-12-02,100.3600006104,100.3799972534,99.3600006104,99.4800033569,71.4177474976,4361600
2015-12-03,99.6200027466,99.9899978638,98.7600021362,99.0899963379,71.1377792358,5661000
2015-12-04,99.1999969482,101.3700027466,98.5400009155,101.0599975586,72.5520401001,6422700
2015-12-07,101.0299987793,101.5100021362,100.1200027466,100.6699981689,72.2720565796,3408000
2015-12-08,100.4000015259,100.8099975586,99.6299972534,100.1699981689,71.9130935669,3385200
2015-12-09,99.5299987793,100.9599990845,98.9899978638,99.1299972534,71.1664581299,4195100
2015-12-10,99.3099975586,99.5999984741,98.4499969482,98.9000015259,71.0013809204,3926600
2015-12-11,97.9300003052,98.7900009155,97.5400009155,97.7799987793,70.1973037720,5429700
2015-12-14,98.0899963379,98.6200027466,96.8099975586,97.9499969482,70.3193511963,6633900
2015-12-15,98.5299987793,99.6699981689,98.1999969482,99.3899993896,71.3531341553,5554200
2015-12-16,99.8399963379,101.3300018311,99.6500015259,101.0800018311,72.5664215088,4994500
2015-12-17,101.0000000000,101.1100006104,100.1699981689,100.1999969482,71.9346542358,4303600
2015-12-18,99.7500000000,99.7600021362,97.8799972534,97.9000015259,70.2834625244,6926800
2015-12-21,98.3899993896,98.6399993896,97.7699966431,98.6200027466,70.8003540039,3089100
2015-12-22,98.9100036621,100.0699996948,98.6299972534,99.8000030518,71.6474838257,3882100
2015-12-23,100.1999969482,100.7600021362,100.0199966431,100.6399993896,72.2505264282,2929600
2015-12-24,100.5100021362,100.9700012207,100.1100006104,100.5400009155,72.1787261963,1044300
2015-12-28,100.3899993896,100.7900009155,100.1399993896,100.6800003052,72.2792510986,4017700
2015-12-29,101.1100006104,101.6999969482,100.7699966431,101.4499969482,72.8320465088,2362200
2015-12-30,101.5100021362,101.5400009155,100.9800033569,101.1500015259,72.6166687012,2333000
2015-12-31,100.5299987793,100.9100036621,99.8099975586,99.9199981689,71.7336349487,3041500
2016-01-04,98.5599975586,99.0000000000,97.8000030518,98.7699966431,70.9080276489,6689000
2016-01-05,98.8099975586,99.8499984741,98.7099990845,99.4499969482,71.3962097168,4893800
2016-01-06,98.3799972534,99.7600021362,98.1200027466,99.4800033569,71.4177474976,5483400
2016-01-07,98.4599990845,98.9800033569,97.2099990845,97.5699996948,70.0465469360,5440000
2016-01-08,97.8300018311,98.6299972534,96.9400024414,97.2099990845,69.7880859375,4853500
2016-01-11,97.3399963379,97.9199981689,96.8700027466,97.4400024414,69.9532318115,5638000
2016-01-12,98.4100036621,98.4100036621,97.1399993896,97.6200027466,70.0824584961,5185800
2016-01-13,97.4700012207,97.9400024414,96.3499984741,96.5000000000,69.2783737183,5161500
2016-01-14,96.4000015259,97.0800018311,95.6600036621,95.8099975586,68.7830200195,6592500
2016-01-15,93.9499969482,94.5599975586,93.3000030518,93.9300003052,67.4333419800,8229400
2016-01-19,94.6600036621,96.0999984741,94.4599990845,95.7699966431,68.7543106079,6828900
2016-01-20,94.8499984741,95.4199981689,93.3000030518,93.7699966431,67.3184890747,7558100
2016-01-21,94.0400009155,94.6699981689,93.2500000000,94.4700012207,67.8210220337,6076300
2016-01-22,94.8799972534,96.2900009155,94.1200027466,95.8499984741,68.8117294312,6946600
2016-01-25,95.9199981689,96.8300018311,95.5299987793,95.9400024414,68.8763504028,4407000
2016-01-26,95.9100036621,97.2200012207,95.7699966431,96.3199996948,69.1491622925,3735200
2016-01-27,95.8899993896,97.2799987793,95.5599975586,95.9400024414,68.8763504028,5795100
2016-01-28,96.4300003052,97.9000015259,96.0800018311,97.4499969482,69.9603805542,5169900
2016-01-29,97.8700027466,99.3000030518,97.5800018311,99.3000030518,71.2885284424,7340600
2016-02-01,98.5299987793,99.4000015259,97.5199966431,99.0299987793,71.0946807861,3648100
2016-02-02,98.6500015259,98.6800003052,98.0000000000,98.2099990845,70.5060195923,3809900
2016-02-03,98.8700027466,99.0299987793,97.5999984741,98.7200012207,70.8721160889,5146000
2016-02-04,98.6800003052,98.9000015259,97.0000000000,97.3899993896,69.9173049927,5212000
2016-02-05,97.6399993896,97.7099990845,96.8000030518,97.3199996948,69.8670501709,5574800
2016-02-08,97.1399993896,97.8899993896,96.4000015259,97.5199966431,70.0106430054,4729500
2016-02-09,96.6900024414,98.7900009155,96.4400024414,98.2799987793,70.5562744141,4994200
2016-02-10,98.2099990845,98.7300033569,97.5199966431,97.6200027466,70.0824584961,4505500
2016-02-11,96.3899993896,97.9400024414,96.0899963379,96.9000015259,69.5655288696,5898500
2016-02-12,96.4000015259,98.5899963379,96.1500015259,98.4899978638,70.7070236206,5110600
2016-02-16,99.1999969482,99.3000030518,98.0999984741,98.5999984741,70.7859954834,4709700
2016-02-17,99.0000000000,99.8899993896,98.8000030518,99.5500030518,71.4680175781,4493200
2016-02-18,99.5699996948,99.9700012207,98.9700012207,99.6200027466,71.5182647705,3729100
2016-02-19,98.4599990845,100.1900024414,98.4599990845,99.5800018311,71.4895324707,4531300
2016-02-22,99.9800033569,100.5599975586,99.5800018311,99.8700027466,71.6977615356,4731500
2016-02-23,99.8899993896,100.0000000000,99.3799972534,99.5400009155,71.4608154297,3721100
2016-02-24,99.0000000000,99.7500000000,98.4000015259,99.6800003052,71.5613327026,5691200
2016-02-25,99.8300018311,100.6999969482,99.8300018311,100.6699981689,72.2720565796,4668900
2016-02-26,100.4899978638,100.5400009155,97.8399963379,98.3600006104,70.6136856079,6506200
2016-02-29,98.3600006104,99.0199966431,97.7900009155,97.8199996948,70.2260055542,5955300
2016-03-01,98.5000000000,99.1399993896,98.0500030518,99.0899963379,71.1377792358,5160200
2016-03-02,98.0500030518,98.3600006104,97.5400009155,98.3300018311,71.0965652466,4180000
2016-03-03,98.3499984741,99.2300033569,98.0199966431,99.1600036621,71.6966857910,4856600
2016-03-04,98.8099975586,100.0000000000,98.5699996948,100.0000000000,72.3040161133,7067200
2016-03-07,99.2500000000,99.5999984741,98.9700012207,99.2500000000,71.7617416382,5967100
2016-03-08,98.9700012207,100.1200027466,98.7500000000,99.7399978638,72.1160507202,4871200
2016-03-09,100.0000000000,100.5800018311,99.7399978638,100.1999969482,72.4486465454,5085000
2016-03-10,100.4499969482,100.8799972534,100.0199966431,100.7799987793,72.8679809570,5502800
2016-03-11,101.0000000000,101.4100036621,100.5899963379,101.3099975586,73.2512130737,5912400
2016-03-14,101.1299972534,101.4499969482,100.6200027466,100.6500015259,72.7740173340,3580500
2016-03-15,100.2699966431,101.5699996948,100.2500000000,101.1500015259,73.1355285645,3860300
2016-03-16,100.9400024414,101.3399963379,100.0100021362,100.8300018311,72.9041442871,4176600
2016-03-17,101.0000000000,102.1200027466,100.7900009155,101.8700027466,73.6560974121,5635800
2016-03-18,101.6699981689,101.9400024414,101.0100021362,101.2900009155,73.2367630005,7273900
2016-03-21,100.9100036621,102.1200027466,100.3199996948,101.5400009155,73.4175262451,4420300
2016-03-22,101.2799987793,101.5100021362,100.4300003052,100.7699966431,72.8607711792,3457600
2016-03-23,100.6900024414,101.7600021362,100.5299987793,100.8099975586,72.8896942139,3407900
2016-03-24,100.6999969482,100.9199981689,100.1500015259,100.6800003052,72.7957077026,3183100
2016-03-28,100.9599990845,101.6100006104,100.8199996948,100.9800033569,73.0126037598,3785500
2016-03-29,101.0500030518,101.6399993896,100.7600021362,101.3700027466,73.2945785522,3356700
2016-03-30,101.4599990845,102.8899993896,101.4100036621,102.6900024414,74.2490005493,4673600
2016-03-31,102.5400009155,103.4499969482,102.3000030518,102.4800033569,74.0971527100,5367700
2016-04-01,101.9700012207,103.8899993896,101.9499969482,103.7799987793,75.0371093750,4128600
2016-04-04,103.8000030518,103.9499969482,102.7699966431,103.8199996948,75.0660400391,4220400
2016-04-05,103.7699966431,103.9300003052,102.8700027466,103.0999984741,74.5454559326,3589200
2016-04-06,103.2500000000,103.9899978638,102.8700027466,103.9199981689,75.1383285522,4196800
2016-04-07,103.3399963379,103.9700012207,103.0299987793,103.5999984741,74.9069824219,6220900
2016-04-08,103.9899978638,105.2500000000,103.9000015259,105.0800018311,75.9770812988,6154500
2016-04-11,105.1600036621,105.7699966431,104.1600036621,104.3000030518,75.4131088257,5354000
2016-04-12,104.1699981689,105.1200027466,104.1200027466,104.9100036621,75.8541564941,3777200
2016-04-13,105.3399963379,105.3499984741,103.7600021362,104.1200027466,75.2829589844,3802400
2016-04-14,102.7300033569,104.0899963379,102.7099990845,103.1600036621,74.5888366699,5593300
2016-04-15,103.2399978638,103.8099975586,103.0100021362,103.7699966431,75.0298995972,4553500
2016-04-18,104.1600036621,104.5899963379,103.5000000000,103.7200012207,74.9937515259,7736900
2016-04-19,103.8099975586,104.6100006104,103.7600021362,104.3199996948,75.4275665283,4996200
2016-04-20,104.2300033569,104.3499984741,102.3899993896,102.4400024414,74.0682220459,4778000
2016-04-21,102.3399963379,102.3399963379,100.4199981689,100.9899978638,73.0198364258,7145600
2016-04-22,101.1699981689,102.0599975586,100.9400024414,101.9800033569,73.7356491089,5660200
2016-04-25,101.8000030518,102.8300018311,101.6100006104,102.8000030518,74.3285446167,3501300
2016-04-26,103.1999969482,103.4000015259,102.1900024414,102.5999984741,74.1839523315,3222900
2016-04-27,102.7200012207,103.3600006104,101.9100036621,102.6299972534,74.2056045532,3730900
2016-04-28,102.1699981689,103.1500015259,102.1600036621,102.9700012207,74.4514465332,4350200
2016-04-29,102.9300003052,103.1699981689,102.4000015259,102.9599990845,74.4442367554,4604000
2016-05-02,102.7399978638,103.8700027466,102.6399993896,103.4300003052,74.7840652466,3998100
2016-05-03,103.4100036621,103.9300003052,103.0000000000,103.5599975586,74.8780593872,3945400
2016-05-04,103.5100021362,104.4400024414,103.1299972534,104.0199966431,75.2106475830,3852600
2016-05-05,103.8700027466,104.8799972534,103.5999984741,104.2099990845,75.3480148315,3401400
2016-05-06,103.6800003052,104.9700012207,103.6800003052,104.9599990845,75.8903198242,3547700
2016-05-09,104.9199981689,105.7300033569,104.9100036621,105.2799987793,76.1216888428,4432300
2016-05-10,105.4300003052,106.6299972534,105.3300018311,106.5699996948,77.0543899536,3885500
2016-05-11,106.2600021362,106.9400024414,105.6299972534,105.7200012207,76.4398193359,3424900
2016-05-12,106.1299972534,106.4000015259,105.5800018311,106.0999984741,76.7145843506,3195200
2016-05-13,105.7500000000,106.0999984741,103.5400009155,104.1800003052,75.3263397217,7811500
2016-05-16,103.9800033569,104.6500015259,103.6299972534,104.1299972534,75.2901840210,4243200
2016-05-17,104.1699981689,104.3799972534,102.0100021362,102.3700027466,74.0176391602,5443300
2016-05-18,101.9499969482,102.0000000000,100.2699966431,100.9100036621,72.9619979858,6970100
2016-05-19,100.7500000000,101.4400024414,100.3000030518,101.3300018311,73.2656784058,4722400
2016-05-20,101.7099990845,101.7900009155,100.0000000000,100.0999984741,72.3763427734,5704000
2016-05-23,100.1200027466,100.7699966431,100.0000000000,100.4199981689,72.6077194214,4185900
2016-05-24,100.9100036621,101.3799972534,100.6900024414,101.0899963379,73.0921249390,3446300
2016-05-25,101.1699981689,101.5999984741,100.9599990845,101.0899963379,73.0921249390,3223800
2016-05-26,101.1999969482,101.9599990845,101.0100021362,101.9000015259,73.6778030396,4543100
2016-05-27,102.1299972534,102.3799972534,101.5999984741,101.9599990845,73.7211837769,2877000
2016-05-31,102.1399993896,102.3700027466,100.8199996948,101.1699981689,73.1499938965,6368700
2016-06-01,100.5599975586,101.5999984741,100.3000030518,101.5699996948,73.9899063110,4741400
2016-06-02,101.3300018311,102.0100021362,101.1699981689,102.0000000000,74.3031463623,3618200
2016-06-03,101.9199981689,102.8300018311,101.9199981689,102.5299987793,74.6892013550,4511700
2016-06-06,102.5400009155,103.0599975586,102.2300033569,102.6999969482,74.8130798340,2944200
2016-06-07,102.8199996948,103.1800003052,102.2799987793,102.4899978638,74.6600875854,4078700
2016-06-08,102.3600006104,103.3499984741,102.1699981689,103.1800003052,75.1627120972,2860800
2016-06-09,102.9000015259,103.8199996948,102.5400009155,103.6600036621,75.5123748779,3552200
2016-06-10,103.2500000000,103.4899978638,102.7799987793,103.3099975586,75.2574081421,3462400
2016-06-13,103.2399978638,103.6900024414,102.9800033569,103.0599975586,75.0753173828,4368300
2016-06-14,102.5999984741,103.2900009155,101.7399978638,103.2300033569,75.1991348267,4363600
2016-06-15,103.2699966431,103.5699996948,102.7500000000,102.8600006104,74.9296264648,3434400
2016-06-16,102.5100021362,103.9300003052,102.5100021362,103.8499984741,75.6508178711,3520900
2016-06-17,103.5899963379,103.8600006104,102.4000015259,103.4100036621,75.3302688599,5577900
2016-06-20,104.0699996948,104.6800003052,103.3499984741,103.3700027466,75.3011322021,3567000
2016-06-21,103.8099975586,104.4100036621,103.7600021362,104.0800018311,75.8183364868,3214500
2016-06-22,104.0800018311,104.4899978638,103.6299972534,103.7399978638,75.5706481934,3398900
2016-06-23,104.4599990845,104.5000000000,103.9100036621,104.4400024414,76.0805969238,3068100
2016-06-24,102.4899978638,103.4499969482,101.8000030518,101.9800033569,74.2885665894,8654800
2016-06-27,101.7699966431,102.3399963379,101.3000030518,102.1299972534,74.3978652954,6381900
2016-06-28,102.1600036621,102.3399963379,101.5000000000,102.1399993896,74.4051361084,5195100
2016-06-29,102.8199996948,103.3300018311,102.4599990845,103.1200027466,75.1190185547,4898700
2016-06-30,103.7500000000,106.0000000000,103.5299987793,105.9400024414,77.1732788086,7973200
2016-07-01,106.2300033569,106.4000015259,105.3799972534,105.6299972534,76.9474792480,4115700
2016-07-05,105.6699981689,106.9800033569,105.6299972534,106.4199981689,77.5229263306,5365200
2016-07-06,106.5899963379,106.7300033569,105.6299972534,105.9199981689,77.1587142944,6126500
2016-07-07,108.5299987793,109.0000000000,107.0699996948,107.4899978638,78.3024139404,9912800
2016-07-08,108.0400009155,108.5000000000,107.3199996948,108.2699966431,78.8706054688,6052800
2016-07-11,108.1600036621,109.1299972534,107.7699966431,108.9100036621,79.3368301392,6446600
2016-07-12,108.4199981689,109.1100006104,108.3700027466,108.7900009155,79.2493896484,4175800
2016-07-13,109.0699996948,110.0599975586,108.8899993896,109.9100036621,80.0652694702,5232100
2016-07-14,109.8300018311,110.9400024414,109.7600021362,109.9599990845,80.1016998291,4834300
2016-07-15,109.7699966431,110.4899978638,108.9700012207,109.6600036621,79.8831710815,5230600
2016-07-18,109.6600036621,109.6999969482,108.8399963379,109.2099990845,79.5553436279,3688700
2016-07-19,108.8600006104,109.5599975586,108.7099990845,109.5299987793,79.7884521484,3987500
2016-07-20,109.8600006104,109.9100036621,108.6800003052,108.9199981689,79.3441085815,3021800
2016-07-21,108.7099990845,108.8700027466,108.1100006104,108.5800018311,79.0964508057,2765400
2016-07-22,108.7799987793,109.4100036621,108.7799987793,109.1900024414,79.5408096313,2693100
2016-07-25,109.2399978638,109.2799987793,108.3799972534,109.0199966431,79.4169311523,3053100
2016-07-26,109.0000000000,109.2300033569,108.0299987793,108.1999969482,78.8195953369,3386100
2016-07-27,108.0400009155,108.0400009155,106.6900024414,107.4800033569,78.2951049805,4724200
2016-07-28,107.5500030518,108.3799972534,107.1699981689,108.1299972534,78.7686309814,3446500
2016-07-29,108.2600021362,109.1100006104,108.1200027466,108.9199981689,79.3441085815,3995300
2016-08-01,108.7200012207,109.0899963379,108.3399963379,108.9300003052,79.3514099121,3880700
2016-08-02,109.2500000000,109.2500000000,108.2799987793,108.7200012207,79.1984176636,3431600
2016-08-03,108.9300003052,108.9800033569,107.6800003052,108.0400009155,78.7030639648,3691900
2016-08-04,108.1699981689,108.5500030518,107.9800033569,108.4199981689,78.9798660278,3226900
2016-08-05,108.7399978638,109.3600006104,108.3700027466,108.6600036621,79.1547088623,3189400
2016-08-08,108.4199981689,108.6200027466,107.6699981689,108.1399993896,78.7759094238,3304200
2016-08-09,108.2500000000,108.7500000000,108.0599975586,108.2799987793,78.8778839111,2378200
2016-08-10,108.4499969482,108.9599990845,108.4499969482,108.8199996948,79.2712478638,2189900
2016-08-11,109.0100021362,109.1800003052,108.4499969482,108.4800033569,79.0235900879,2786800
2016-08-12,108.6399993896,108.9400024414,108.3700027466,108.5899963379,79.1037292480,2563400
2016-08-15,108.7099990845,108.9899978638,108.6399993896,108.7200012207,79.1984176636,2357800
2016-08-16,108.2500000000,108.6900024414,107.9100036621,108.0000000000,78.6739120483,2677200
2016-08-17,107.9499969482,108.5299987793,107.5999984741,108.4700012207,79.0162963867,2963900
2016-08-18,108.4100036621,108.8199996948,108.1999969482,108.2799987793,78.8778839111,2373000
2016-08-19,108.0400009155,108.2600021362,107.5400009155,108.1699981689,78.7977676392,2846600
2016-08-22,108.0800018311,108.2099990845,107.7699966431,107.9599990845,78.6447677612,2304600
2016-08-23,108.2500000000,108.5500030518,107.6999969482,107.8799972534,78.5864944458,2473000
2016-08-24,107.8199996948,108.2900009155,107.5500030518,108.1100006104,78.7540512085,3422600
2016-08-25,108.0899963379,108.3799972534,107.7900009155,107.8799972534,78.5864944458,2129500
2016-08-26,107.9199981689,108.5000000000,107.3300018311,107.4499969482,78.2732543945,2868900
2016-08-29,107.5000000000,108.0100021362,107.4000015259,107.9899978638,78.6666336060,2576400
2016-08-30,107.9199981689,108.0599975586,107.0299987793,107.2099990845,78.0984115601,3708100
2016-08-31,106.3399963379,106.8799972534,106.2600021362,106.7500000000,78.3133773804,3995000
2016-09-01,106.4599990845,107.3399963379,106.2900009155,107.2900009155,78.7095260620,3799000
2016-09-02,107.5800018311,108.2500000000,107.5000000000,107.8700027466,79.1350250244,3671200
2016-09-06,107.7900009155,108.1200027466,107.4000015259,107.9199981689,79.1716842651,2913300
2016-09-07,107.7600021362,107.9700012207,106.7799987793,107.2099990845,78.6508483887,3260500
2016-09-08,107.0999984741,107.3399963379,106.4899978638,106.8799972534,78.4087219238,3491400
2016-09-09,106.0199966431,106.1900024414,104.0500030518,104.0500030518,76.3326187134,6134500
2016-09-12,104.3000030518,106.2200012207,104.3000030518,106.0199966431,77.7778320312,4569400
2016-09-13,105.9400024414,105.9499969482,104.2900009155,104.5899963379,76.7287750244,4597700
2016-09-14,104.8199996948,105.6399993896,104.5999984741,105.0500030518,77.0662307739,4007800
2016-09-15,104.9499969482,105.7200012207,104.6999969482,105.4800033569,77.3816909790,3598600
2016-09-16,105.0000000000,105.5000000000,104.5800018311,105.2799987793,77.2349624634,4934100
2016-09-19,105.2099990845,106.1200027466,104.9199981689,105.6699981689,77.5210647583,3439300
2016-09-20,106.0999984741,106.7099990845,105.9599990845,106.3000030518,77.9832534790,3561700
2016-09-21,106.3000030518,107.3700027466,105.8799972534,107.1299972534,78.5921401978,3913900
2016-09-22,107.4899978638,107.9400024414,107.3099975586,107.8199996948,79.0983505249,3869400
2016-09-23,107.6800003052,107.9899978638,107.0400009155,107.3399963379,78.7462081909,3235900
2016-09-26,107.2399978638,107.3799972534,106.8700027466,107.0299987793,78.5187988281,4440400
2016-09-27,107.3700027466,107.8700027466,106.7300033569,107.4899978638,78.8562469482,3779300
2016-09-28,107.9100036621,107.9100036621,106.8600006104,107.3799972534,78.7755432129,5030500
2016-09-29,109.5000000000,109.7099990845,107.7099990845,107.7600021362,79.0543212891,7249100
2016-09-30,108.3700027466,109.2399978638,108.3700027466,108.7699966431,79.7952651978,7173300
2016-10-03,108.7699966431,108.8300018311,107.4700012207,108.2500000000,79.4137878418,4566000
2016-10-04,108.3099975586,108.3700027466,106.5800018311,107.0999984741,78.5701370239,5830100
2016-10-05,107.2399978638,107.4899978638,105.6900024414,106.0100021362,77.7705001831,6297000
2016-10-06,105.7300033569,106.5299987793,105.4599990845,106.4000015259,78.0566101074,4886000
2016-10-07,106.7600021362,106.9199981689,105.6500015259,105.9899978638,77.7558364868,4398400
2016-10-10,106.4499969482,106.6200027466,105.8199996948,106.2200012207,77.9245605469,3119300
2016-10-11,106.1200027466,106.2099990845,105.0000000000,105.5699996948,77.4476928711,3814400
2016-10-12,105.8700027466,106.1600036621,105.5000000000,106.0800018311,77.8218765259,3419800
2016-10-13,105.8499984741,106.1699981689,105.2900009155,105.9199981689,77.7044830322,3582600
2016-10-14,106.0699996948,107.0599975586,105.7799987793,106.8300018311,78.3720779419,4788600
2016-10-17,106.8300018311,107.0699996948,106.5599975586,106.8499984741,78.3867111206,4104400
2016-10-18,107.4499969482,108.1800003052,106.9400024414,106.9499969482,78.4601058960,3850000
2016-10-19,106.8099975586,107.0100021362,106.0800018311,106.2600021362,77.9539184570,4330600
2016-10-20,106.1100006104,106.3199996948,105.5800018311,105.8700027466,77.6677932739,3751600
2016-10-21,106.0100021362,106.0100021362,105.2699966431,105.6200027466,77.4843978882,3615400
2016-10-24,106.1200027466,107.9000015259,106.1200027466,107.3099975586,78.7242050171,5126000
2016-10-25,107.3899993896,107.6299972534,106.8099975586,107.2300033569,78.6655197144,3756300
2016-10-26,107.4899978638,107.9499969482,106.9499969482,107.0699996948,78.5481491089,3440700
2016-10-27,107.2799987793,107.5400009155,106.3000030518,106.6299972534,78.2253341675,4205300
2016-10-28,106.9000015259,107.5299987793,106.5199966431,107.0699996948,78.5481491089,3378900
2016-10-31,107.0299987793,107.4300003052,106.9199981689,107.1999969482,78.6435089111,3141700
2016-11-01,107.1399993896,107.3000030518,106.1200027466,106.7099990845,78.2840270996,4289600
2016-11-02,106.6800003052,107.4400024414,106.6100006104,106.7099990845,78.2840270996,3679200
2016-11-03,107.0699996948,107.1399993896,106.5199966431,106.6299972534,78.2253341675,3447700
2016-11-04,106.5599975586,106.9700012207,105.8099975586,105.8099975586,77.6237716675,2897600
2016-11-07,106.6600036621,107.1999969482,106.3799972534,106.9599990845,78.4674377441,5469100
2016-11-08,106.9700012207,108.9300003052,106.9700012207,108.7200012207,79.7585830688,4671000
2016-11-09,106.4499969482,107.3499984741,105.0000000000,107.2500000000,78.6801757812,6515800
2016-11-10,106.8899993896,106.8899993896,102.4000015259,103.2500000000,75.7457275391,9095200
2016-11-11,103.0000000000,103.7699966431,102.5699996948,103.1900024414,75.7017059326,5888400
2016-11-14,102.8600006104,103.3399963379,100.4499969482,101.3899993896,74.3812103271,7248800
2016-11-15,101.4000015259,102.0500030518,100.8199996948,101.8499984741,74.7186737061,5672300
2016-11-16,102.3600006104,102.9000015259,101.4700012207,101.7099990845,74.6159744263,3962900
2016-11-17,101.8099975586,101.9300003052,101.1800003052,101.6200027466,74.5499267578,4212600
2016-11-18,101.4000015259,101.8000030518,101.1800003052,101.3099975586,74.3225326538,4919200
2016-11-21,101.3099975586,102.3199996948,101.3099975586,102.2600021362,75.0194396973,3870800
2016-11-22,102.5299987793,103.0000000000,102.4400024414,102.8899993896,75.4816131592,4540300
2016-11-23,102.5199966431,102.8899993896,101.4599990845,101.5299987793,74.4838943481,4658400
2016-11-25,102.0000000000,102.9100036621,101.7399978638,102.1699981689,74.9534072876,3644900
2016-11-28,102.2699966431,103.2500000000,101.9000015259,102.7900009155,75.4082565308,5556900
2016-11-29,102.7900009155,103.0500030518,102.3000030518,102.5400009155,75.2248458862,3886800
2016-11-30,101.5100021362,101.9199981689,100.0999984741,100.0999984741,73.9780960083,8123500
2016-12-01,99.8899993896,100.0500030518,98.5000000000,99.0299987793,73.1873168945,7123000
2016-12-02,99.4000015259,100.6399993896,99.4000015259,100.5999984741,74.3476028442,4594600
2016-12-05,100.6200027466,100.9100036621,100.1200027466,100.7099990845,74.4289093018,3961800
2016-12-06,101.0800018311,101.6100006104,100.8099975586,101.5500030518,75.0497055054,4828400
2016-12-07,101.1600036621,102.9300003052,101.1600036621,102.8099975586,75.9809036255,4873400
2016-12-08,102.1399993896,102.6100006104,102.0000000000,102.1500015259,75.4931411743,3993900
2016-12-09,102.2300033569,104.0500030518,102.0400009155,103.5699996948,76.5425872803,5040200
2016-12-12,103.8199996948,104.8700027466,103.6699981689,104.7200012207,77.3924713135,4858400
2016-12-13,104.8099975586,106.0100021362,104.6800003052,105.6299972534,78.0649795532,4508600
2016-12-14,105.8799972534,106.5299987793,104.2099990845,104.4700012207,77.2076873779,5007500
2016-12-15,104.2300033569,105.5699996948,104.2300033569,105.3000030518,77.8210983276,4179400
2016-12-16,105.5500030518,105.9199981689,105.1299972534,105.8700027466,78.2423706055,7499300
2016-12-19,105.4599990845,105.8700027466,105.1299972534,105.4100036621,77.9024047852,3683800
2016-12-20,104.8899993896,105.0400009155,104.3700027466,104.9000015259,77.5255050659,4903400
2016-12-21,104.8199996948,105.6900024414,104.6900024414,104.6999969482,77.3776626587,3245200
2016-12-22,104.5500030518,105.4499969482,104.2500000000,105.3499984741,77.8580856323,2605000
2016-12-23,104.9700012207,105.2500000000,104.6299972534,105.0899963379,77.6659164429,1769300
2016-12-27,105.0899963379,105.3199996948,104.9899978638,105.1299972534,77.6954803467,1505000
2016-12-28,104.8700027466,105.0999984741,104.5199966431,104.6200027466,77.3185729980,1878600
2016-12-29,104.5000000000,105.0999984741,104.4800033569,104.9899978638,77.5920028687,2438100
2016-12-30,104.7099990845,105.1500015259,104.3300018311,104.6299972534,77.3259506226,3484000
2017-01-03,104.9400024414,105.0899963379,104.2099990845,104.6500015259,77.3407287598,3741200
2017-01-04,105.1100006104,105.6299972534,104.7900009155,104.8499984741,77.4885330200,3029700
2017-01-05,104.5199966431,105.1200027466,104.1900024414,104.7099990845,77.3850784302,5087200
2017-01-06,104.9800033569,105.1600036621,104.1200027466,104.5599975586,77.2742080688,4109700
2017-01-09,104.1600036621,104.2600021362,103.2500000000,103.4599990845,76.4612579346,5603500
2017-01-10,103.3199996948,103.3199996948,101.7500000000,101.9700012207,75.3601074219,5399200
2017-01-11,101.8399963379,102.3600006104,101.4100036621,101.8099975586,75.2418365479,4650300
2017-01-12,101.7099990845,102.5199966431,101.5800018311,101.8399963379,75.2640151978,3126000
2017-01-13,101.8799972534,102.1100006104,101.2200012207,101.5500030518,75.0497055054,3478600
2017-01-17,101.0699996948,102.3199996948,101.0599975586,102.1900024414,75.5226745605,3745800
2017-01-18,102.4000015259,103.0000000000,102.3199996948,102.7399978638,75.9291687012,4340400
2017-01-19,102.2799987793,103.0000000000,102.1699981689,102.3600006104,75.6483383179,3923100
2017-01-20,102.7900009155,103.3199996948,102.4400024414,103.2399978638,76.2986907959,4750800
2017-01-23,102.9000015259,104.2200012207,102.8300018311,104.0100021362,76.8677597046,4584800
2017-01-24,104.0000000000,104.9300003052,103.7799987793,104.7099990845,77.3850784302,4992300
2017-01-25,104.7099990845,105.1900024414,104.5400009155,104.6100006104,77.3111953735,3566100
2017-01-26,104.5100021362,104.7300033569,104.0699996948,104.1399993896,76.9638366699,3634600
2017-01-27,104.3799972534,104.4100036621,103.4300003052,103.4800033569,76.4760589600,4248200
2017-01-30,103.0100021362,103.7200012207,103.0000000000,103.6900024414,76.6312484741,3462600
2017-01-31,103.2099990845,104.1699981689,103.2099990845,103.7799987793,76.6977844238,3846600
2017-02-01,103.6100006104,103.7799987793,102.9800033569,103.0100021362,76.1287002563,3515600
2017-02-02,103.7600021362,104.3899993896,103.2900009155,104.0299987793,76.8825302124,3213700
2017-02-03,104.4400024414,105.7699966431,104.0599975586,105.1100006104,77.6806945801,4287100
2017-02-06,105.0999984741,105.2399978638,104.5299987793,104.5699996948,77.2816009521,4355200
2017-02-07,104.6299972534,105.9000015259,104.6299972534,105.6100006104,78.0502395630,3980400
2017-02-08,105.5000000000,106.2300033569,105.2500000000,105.6900024414,78.1093368530,3407100
2017-02-09,105.6900024414,106.4899978638,105.0199966431,105.9700012207,78.3162841797,4012400
2017-02-10,105.8300018311,106.3499984741,105.5899963379,106.0999984741,78.4123687744,2475500
2017-02-13,106.5000000000,106.6900024414,105.8799972534,106.5199966431,78.7227401733,3463700
2017-02-14,106.1699981689,107.0000000000,105.6699981689,106.9199981689,79.0183639526,5665000
2017-02-15,105.3499984741,107.2500000000,104.7699966431,106.7300033569,78.8779449463,7617200
2017-02-16,107.1500015259,108.1800003052,106.3199996948,108.1200027466,79.9052047729,5559900
2017-02-17,107.2900009155,108.3000030518,107.2099990845,108.1500015259,79.9273910522,5498400
2017-02-21,108.0699996948,109.5000000000,107.9499969482,109.3600006104,80.8216018677,5370700
2017-02-22,109.3700027466,109.7799987793,109.1699981689,109.4100036621,80.8585815430,3815300
2017-02-23,109.1200027466,110.0000000000,109.1200027466,109.5400009155,80.9546661377,3382700
2017-02-24,109.5000000000,109.9199981689,109.3300018311,109.8300018311,81.1689910889,3991800
2017-02-27,109.6900024414,109.8799972534,109.2300033569,109.2699966431,80.7551116943,3475100
2017-02-28,109.0500030518,110.5999984741,109.0500030518,110.3799972534,81.5754547119,4684700
2017-03-01,109.5999984741,110.3199996948,109.1699981689,109.7300033569,81.6520843506,4750700
2017-03-02,109.8099975586,110.3199996948,109.4300003052,110.1100006104,81.9348373413,3880800
2017-03-03,110.0999984741,110.6699981689,109.6500015259,110.5599975586,82.2696990967,4111300
2017-03-06,109.8000030518,110.1900024414,109.4300003052,109.6299972534,81.5776596069,4491000
2017-03-07,109.1600036621,109.7699966431,109.0000000000,109.3199996948,81.3470001221,4361100
2017-03-08,109.1699981689,109.3300018311,108.4700012207,109.3000030518,81.3321075439,5244500
2017-03-09,109.5999984741,109.6100006104,108.9100036621,109.0199966431,81.1237411499,4066900
2017-03-10,109.5800018311,109.7099990845,109.2799987793,109.5899963379,81.5479049683,3488900
2017-03-13,109.3199996948,109.8000030518,109.0299987793,109.4100036621,81.4139709473,3131200
2017-03-14,109.2799987793,109.7300033569,109.1200027466,109.3399963379,81.3618545532,3630000
2017-03-15,109.5599975586,111.2300033569,109.5000000000,111.1100006104,82.6789627075,4973400
2017-03-16,111.0899963379,111.1999969482,110.5299987793,111.1399993896,82.7012786865,4580700
2017-03-17,111.4800033569,111.5199966431,110.9300003052,111.3899993896,82.8872909546,6444400
2017-03-20,111.1500015259,111.4400024414,110.8099975586,111.1500015259,82.7087326050,3382100
2017-03-21,111.5400009155,112.3099975586,111.4700012207,111.7699966431,83.1700897217,5587700
2017-03-22,112.3099975586,112.3799972534,111.5699996948,112.0199966431,83.3561172485,3882200
2017-03-23,111.9499969482,112.3300018311,111.6699981689,111.7799987793,83.1775283813,3208400
2017-03-24,111.9800033569,112.2500000000,111.7900009155,112.1200027466,83.4305572510,3913200
2017-03-27,111.8700027466,112.2900009155,111.5699996948,111.8300018311,83.2147445679,3514600
2017-03-28,111.8099975586,112.7600021362,111.6399993896,112.4499969482,83.6761016846,3945400
2017-03-29,112.0599975586,112.5400009155,111.9700012207,112.4300003052,83.6612243652,2683700
2017-03-30,112.2900009155,112.5500030518,112.0000000000,112.1800003052,83.4751663208,2104900
2017-03-31,112.3099975586,112.4700012207,111.8300018311,111.8600006104,83.2370605469,3744400
2017-04-03,111.9499969482,112.3600006104,111.4599990845,111.8600006104,83.2370605469,3587100
2017-04-04,111.9899978638,112.2200012207,111.6299972534,112.0800018311,83.4007720947,2360700
2017-04-05,112.0400009155,112.5899963379,111.6900024414,111.9400024414,83.2966003418,2992000
2017-04-06,112.1200027466,112.2799987793,111.4199981689,111.5800018311,83.0287094116,2740600
2017-04-07,111.6999969482,111.9599990845,111.4400024414,111.6100006104,83.0510101318,2799600
2017-04-10,111.6999969482,112.1500015259,111.4100036621,112.0199966431,83.3561172485,2873200
2017-04-11,111.7099990845,112.0800018311,111.3499984741,111.7300033569,83.1403274536,3031500
2017-04-12,112.0500030518,113.7699966431,111.9000015259,113.6100006104,84.5392684937,6260300
2017-04-13,113.2500000000,113.3799972534,112.6500015259,112.6800003052,83.8472290039,3257300
2017-04-17,112.7399978638,113.3199996948,112.6800003052,113.3199996948,84.3234558105,2917700
2017-04-18,113.4400024414,114.6100006104,113.4000015259,114.2799987793,85.0378265381,4574200
2017-04-19,114.4199981689,114.4899978638,113.4800033569,113.6200027466,84.5466918945,3044700
2017-04-20,113.5199966431,113.9700012207,113.3899993896,113.5899963379,84.5243835449,2973000
2017-04-21,113.5500030518,113.8000030518,113.2699966431,113.4300003052,84.4053115845,3885300
2017-04-24,114.3600006104,114.4800033569,113.9100036621,114.3199996948,85.0676193237,3221500
2017-04-25,114.2099990845,114.5699996948,114.0000000000,114.1600036621,84.9485397339,3643600
2017-04-26,111.7500000000,113.7600021362,111.3399963379,113.3300018311,84.3309173584,5343900
2017-04-27,113.0999984741,113.4400024414,112.5100021362,112.6399993896,83.8174591064,4096200
2017-04-28,112.3399963379,113.4300003052,112.1900024414,113.2799987793,84.2937088013,4872000
2017-05-01,112.9300003052,113.1100006104,112.2699966431,112.2799987793,83.5495986938,4074300
2017-05-02,112.7500000000,112.8899993896,112.0699996948,112.2900009155,83.5570220947,3082400
2017-05-03,112.3899993896,112.7099990845,111.6999969482,111.7900009155,83.1850051880,3342600
2017-05-04,112.1699981689,113.0000000000,111.8099975586,112.9599990845,84.0555725098,3488800
2017-05-05,113.0400009155,113.2799987793,112.7399978638,113.2200012207,84.2490768433,3046100
2017-05-08,113.1999969482,113.4300003052,112.7799987793,113.2200012207,84.2490768433,3097200
2017-05-09,113.2399978638,113.4100036621,112.5500030518,112.7200012207,83.8769989014,2708200
2017-05-10,112.6999969482,112.8700027466,112.4800033569,112.8399963379,83.9662933350,2160100
2017-05-11,112.6399993896,113.0899963379,112.5299987793,113.0400009155,84.1151123047,2277200
2017-05-12,112.9300003052,113.3000030518,112.7200012207,112.9100036621,84.0183715820,2383500
2017-05-15,112.9000015259,114.0000000000,112.7699966431,113.9400024414,84.7848281860,3500300
2017-05-16,114.0599975586,114.6600036621,113.5899963379,113.7900009155,84.6732177734,2444300
2017-05-17,113.7900009155,114.2900009155,113.3199996948,113.7399978638,84.6360015869,2999300
2017-05-18,113.7799987793,114.2799987793,113.2900009155,114.0299987793,84.8517990112,3439500
2017-05-19,114.1699981689,114.5000000000,113.4599990845,113.6900024414,84.5987854004,5750100
2017-05-22,113.6900024414,115.0000000000,113.6900024414,114.6999969482,85.3503417969,3324000
2017-05-23,114.7099990845,115.4400024414,114.7099990845,115.0500030518,85.6108093262,3261300
2017-05-24,115.3099975586,116.3300018311,115.1200027466,116.0599975586,86.3623657227,2816000
2017-05-25,116.3600006104,117.6800003052,116.1500015259,117.5299987793,87.4562072754,3596200
2017-05-26,117.2500000000,118.0000000000,117.1999969482,117.9100036621,87.7389831543,3104800
2017-05-30,117.7399978638,118.1200027466,117.5000000000,118.0100021362,87.8134002686,3231600
2017-05-31,116.9100036621,117.9400024414,116.8700027466,116.8700027466,87.5624008179,5232900
2017-06-01,116.8000030518,117.2600021362,116.0599975586,117.2300033569,87.8321304321,4404900
2017-06-02,117.4599990845,117.6999969482,117.0400009155,117.6699981689,88.1617660522,3162900
2017-06-05,117.3899993896,117.9700012207,117.0500030518,117.8799972534,88.3191070557,2968800
2017-06-06,117.7799987793,117.9400024414,117.4599990845,117.6999969482,88.1842422485,2643200
2017-06-07,117.1699981689,117.5699996948,116.8199996948,117.0500030518,87.6972503662,3681100
2017-06-08,117.0500030518,117.0800018311,115.5899963379,115.8899993896,86.8281555176,3956700
2017-06-09,115.6600036621,116.1299972534,115.3600006104,115.9400024414,86.8656234741,3197700
2017-06-12,115.9400024414,116.6200027466,115.9400024414,116.2300033569,87.0829086304,3492100
2017-06-13,115.4700012207,116.5899963379,115.4700012207,116.3199996948,87.1503143311,2760000
2017-06-14,116.9100036621,118.0599975586,116.8300018311,117.3700027466,87.9370040894,3597200
2017-06-15,117.0000000000,117.4800033569,116.5100021362,117.2099990845,87.8171234131,3372700
2017-06-16,117.3700027466,117.4000015259,116.3000030518,116.8600006104,87.5549240112,5156200
2017-06-19,117.0199966431,117.2900009155,116.2300033569,117.2900009155,87.8770675659,2436600
2017-06-20,117.2900009155,118.1399993896,117.1800003052,117.9499969482,88.3715438843,3703500
2017-06-21,117.7799987793,118.2399978638,117.2399978638,117.4199981689,87.9744644165,3767100
2017-06-22,117.3300018311,117.4100036621,116.0500030518,116.1500015259,87.0229797363,3288100
2017-06-23,116.2099990845,117.3700027466,116.0899963379,116.9599990845,87.6298065186,3453400
2017-06-26,117.4199981689,117.8300018311,117.0599975586,117.1200027466,87.7497100830,2704000
2017-06-27,117.2399978638,117.3799972534,115.9400024414,115.9400024414,86.8656234741,2884300
2017-06-28,116.5199966431,116.8700027466,116.1999969482,116.3799972534,87.1952667236,3110600
2017-06-29,116.0699996948,116.1999969482,114.8899993896,115.1800003052,86.2961807251,3474400
2017-06-30,115.5299987793,116.1100006104,115.3000030518,115.4899978638,86.5284576416,3313300
2017-07-03,115.5500030518,116.0000000000,115.3399963379,115.4400024414,86.4910125732,2250800
2017-07-05,115.5000000000,115.5500030518,114.8799972534,115.3000030518,86.3861007690,4023100
2017-07-06,114.9700012207,115.4199981689,114.8499984741,115.1299972534,86.2587280273,4007000
2017-07-07,115.4100036621,115.6600036621,114.8300018311,115.5100021362,86.5434646606,3972500
2017-07-10,115.9199981689,116.0000000000,114.1999969482,114.2699966431,85.6144180298,5771200
2017-07-11,113.3399963379,113.9800033569,112.2500000000,113.7399978638,85.2172927856,6368500
2017-07-12,114.4899978638,114.9800033569,114.2799987793,114.7699966431,85.9889984131,3885200
2017-07-13,114.9499969482,115.0400009155,113.9199981689,114.0199966431,85.4271163940,3089400
2017-07-14,114.2600021362,115.1200027466,114.2500000000,114.9300003052,86.1088943481,2956400
2017-07-17,114.9400024414,115.1600036621,114.8399963379,114.9300003052,86.1088943481,2481300
2017-07-18,114.8499984741,115.1500015259,114.3899993896,115.0100021362,86.1688232422,2694800
2017-07-19,115.0100021362,115.3499984741,114.6299972534,115.3399963379,86.4160690308,2578200
2017-07-20,115.3399963379,116.0599975586,115.1100006104,115.5100021362,86.5434646606,3518100
2017-07-21,115.7799987793,116.6699981689,115.3799972534,116.6299972534,87.3825607300,3476400
2017-07-24,116.5000000000,116.6699981689,116.0899963379,116.1299972534,87.0079574585,3681300
2017-07-25,116.6299972534,116.7799987793,116.1399993896,116.4499969482,87.2477340698,3075100
2017-07-26,116.3000030518,117.4199981689,116.1500015259,117.1900024414,87.8021621704,3305600
2017-07-27,117.3300018311,118.0599975586,116.6200027466,117.3399963379,87.9145278931,2954800
2017-07-28,117.3099975586,117.4700012207,116.1999969482,116.6100006104,87.3675994873,3276300
2017-07-31,116.5299987793,116.8600006104,116.1800003052,116.6100006104,87.3675994873,3098600
2017-08-01,116.6900024414,116.7799987793,115.9000015259,115.9199981689,86.8506164551,2946100
2017-08-02,115.7300033569,115.9800033569,115.1399993896,115.6100006104,86.6183547974,2626400
2017-08-03,115.7300033569,116.6600036621,115.6800003052,116.3000030518,87.1353454590,2986200
2017-08-04,116.3199996948,116.4899978638,115.8700027466,116.3700027466,87.1877822876,2955200
2017-08-07,116.4499969482,117.2200012207,116.3799972534,116.9599990845,87.6298065186,2569600
2017-08-08,116.8000030518,116.9499969482,116.3700027466,116.7099990845,87.4425277710,2412600
2017-08-09,116.4899978638,116.6999969482,115.9599990845,116.6299972534,87.3825607300,2513800
2017-08-10,116.3499984741,116.8399963379,116.0800018311,116.3799972534,87.1952667236,2236000
2017-08-11,116.7500000000,117.2500000000,116.3499984741,116.5100021362,87.2926559448,2759700
2017-08-14,117.3600006104,118.1800003052,117.0100021362,117.8399963379,88.2891311646,3191700
2017-08-15,117.8799972534,119.1500015259,117.8499984741,118.9700012207,89.1357650757,2749800
2017-08-16,118.9599990845,119.3600006104,118.8199996948,119.0999984741,89.2331695557,2373900
2017-08-17,119.0000000000,119.3899993896,118.2500000000,118.3899993896,88.7012100220,3096900
2017-08-18,118.2900009155,118.4300003052,117.4000015259,117.5999984741,88.1093139648,3776500
2017-08-21,117.8000030518,118.4599990845,117.5500030518,118.2600021362,88.6038208008,2119500
2017-08-22,118.2500000000,118.6999969482,117.6500015259,117.9199981689,88.3490829468,2313700
2017-08-23,117.9000015259,118.1200027466,117.2300033569,117.2900009155,87.8770675659,2616300
2017-08-24,117.2600021362,117.3000030518,116.0299987793,116.2200012207,87.0754318237,4760000
2017-08-25,116.7399978638,116.9000015259,115.8000030518,115.8499984741,86.7981796265,3442500
2017-08-28,116.1200027466,116.2900009155,115.0800018311,115.5400009155,86.5659027100,2932700
2017-08-29,115.5500030518,116.0999984741,115.5100021362,115.8399963379,86.7906951904,2348700
2017-08-30,115.1299972534,115.4199981689,114.9100036621,115.1500015259,86.8774566650,2491800
2017-08-31,115.2399978638,115.8399963379,114.9300003052,115.7300033569,87.3150405884,4709500
2017-09-01,115.3799972534,116.0899963379,115.1500015259,115.8399963379,87.3980331421,2591900
2017-09-05,115.9499969482,116.0599975586,115.4100036621,115.8700027466,87.4206924438,2711400
2017-09-06,116.1699981689,116.4700012207,115.6399993896,116.3499984741,87.7828216553,2617500
2017-09-07,116.6500015259,117.2900009155,116.3899993896,116.9899978638,88.2657012939,2623800
2017-09-08,116.4000015259,116.4800033569,114.5699996948,115.0400009155,86.7944641113,4818300
2017-09-11,115.0800018311,115.8899993896,114.7600021362,115.6900024414,87.2848739624,3247900
2017-09-12,115.6900024414,115.9499969482,114.8600006104,115.0000000000,86.7642822266,2998500
2017-09-13,114.8700027466,115.1699981689,114.0000000000,114.4499969482,86.3493118286,5141500
2017-09-14,114.4400024414,114.5500030518,113.6999969482,114.1900024414,86.1531600952,3456900
2017-09-15,114.7399978638,114.9800033569,114.1100006104,114.8499984741,86.6511077881,5543000
2017-09-18,115.1699981689,115.2300033569,114.6800003052,114.9899978638,86.7567443848,2441200
2017-09-19,115.0599975586,115.1200027466,114.3600006104,114.4899978638,86.3795089722,2568300
2017-09-20,114.3399963379,114.6500015259,112.7399978638,113.5800018311,85.6929321289,4059800
2017-09-21,113.2099990845,113.8199996948,112.5400009155,112.8000030518,85.1044387817,3630900
2017-09-22,112.5599975586,112.8700027466,111.8099975586,111.8499984741,84.3876876831,3746300
2017-09-25,112.0400009155,112.1399993896,111.4199981689,111.9400024414,84.4555664062,3885000
2017-09-26,112.2300033569,112.3000030518,111.7300033569,111.8099975586,84.3575286865,2953800
2017-09-27,111.7200012207,111.8799972534,110.3399963379,111.0999984741,83.8218460083,4016200
2017-09-28,111.3700027466,112.7300033569,111.1900024414,111.6399993896,84.2292709351,11581100
2017-09-29,111.8700027466,112.0299987793,111.2099990845,111.4300003052,84.0708160400,5122300
2017-10-02,109.9100036621,110.5199966431,108.9599990845,109.1200027466,82.3279800415,8306400
2017-10-03,109.4199981689,109.6500015259,108.8899993896,109.1299972534,82.3355331421,6064400
2017-10-04,106.9400024414,110.1600036621,106.1900024414,109.3399963379,82.4939727783,9092400
2017-10-05,109.6600036621,110.9899978638,109.5500030518,110.4499969482,83.3314285278,5670400
2017-10-06,110.1699981689,110.6699981689,109.9199981689,110.4000015259,83.2937088013,3240300
2017-10-09,110.5899963379,110.9300003052,109.7900009155,110.0100021362,82.9994506836,1977800
2017-10-10,110.2799987793,110.8600006104,110.2799987793,110.7799987793,83.5804138184,3032300
2017-10-11,110.9000015259,111.8099975586,110.7699966431,111.5100021362,84.1311721802,4051100
2017-10-12,111.5100021362,112.5100021362,111.3799972534,112.4499969482,84.8404006958,3287200
2017-10-13,112.7300033569,112.9800033569,112.1800003052,112.6200027466,84.9686431885,3090500
2017-10-16,112.9300003052,113.6299972534,112.6900024414,113.5699996948,85.6853942871,2675900
2017-10-17,113.2200012207,113.5599975586,111.6600036621,112.1900024414,84.6442337036,3825200
2017-10-18,111.9499969482,112.4400024414,111.7799987793,111.9499969482,84.4631195068,2590500
2017-10-19,111.6200027466,112.7900009155,111.5999984741,112.6699981689,85.0063629150,2673700
2017-10-20,113.0100021362,113.0199966431,111.3799972534,111.6100006104,84.2066040039,3772300
2017-10-23,111.6399993896,112.4499969482,111.4000015259,111.6900024414,84.2669830322,2263200
2017-10-24,111.8399963379,111.8700027466,110.2799987793,110.7500000000,83.5577850342,3351100
2017-10-25,110.4300003052,110.5299987793,109.1800003052,110.0699996948,83.0447158813,3836900
2017-10-26,110.6699981689,111.2399978638,110.4100036621,110.7300033569,83.5427017212,2865000
2017-10-27,110.4100036621,110.8499984741,109.9300003052,110.5999984741,83.4446105957,3343200
2017-10-30,110.3600006104,110.3700027466,109.3600006104,109.6500015259,82.7278594971,2206100
2017-10-31,110.2399978638,110.7699966431,109.9499969482,110.2300033569,83.1654434204,4379400
2017-11-01,109.7600021362,110.6800003052,109.6100006104,110.1299972534,83.0900268555,2822400
2017-11-02,109.9100036621,110.1800003052,109.5400009155,110.0500030518,83.0296401978,2169800
2017-11-03,110.1399993896,110.6500015259,110.0000000000,110.2200012207,83.1579055786,1725700
2017-11-06,109.9700012207,110.0000000000,109.1900024414,109.2600021362,82.4336090088,3331800
2017-11-07,109.1500015259,110.5800018311,109.1500015259,110.4700012207,83.3465347290,3882000
2017-11-08,110.5699996948,112.0400009155,110.5000000000,112.0000000000,84.5008621216,3685300
2017-11-09,111.3499984741,112.4400024414,111.0199966431,111.4800033569,84.1085510254,2856900
2017-11-10,111.4400024414,112.9800033569,111.3099975586,112.7500000000,85.0667266846,3699500
2017-11-13,112.6900024414,114.1900024414,112.6399993896,114.0400009155,86.0399932861,3194500
2017-11-14,113.6900024414,116.1900024414,113.5899963379,115.7600021362,87.3376770020,4998900
2017-11-15,115.6500015259,115.9300003052,114.3099975586,115.0999984741,86.8397369385,3861500
2017-11-16,115.3899993896,115.8399963379,114.9400024414,115.2300033569,86.9378280640,3058100
2017-11-17,114.7300033569,115.1399993896,114.5299987793,114.6800003052,86.5228424072,2646400
2017-11-20,114.7500000000,115.8499984741,114.7099990845,114.9100036621,86.6963653564,3594300
2017-11-21,114.9899978638,116.3300018311,114.9700012207,116.0500030518,87.5564804077,3179300
2017-11-22,115.7699966431,116.0000000000,114.2799987793,115.0800018311,86.8246536255,3598500
2017-11-24,115.6500015259,116.3000030518,115.4300003052,115.9000015259,87.4432983398,1183000
2017-11-27,116.0000000000,116.4000015259,115.6600036621,115.8499984741,87.4055862427,2818900
2017-11-28,116.2600021362,116.8300018311,115.3000030518,116.7699966431,88.0997009277,3600400
2017-11-29,116.8399963379,117.3799972534,116.2900009155,116.8399963379,88.1525039673,3276300
2017-11-30,116.5199966431,117.2099990845,116.0800018311,116.5199966431,88.5209579468,5984000
2017-12-01,116.5000000000,116.8499984741,115.0400009155,116.7799987793,88.7184982300,4956600
2017-12-04,117.0000000000,118.1999969482,116.6200027466,117.4599990845,89.2350921631,4403000
2017-12-05,117.6299972534,117.9400024414,117.1800003052,117.5899963379,89.3338394165,3198600
2017-12-06,117.8300018311,118.9100036621,117.6399993896,118.9000015259,90.3290634155,3203500
2017-12-07,118.5199966431,118.6399993896,116.5500030518,116.7300033569,88.6805114746,5409500
2017-12-08,116.5199966431,116.5999984741,115.9000015259,116.5699996948,88.5589523315,3127500
2017-12-11,116.3300018311,117.4400024414,115.5599975586,117.3899993896,89.1819076538,2429400
2017-12-12,118.2200012207,118.3700027466,117.1200027466,117.4000015259,89.1895065308,2664600
2017-12-13,117.5100021362,118.2099990845,117.4800033569,117.8000030518,89.4933776855,3193900
2017-12-14,117.9400024414,118.5999984741,117.7300033569,118.0199966431,89.6605224609,4057800
2017-12-15,118.5699996948,119.3600006104,118.4499969482,119.2200012207,90.5721664429,7173500
2017-12-18,119.3000030518,119.7399978638,118.0000000000,118.0500030518,89.6833190918,3472700
2017-12-19,118.7500000000,119.3899993896,118.2300033569,118.6100006104,90.1087570190,3942500
2017-12-20,118.6600036621,119.1200027466,117.5599975586,119.0199966431,90.4202346802,4273400
2017-12-21,119.4499969482,119.5699996948,117.8399963379,118.2600021362,89.8428497314,2790000
2017-12-22,118.5999984741,118.7500000000,118.1699981689,118.5999984741,90.1011657715,2045600
2017-12-26,118.4100036621,119.2399978638,118.4100036621,118.8899993896,90.3214645386,2156300
2017-12-27,118.8700027466,119.4000015259,118.8000030518,119.3000030518,90.6329574585,2465100
2017-12-28,119.3300018311,119.5299987793,119.0500030518,119.3499984741,90.6709365845,1999300
2017-12-29,119.4599990845,120.5699996948,119.4199981689,119.9199981689,91.1039505005,3116400
2018-01-02,119.9300003052,120.1800003052,117.9300003052,118.0599975586,89.6909179688,4165800
2018-01-03,117.9100036621,118.4700012207,117.6399993896,117.7500000000,89.4554061890,4224000
2018-01-04,117.8000030518,119.1100006104,117.5999984741,118.3300018311,89.8960494995,3147000
2018-01-05,118.4100036621,119.0899963379,118.2500000000,118.6699981689,90.1543502808,2714200
2018-01-08,118.2099990845,118.7399978638,117.6699981689,117.9899978638,89.6377258301,5730400
2018-01-09,118.2600021362,118.9800033569,117.9499969482,118.0800018311,89.7061004639,4573600
2018-01-10,118.1299972534,118.3600006104,116.6999969482,117.4800033569,89.2502975464,3363900
2018-01-11,117.6399993896,117.8499984741,116.3799972534,116.8799972534,88.7944564819,3685200
2018-01-12,116.9499969482,118.0100021362,116.8499984741,117.3799972534,89.1743087769,4335500
2018-01-16,117.1999969482,118.3499984741,117.0299987793,117.8600006104,89.5389862061,4936500
2018-01-17,118.2900009155,120.1699981689,118.2099990845,119.1800003052,90.5417861938,4554600
2018-01-18,119.0899963379,119.6200027466,118.6500015259,119.0500030518,90.4430007935,6221800
2018-01-19,119.4800033569,120.6800003052,118.6399993896,120.1699981689,91.2939071655,6002600
2018-01-22,120.0999984741,121.8499984741,120.0000000000,121.5100021362,92.3119201660,4308600
2018-01-23,121.0699996948,122.5100021362,120.8499984741,121.3000030518,92.1523590088,3536900
2018-01-24,121.2399978638,121.4800033569,120.8199996948,121.1399993896,92.0308074951,3445200
2018-01-25,120.6100006104,121.4499969482,120.3600006104,120.9000015259,91.8484878540,2712900
2018-01-26,120.6100006104,121.8399963379,120.6100006104,121.7600021362,92.5018234253,3993900
2018-01-29,121.3799972534,122.1600036621,119.6500015259,119.6699981689,90.9140472412,3854700
2018-01-30,119.6800003052,121.1999969482,119.5000000000,119.8899993896,91.0811614990,4945200
2018-01-31,119.8399963379,120.7500000000,119.5100021362,120.3000030518,91.3926696777,4018100
2018-02-01,119.9199981689,121.0100021362,119.2799987793,120.3000030518,91.3926696777,3485600
2018-02-02,119.9100036621,120.2799987793,118.4000015259,118.6699981689,90.1543502808,3348900
2018-02-05,118.5699996948,119.6600036621,114.4100036621,114.4599990845,86.9559783936,5347600
2018-02-06,112.4400024414,113.9499969482,110.1500015259,113.5599975586,86.2722549438,6642600
2018-02-07,113.9700012207,115.7699966431,112.7500000000,113.5000000000,86.2266693115,4931400
2018-02-08,113.6999969482,113.7200012207,110.0899963379,110.1500015259,83.6816177368,4907900
2018-02-09,110.8099975586,111.9899978638,108.8799972534,111.1800003052,84.4641342163,5301700
2018-02-12,111.9000015259,112.7500000000,111.0599975586,111.9300003052,85.0339050293,4759200
2018-02-13,112.0000000000,112.6699981689,110.6800003052,112.1399993896,85.1934661865,5274700
2018-02-14,111.6699981689,111.9000015259,108.7600021362,109.1100006104,82.8915557861,7702700
2018-02-15,109.5299987793,111.0400009155,108.7200012207,110.9700012207,84.3045959473,5125200
2018-02-16,111.0599975586,111.6999969482,109.7600021362,111.0599975586,84.3729858398,5578500
2018-02-20,110.9599990845,110.9800033569,109.3399963379,109.4800033569,83.1726379395,3835500
2018-02-21,109.3499984741,109.8399963379,107.9400024414,108.0000000000,82.0482406616,4501900
2018-02-22,108.3300018311,109.9700012207,108.0199966431,109.2600021362,83.0055007935,5394700
2018-02-23,109.3600006104,110.0500030518,108.5699996948,109.6800003052,83.3245773315,4760400
2018-02-26,110.1200027466,111.1699981689,110.0299987793,110.9400024414,84.2818145752,5355400
2018-02-27,111.1900024414,112.0800018311,110.7099990845,110.8899993896,84.2438354492,6385800
2018-02-28,111.0000000000,111.6500015259,109.6800003052,109.7300033569,83.3625793457,4638900
2018-03-01,109.2099990845,109.8799972534,107.2399978638,108.1200027466,82.7464904785,6896300
2018-03-02,107.9100036621,109.3199996948,107.9000015259,109.0400009155,83.4505691528,4903600
2018-03-05,108.4599990845,109.5999984741,108.0199966431,109.4300003052,83.7490386963,3781700
2018-03-06,109.3600006104,109.6200027466,108.4400024414,109.5800018311,83.8638381958,3380800
2018-03-07,108.8899993896,110.0599975586,108.6100006104,109.8399963379,84.0628356934,4612600
2018-03-08,110.0299987793,112.1299972534,109.5800018311,112.0800018311,85.7771530151,5437700
2018-03-09,112.2699966431,112.5699996948,111.6399993896,112.5400009155,86.1292037964,3680600
2018-03-12,112.5000000000,113.0899963379,112.0800018311,112.7500000000,86.2899093628,4509600
2018-03-13,113.2699966431,113.9000015259,112.7200012207,113.5999984741,86.9404296875,4590000
2018-03-14,113.5699996948,113.7699966431,112.2300033569,112.6100006104,86.1827774048,4055700
2018-03-15,112.4000015259,113.2500000000,111.6600036621,111.9899978638,85.7082672119,3906800
2018-03-16,112.3300018311,113.1999969482,111.5800018311,111.6399993896,85.4404067993,7730800
2018-03-19,111.6500015259,111.9899978638,110.0500030518,110.3600006104,84.4608154297,4216700
2018-03-20,110.7500000000,111.3000030518,109.8300018311,109.9000015259,84.1087646484,3319000
2018-03-21,109.8899993896,110.0800018311,108.5299987793,108.7399978638,83.2209701538,3867600
2018-03-22,108.4499969482,109.6699981689,107.8000030518,107.9400024414,82.6087188721,4325500
2018-03-23,108.0899963379,108.7399978638,105.9400024414,106.1500015259,81.2388153076,4873300
2018-03-26,106.6800003052,107.4700012207,106.0899963379,106.8099975586,81.7439193726,4119400
2018-03-27,107.2300033569,108.5400009155,106.5100021362,107.6399993896,82.3791427612,5036300
2018-03-28,108.1399993896,110.1100006104,108.0000000000,109.1800003052,83.5577087402,6413000
2018-03-29,110.1200027466,110.6600036621,108.9700012207,109.1500015259,83.5347442627,3829500
2018-04-02,108.6200027466,109.2200012207,106.4400024414,107.0500030518,81.9275817871,4325500
2018-04-03,107.3899993896,108.5299987793,106.5899963379,108.1900024414,82.8000564575,4699000
2018-04-04,107.7799987793,110.7300033569,107.2399978638,110.1800003052,84.3230514526,4694200
2018-04-05,110.4300003052,111.1800003052,109.7500000000,110.5699996948,84.6215133667,3275700
2018-04-06,110.0599975586,110.9800033569,108.7699966431,109.3000030518,83.6495819092,3579100
2018-04-09,109.5400009155,110.4499969482,108.7799987793,109.3799972534,83.7107772827,2620000
2018-04-10,109.7399978638,110.1999969482,108.9199981689,109.4000015259,83.7260971069,2817000
2018-04-11,108.5699996948,109.4700012207,108.4199981689,108.6800003052,83.1750869751,4000200
2018-04-12,108.9599990845,109.5100021362,108.2699966431,108.3099975586,82.8918914795,2691700
2018-04-13,108.8499984741,109.4599990845,108.5199966431,109.2600021362,83.6189498901,2828300
2018-04-16,109.7500000000,110.6399993896,109.5199966431,109.9199981689,84.1240539551,2769800
2018-04-17,108.6900024414,109.0800018311,107.9800033569,108.8700027466,83.3204727173,5022000
2018-04-18,108.9700012207,109.3600006104,106.4599990845,106.9800033569,81.8740081787,6525500
2018-04-19,106.7099990845,106.9400024414,105.0800018311,105.5699996948,80.7949066162,6320200
2018-04-20,105.4499969482,105.5999984741,102.2699966431,102.4800033569,78.4300842285,8650000
2018-04-23,102.5500030518,102.8000030518,101.8399963379,102.5800018311,78.5065994263,6670600
2018-04-24,102.6200027466,102.8499984741,100.9700012207,101.4400024414,77.6341476440,5695500
2018-04-25,101.2099990845,102.3600006104,100.8499984741,101.1500015259,77.4122009277,4828300
2018-04-26,102.2500000000,104.0800018311,101.1500015259,103.2600021362,79.0270156860,5978800
2018-04-27,102.2200012207,102.9899978638,101.6500015259,101.7099990845,77.8407669067,4765900
2018-04-30,101.8499984741,102.3899993896,100.5800018311,100.9400024414,77.2514724731,5479900
2018-05-01,100.3600006104,100.9300003052,98.5699996948,99.1299972534,75.8662414551,4543900
2018-05-02,99.1600036621,99.3600006104,97.0299987793,97.2300033569,74.4121322632,5927700
2018-05-03,97.4800033569,98.0899963379,96.6999969482,97.5999984741,74.6952972412,6668200
2018-05-04,97.5500030518,99.7699966431,97.5000000000,98.9899978638,75.7590866089,5937000
2018-05-07,98.9800033569,99.3099975586,98.0699996948,98.2300033569,75.1774826050,3475400
2018-05-08,97.9100036621,97.9899978638,96.4300003052,96.7900009155,74.0754089355,5333700
2018-05-09,97.1900024414,97.5199966431,95.9400024414,96.1600036621,73.5932540894,6201500
2018-05-10,96.4300003052,97.7399978638,96.4000015259,97.2699966431,74.4427261353,3100600
2018-05-11,97.5800018311,98.2600021362,96.8799972534,97.4300003052,74.5652008057,3507300
2018-05-14,97.6900024414,97.7300033569,96.7300033569,97.1500015259,74.3509368896,4307900
2018-05-15,96.6100006104,97.2399978638,96.3600006104,96.8000030518,74.0830383301,6555700
2018-05-16,96.6399993896,97.5500030518,96.5500030518,97.1900024414,74.3815155029,5544700
2018-05-17,97.5500030518,97.9899978638,97.1500015259,97.9199981689,74.9401931763,6531100
2018-05-18,98.3099975586,98.4499969482,97.3199996948,97.5100021362,74.6264419556,6894000
2018-05-21,98.2200012207,99.9800033569,98.0599975586,99.5100021362,76.1570587158,6678100
2018-05-22,99.7799987793,100.4599990845,99.4300003052,99.9300003052,76.4784927368,6807600
2018-05-23,99.9300003052,100.5999984741,99.6100006104,100.4499969482,76.8764495850,6249900
2018-05-24,100.3099975586,100.5800018311,99.7600021362,100.1800003052,76.6698455811,4696700
2018-05-25,100.1800003052,101.1100006104,99.9000015259,100.3099975586,76.7693252563,5324300
2018-05-29,100.0000000000,101.2900009155,100.0000000000,101.0999984741,77.3739318848,8302600
2018-05-30,101.6600036621,102.2399978638,101.0899963379,101.8300018311,77.9326019287,6256600
2018-05-31,101.1500015259,101.3000030518,99.6600036621,100.2500000000,77.4290161133,8270100
2018-06-01,100.5400009155,100.9300003052,99.6500015259,100.2500000000,77.4290161133,4414200
2018-06-04,100.7699966431,101.0899963379,100.0299987793,100.1200027466,77.3286056519,3932000
2018-06-05,100.4599990845,100.9599990845,99.8799972534,100.2099990845,77.3981246948,4851900
2018-06-06,100.4000015259,100.8600006104,99.8199996948,100.8300018311,77.8770065308,3946700
2018-06-07,100.5100021362,101.5100021362,100.3300018311,101.1600036621,78.1318893433,5052900
2018-06-08,101.1800003052,102.6100006104,101.1800003052,102.4899978638,79.1591110229,4795500
2018-06-11,102.6100006104,103.4100036621,102.2699966431,103.2099990845,79.7152252197,3984500
2018-06-12,103.2300033569,104.5500030518,102.8199996948,104.4800033569,80.6961135864,5075900
2018-06-13,104.1600036621,105.5999984741,104.1600036621,105.2699966431,81.3062820435,7553500
2018-06-14,105.2600021362,105.3600006104,104.4300003052,105.1299972534,81.1981430054,4812600
2018-06-15,105.0999984741,107.7500000000,104.8199996948,107.6100006104,83.1136169434,10573000
2018-06-18,107.0100021362,107.2099990845,104.8300018311,105.3799972534,81.3912277222,5964400
2018-06-19,105.4899978638,106.6800003052,105.2200012207,105.9599990845,81.8392257690,5504400
2018-06-20,105.7300033569,106.1100006104,105.3600006104,105.8099975586,81.7233810425,4601400
2018-06-21,106.5699996948,107.4300003052,106.3000030518,107.2399978638,82.8278274536,6550700
2018-06-22,107.2399978638,108.6699981689,107.1399993896,108.3700027466,83.7005996704,5709400
2018-06-25,107.7099990845,109.5899963379,107.7099990845,108.9899978638,84.1794586182,5183000
2018-06-26,109.0500030518,109.1699981689,107.4700012207,108.0500030518,83.4534530640,5034100
2018-06-27,108.3700027466,108.9599990845,107.6200027466,108.2699966431,83.6233673096,6229200
2018-06-28,108.4199981689,109.3000030518,108.3000030518,108.6800003052,83.9400482178,4297400
2018-06-29,108.7200012207,109.5000000000,107.8000030518,108.8700027466,84.0867614746,4721400
2018-07-02,108.6999969482,110.0000000000,108.3099975586,109.5299987793,84.5965194702,4711900
2018-07-03,108.5800018311,109.5699996948,108.0599975586,108.8000030518,84.0326995850,3769100
2018-07-05,108.9100036621,109.6200027466,108.0000000000,109.5500030518,84.6119918823,4870400
2018-07-06,109.4899978638,110.0199966431,108.9700012207,109.5599975586,84.6197052002,4387300
2018-07-09,109.1299972534,109.3000030518,107.5199966431,107.7600021362,83.2294692993,7866400
2018-07-10,110.6200027466,113.0000000000,109.6800003052,112.8899993896,87.1916427612,16107200
2018-07-11,112.6399993896,112.9400024414,112.0999984741,112.5400009155,86.9213485718,5521400
2018-07-12,112.5400009155,112.7099990845,110.9700012207,111.5299987793,86.1412506104,5500100
2018-07-13,111.6800003052,112.7900009155,111.6200027466,112.6900024414,87.0371932983,4417100
2018-07-16,112.5599975586,113.1200027466,111.7500000000,112.9599990845,87.2457275391,5413600
2018-07-17,113.4700012207,115.0299987793,113.4700012207,114.8799972534,88.7286682129,6783800
2018-07-18,114.9199981689,115.0000000000,113.8899993896,114.8300018311,88.6900405884,5379000
2018-07-19,114.7699966431,116.5899963379,114.7500000000,115.7699966431,89.4160537720,9241300
2018-07-20,115.7500000000,116.7900009155,115.2200012207,116.0100021362,89.6014175415,27559700
2018-07-23,115.5199966431,115.9800033569,113.5800018311,114.3899993896,88.3502273560,7769300
2018-07-24,114.1399993896,114.9199981689,113.8499984741,114.7399978638,88.6205215454,5095100
2018-07-25,114.9400024414,115.6699981689,114.5000000000,115.2099990845,88.9835128784,4762300
2018-07-26,116.1399993896,116.9000015259,114.8799972534,115.0000000000,88.8213272095,5096300
2018-07-27,114.7699966431,115.3499984741,114.0299987793,114.2799987793,88.2652435303,4563700
2018-07-30,113.7799987793,114.5899963379,113.6699981689,114.1800003052,88.1880111694,3621800
2018-07-31,114.6600036621,115.4899978638,114.1100006104,115.0000000000,88.8213272095,4892100
2018-08-01,114.4199981689,114.5299987793,113.2300033569,113.6100006104,87.7477493286,4169000
2018-08-02,113.5999984741,114.9300003052,113.0899963379,114.6900024414,88.5819091797,4167200
2018-08-03,114.7699966431,116.6999969482,114.3700027466,116.3000030518,89.8254165649,3934500
2018-08-06,117.2500000000,118.4400024414,116.9000015259,117.3799972534,90.6595458984,6704800
2018-08-07,116.4499969482,116.4499969482,113.5299987793,114.2200012207,88.2189025879,6919600
2018-08-08,114.5199966431,114.8499984741,113.4700012207,113.4899978638,87.6550827026,5172900
2018-08-09,114.1200027466,114.1200027466,113.3799972534,113.6999969482,87.8172607422,4115400
2018-08-10,113.5899963379,113.9700012207,112.5699996948,112.8700027466,87.1762313843,3711900
2018-08-13,112.8099975586,113.1399993896,112.0100021362,113.0199966431,87.2920761108,3170100
2018-08-14,112.6999969482,113.4899978638,112.1100006104,113.0999984741,87.3538665771,3836700
2018-08-15,112.7600021362,113.7399978638,112.2500000000,113.4499969482,87.6241912842,6513300
2018-08-16,113.7399978638,114.7300033569,113.3700027466,114.2500000000,88.2420730591,4504600
2018-08-17,114.0000000000,115.0899963379,114.0000000000,114.9599990845,88.7904510498,3391600
2018-08-20,114.9899978638,115.8499984741,114.5999984741,114.8399963379,88.6977767944,3676000
2018-08-21,115.2500000000,115.2500000000,113.6500015259,113.7200012207,87.8327255249,4667700
2018-08-22,113.6999969482,113.8199996948,111.9599990845,112.2399978638,86.6896209717,3860900
2018-08-23,112.1699981689,112.2300033569,111.5100021362,111.9300003052,86.4501953125,4508800
2018-08-24,111.8700027466,112.5299987793,111.8000030518,112.1500015259,86.6201095581,3677700
2018-08-27,112.5800018311,112.7699966431,111.8300018311,112.4100036621,86.8209304810,3155700
2018-08-28,112.2200012207,112.4499969482,110.8899993896,111.1699981689,85.8631973267,5229400
2018-08-29,111.3000030518,112.1200027466,111.2200012207,112.0500030518,86.5428771973,2403200
2018-08-30,111.8700027466,112.2300033569,111.5500030518,111.9599990845,86.4733657837,2119100
2018-08-31,111.7699966431,112.5800018311,111.2600021362,112.0100021362,86.5119781494,4248800
2018-09-04,111.8199996948,112.0899963379,110.4499969482,111.0000000000,85.7319107056,4576300
2018-09-05,110.7600021362,113.1699981689,110.6999969482,113.1200027466,87.3693008423,4392100
2018-09-06,112.0000000000,113.5299987793,111.4400024414,113.5000000000,88.3879013062,4808300
2018-09-07,112.8499984741,113.5000000000,111.5100021362,112.7399978638,87.7960586548,3833800
2018-09-10,112.9199981689,113.9899978638,112.6999969482,113.5699996948,88.4424133301,3289700
2018-09-11,111.8499984741,113.7500000000,111.8499984741,113.3300018311,88.2555160522,2807300
2018-09-12,113.3099975586,114.2300033569,113.0400009155,113.8499984741,88.6604614258,3651400
2018-09-13,114.4899978638,115.0100021362,113.6900024414,114.9899978638,89.5482406616,3808100
2018-09-14,114.8899993896,114.8899993896,113.7200012207,114.5699996948,89.2211761475,2698300
2018-09-17,114.5999984741,115.4499969482,114.2200012207,115.4000015259,89.8675231934,3092600
2018-09-18,115.4800033569,115.4800033569,113.6900024414,113.9800033569,88.7617187500,4081200
2018-09-19,113.9499969482,114.2399978638,113.4599990845,113.7699966431,88.5981674194,2844900
2018-09-20,114.2300033569,115.5100021362,114.1100006104,115.2200012207,89.7273559570,3375900
2018-09-21,115.2600021362,115.5199966431,114.8399963379,114.9100036621,89.4859466553,6989500
2018-09-24,114.0999984741,114.7200012207,112.1999969482,112.2699966431,87.4300613403,3387400
2018-09-25,112.6399993896,112.7500000000,111.7600021362,111.9700012207,87.1964263916,3538700
2018-09-26,112.2699966431,112.8600006104,111.3099975586,111.5000000000,86.8304290771,4053500
2018-09-27,111.4300003052,112.4000015259,110.9100036621,111.0500030518,86.4799652100,3841500
2018-09-28,111.5400009155,112.0500030518,110.9100036621,111.8000030518,87.0640258789,5945300
2018-10-01,112.1500015259,112.4800033569,110.6699981689,110.7099990845,86.2151947021,5064700
2018-10-02,110.4499969482,111.1100006104,107.6999969482,108.7200012207,84.6654891968,6702200
2018-10-03,109.2099990845,109.7099990845,107.1699981689,107.5199966431,83.7309875488,6107500
2018-10-04,106.8499984741,107.4000015259,105.8000030518,106.6100006104,83.0223388672,4930300
2018-10-05,106.2500000000,107.0100021362,105.9800033569,106.4899978638,82.9288787842,3438100
2018-10-08,106.3600006104,108.3399963379,106.3099975586,108.1900024414,84.2527465820,3994100
2018-10-09,108.6800003052,108.9400024414,107.5199966431,108.1200027466,84.1982421875,4105600
2018-10-10,107.5899963379,109.3499984741,107.1999969482,107.3399963379,83.5908126831,5796200
2018-10-11,108.2099990845,108.4800033569,104.9000015259,105.0599975586,81.8152847290,5755100
2018-10-12,105.3000030518,105.7600021362,104.5299987793,105.2799987793,81.9865875244,4543000
2018-10-15,105.1999969482,106.6500015259,105.1699981689,105.6299972534,82.2591552734,3805700
2018-10-16,106.3099975586,107.6900024414,105.8399963379,107.3899993896,83.6297531128,4061600
2018-10-17,107.2099990845,108.7799987793,107.1900024414,108.3099975586,84.3461837769,4495900
2018-10-18,108.4800033569,109.3499984741,107.5500030518,107.9300003052,84.0502777100,4093700
2018-10-19,108.5899963379,110.5999984741,108.4899978638,110.2900009155,85.8881301880,5109000
2018-10-22,110.0899963379,110.8899993896,109.2399978638,109.4000015259,85.1950302124,5477700
2018-10-23,108.9300003052,110.5299987793,108.3199996948,110.1299972534,85.7635345459,4484100
2018-10-24,110.1999969482,114.1600036621,109.9499969482,112.9599990845,87.9673843384,8222900
2018-10-25,112.9599990845,113.2699966431,111.4199981689,112.8499984741,87.8817214966,6712900
2018-10-26,111.6200027466,112.0599975586,109.6900024414,110.4499969482,86.0127410889,5872800
2018-10-29,111.2900009155,113.3099975586,111.1399993896,112.8899993896,87.9128570557,5706000
2018-10-30,113.7500000000,114.2300033569,112.5999984741,113.7699966431,88.5981674194,4900400
2018-10-31,113.4899978638,113.4899978638,111.1900024414,112.3799972534,87.5157241821,6449500
2018-11-01,112.0000000000,113.1399993896,110.9800033569,111.5100021362,86.8381958008,5736700
2018-11-02,111.4899978638,112.0999984741,109.6299972534,111.1699981689,86.5734252930,6705700
2018-11-05,111.6900024414,114.4400024414,111.2799987793,114.3899993896,89.0809860229,5270400
2018-11-06,114.0299987793,115.3499984741,113.8600006104,115.2099990845,89.7195739746,3913400
2018-11-07,115.4499969482,115.7699966431,114.4400024414,115.6100006104,90.0310668945,4219600
2018-11-08,115.3799972534,116.5000000000,115.2500000000,116.0599975586,90.3814849854,2925100
2018-11-09,116.0800018311,117.7099990845,116.0800018311,117.4800033569,91.4873275757,5026300
2018-11-12,117.0000000000,118.3199996948,116.7099990845,116.9700012207,91.0901641846,4781900
2018-11-13,117.7500000000,117.7500000000,116.2099990845,117.1399993896,91.2225265503,3609900
2018-11-14,117.4400024414,117.4800033569,116.2699966431,116.6500015259,90.8409500122,4423800
2018-11-15,116.4300003052,116.9899978638,115.5999984741,116.8000030518,90.9577865601,4045700
2018-11-16,117.0500030518,118.4800033569,116.8399963379,118.3499984741,92.1648406982,4484300
2018-11-19,118.0800018311,119.5199966431,117.9700012207,119.0100021362,92.6788024902,4673900
2018-11-20,119.8000030518,120.2799987793,115.7799987793,116.0000000000,90.3347702026,5087800
2018-11-21,115.8899993896,116.8899993896,114.9199981689,115.2799987793,89.7740783691,3245000
2018-11-23,114.7799987793,116.5699996948,114.7799987793,115.4100036621,89.8753280640,1444700
2018-11-26,115.8799972534,116.4300003052,114.9899978638,115.8600006104,90.2257461548,2972500
2018-11-27,115.3700027466,116.5299987793,114.9000015259,116.4400024414,90.6774368286,2884700
2018-11-28,115.9800033569,118.5199966431,115.5699996948,118.5000000000,92.2816314697,3989400
2018-11-29,118.4000015259,118.8700027466,117.4400024414,118.2699966431,92.1025238037,2878700
2018-11-30,118.1299972534,122.0000000000,118.1299972534,121.9400024414,94.9605636597,8051100
2018-12-03,120.4800033569,120.9100036621,117.5100021362,118.9800033569,92.6554260254,6112600
2018-12-04,119.3700027466,120.6100006104,117.4499969482,117.8000030518,91.7365341187,7018200
2018-12-06,116.3099975586,117.3799972534,114.0999984741,116.8399963379,91.7114105225,5191700
2018-12-07,116.3700027466,116.9800033569,115.3799972534,115.8199996948,90.9107818604,4615500
2018-12-10,116.4000015259,116.6200027466,114.4599990845,116.1900024414,91.2012023926,4150600
2018-12-11,116.9000015259,118.1900024414,116.6800003052,117.2900009155,92.0646133423,5545100
2018-12-12,118.3399963379,118.5899963379,116.4100036621,117.0000000000,91.8369827271,4889700
2018-12-13,117.1399993896,118.8899993896,117.1100006104,118.3499984741,92.8966522217,6181200
2018-12-14,117.3199996948,117.5500030518,113.6699981689,113.9499969482,89.4429550171,7404200
2018-12-17,114.3700027466,115.0699996948,112.1999969482,112.8700027466,88.5952148438,6015300
2018-12-18,113.2200012207,113.5299987793,110.7500000000,111.8399963379,87.7867431641,5846200
2018-12-19,112.6299972534,113.1900024414,109.6299972534,110.0400009155,86.3738632202,6915400
2018-12-20,110.1999969482,111.9300003052,109.1999969482,110.2099990845,86.5073089600,8468300
2018-12-21,110.9599990845,114.1600036621,108.8099975586,109.4199981689,85.8872146606,13263600
2018-12-24,110.1299972534,111.0899963379,105.9599990845,106.0299987793,83.2263031006,3354000
2018-12-26,106.2200012207,108.4400024414,105.0299987793,108.3300018311,85.0316467285,4537000
2018-12-27,107.7699966431,109.4700012207,106.0299987793,109.4199981689,85.8872146606,5175900
2018-12-28,110.0899963379,111.0999984741,109.2200012207,110.3600006104,86.6250610352,5410300
2018-12-31,110.5800018311,111.0899963379,109.3199996948,110.4800033569,86.7192459106,5019100
2019-01-02,109.1500015259,110.0199966431,108.2300033569,109.2799987793,85.7773284912,4835400
2019-01-03,108.9100036621,110.1500015259,108.0500030518,108.2600021362,84.9766921997,5975900
2019-01-04,109.5400009155,110.5999984741,108.2399978638,110.4800033569,86.7192459106,6293900
2019-01-07,110.0100021362,110.3799972534,108.6500015259,109.5299987793,85.9735641479,5220300
2019-01-08,110.1399993896,110.8000030518,109.4199981689,110.5800018311,86.7977447510,6407700
2019-01-09,110.3300018311,110.8700027466,107.4899978638,107.4899978638,84.3722915649,8521300
2019-01-10,107.4100036621,108.3399963379,107.3600006104,108.1500015259,84.8903503418,7905000
2019-01-11,107.8600006104,108.5000000000,107.6399993896,108.1600036621,84.8981857300,5939000
2019-01-14,107.8499984741,107.9599990845,106.9599990845,107.3199996948,84.2388687134,5804600
2019-01-15,107.4599990845,109.0699996948,106.7300033569,108.9899978638,85.5496826172,4508000
2019-01-16,108.9899978638,109.0500030518,107.6999969482,108.3399963379,85.0394744873,4953500
2019-01-17,108.1399993896,109.4700012207,108.0899963379,109.2200012207,85.7302246094,4612200
2019-01-18,109.9700012207,110.3000030518,109.1699981689,110.0699996948,86.3974533081,5142700
2019-01-22,109.8600006104,110.2300033569,108.7799987793,109.9100036621,86.2718200684,5298200
2019-01-23,109.6800003052,110.7900009155,109.5100021362,110.7300033569,86.9154739380,5197400
2019-01-24,110.3099975586,110.3099975586,108.4100036621,109.5000000000,85.9500122070,4478000
2019-01-25,110.1500015259,110.5899963379,109.0400009155,109.3499984741,85.8322677612,5074800
2019-01-28,108.9599990845,109.5999984741,108.0000000000,108.8199996948,85.4162597656,4055900
2019-01-29,108.9300003052,109.6200027466,108.5100021362,109.0000000000,85.5575485229,4301500
2019-01-30,108.9400024414,111.2399978638,108.5400009155,110.8199996948,86.9861068726,5023800
2019-01-31,110.9700012207,112.9000015259,110.2099990845,112.6699981689,88.4382476807,6183400
2019-02-01,112.9499969482,113.2799987793,111.4499969482,112.1900024414,88.0614700317,5010500
2019-02-04,112.2099990845,113.4000015259,111.8499984741,113.0899963379,88.7679367065,3665000
2019-02-05,113.0299987793,113.5400009155,112.4899978638,112.9000015259,88.6187744141,4593400
2019-02-06,113.4100036621,113.5800018311,112.3000030518,113.0500030518,88.7365036011,4209400
2019-02-07,112.8199996948,113.1600036621,112.1600036621,113.0899963379,88.7679367065,4227700
2019-02-08,112.9300003052,113.0400009155,111.9300003052,113.0199966431,88.7129669189,3868300
2019-02-11,113.1600036621,113.5800018311,112.6399993896,112.9700012207,88.6737213135,4851100
2019-02-12,113.2300033569,114.5000000000,112.2200012207,113.7900009155,89.3173446655,6765300
2019-02-13,114.1100006104,114.7300033569,113.6299972534,114.1200027466,89.5763931274,5528000
2019-02-14,113.0000000000,113.0000000000,111.8799972534,112.5899963379,88.3754348755,6359200
2019-02-15,115.8499984741,116.2799987793,114.1100006104,115.9100036621,90.9814147949,8889500
2019-02-19,116.8000030518,116.9700012207,115.1999969482,115.9300003052,90.9971237183,5596100
2019-02-20,115.7500000000,116.6399993896,115.4100036621,115.8300018311,90.9186248779,6038900
2019-02-21,115.5000000000,116.9300003052,115.4700012207,116.0999984741,91.1305770874,4825900
2019-02-22,116.1100006104,116.7699966431,115.5899963379,116.7600021362,91.6486129761,4865400
2019-02-25,117.1699981689,117.3000030518,115.7099990845,116.0599975586,91.0991439819,3755900
2019-02-26,116.3700027466,116.5000000000,115.4300003052,115.9700012207,91.0285110474,4074600
2019-02-27,115.5400009155,115.6999969482,114.4100036621,115.3700027466,90.5575561523,4175100
2019-02-28,114.7399978638,116.2200012207,114.2099990845,115.6399993896,91.5055313110,5586300
2019-03-01,115.8600006104,116.3700027466,115.2300033569,116.1800003052,91.9328231812,3629100
2019-03-04,116.5500030518,116.9300003052,115.5000000000,116.1699981689,91.9249191284,4383100
2019-03-05,115.9800033569,116.8199996948,115.6600036621,116.0299987793,91.8141326904,3785400
2019-03-06,115.7799987793,116.8300018311,115.5800018311,116.6600036621,92.3126678467,4770700
2019-03-07,116.2099990845,117.3300018311,115.6999969482,116.0999984741,91.8695602417,4858300
2019-03-08,115.8300018311,116.2600021362,114.2600021362,115.2300033569,91.1810836792,5003300
2019-03-11,115.3000030518,116.7099990845,114.9800033569,116.5899963379,92.2572402954,4821600
2019-03-12,116.7500000000,117.2099990845,116.0100021362,116.5699996948,92.2414398193,4356400
2019-03-13,116.8799972534,117.5599975586,116.4599990845,116.5800018311,92.2493515015,5968600
2019-03-14,116.8600006104,116.9800033569,115.4499969482,115.5000000000,91.3947601318,8986600
2019-03-15,115.6800003052,116.5299987793,115.3700027466,115.6600036621,91.5213546753,18194200
2019-03-18,116.1699981689,117.3899993896,116.0500030518,117.2699966431,92.7953491211,9476000
2019-03-19,117.3600006104,118.7500000000,117.2500000000,118.0899963379,93.4441986084,6751700
2019-03-20,118.0699996948,119.4800033569,117.3499984741,118.3199996948,93.6261978149,5733500
2019-03-21,118.0100021362,119.6699981689,118.0100021362,119.4400024414,94.5124664307,4305600
2019-03-22,119.5000000000,121.2900009155,119.4499969482,120.7200012207,95.5253295898,6668100
2019-03-25,120.2600021362,121.2900009155,120.0800018311,120.8499984741,95.6282043457,4275400
2019-03-26,121.4599990845,122.1600036621,121.2600021362,122.0199966431,96.5540008545,4583000
2019-03-27,122.4599990845,123.1900024414,121.1900024414,121.8899993896,96.4511260986,5318500
2019-03-28,121.8899993896,122.4700012207,121.5899963379,121.8399963379,96.4115829468,3694700
2019-03-29,122.2900009155,122.7600021362,121.2699966431,122.5500030518,96.9733886719,5758800
2019-04-01,122.5899963379,122.8899993896,121.5899963379,122.0000000000,96.5381851196,5025700
2019-04-02,121.9000015259,122.2600021362,121.5599975586,121.6800003052,96.2849578857,3242600
2019-04-03,121.6800003052,122.2300033569,120.7399978638,121.5599975586,96.1900100708,4534400
2019-04-04,121.8099975586,122.1299972534,121.1699981689,121.4700012207,96.1187973022,3022500
2019-04-05,121.3499984741,121.6699981689,120.8199996948,121.6200027466,96.2374725342,3971500
2019-04-08,121.7200012207,122.0400009155,121.2099990845,122.0000000000,96.5381851196,3140100
2019-04-09,121.7399978638,122.1999969482,120.8499984741,122.1699981689,96.6726913452,3864400
2019-04-10,122.3499984741,122.6999969482,121.6600036621,122.0400009155,96.5698318481,2681100
2019-04-11,122.3600006104,122.7500000000,121.1699981689,121.6699981689,96.2770462036,3399700
2019-04-12,121.5299987793,122.3300018311,121.1500015259,122.2300033569,96.7201690674,3501100
2019-04-15,122.4400024414,124.0000000000,122.3600006104,123.6600036621,97.8517532349,4419800
2019-04-16,123.2200012207,123.8199996948,121.8899993896,122.4100036621,96.8626251221,5263700
2019-04-17,125.0000000000,127.1100006104,123.8399963379,127.0100021362,100.5025787354,7318200
2019-04-18,128.2299957275,128.2599945068,126.7300033569,127.0899963379,100.5658798218,6331200
2019-04-22,126.7699966431,127.2399978638,125.8799972534,126.4400024414,100.0515289307,3707000
2019-04-23,126.6800003052,127.5400009155,126.1200027466,127.0899963379,100.5658798218,4464100
2019-04-24,127.4100036621,127.9800033569,126.6699981689,126.9199981689,100.4313354492,3517200
2019-04-25,125.6500015259,126.4000015259,125.1800003052,126.1299972534,99.8062286377,4433700
2019-04-26,126.5199966431,127.2500000000,126.1200027466,126.4000015259,100.0198822021,3033800
2019-04-29,126.1399993896,126.9599990845,126.0199966431,126.6900024414,100.2493667603,2793400
2019-04-30,127.0500030518,128.3899993896,126.3399963379,128.0500030518,101.3255310059,4963600
2019-05-01,127.8499984741,128.0000000000,127.0100021362,127.2399978638,100.6845550537,3810800
2019-05-02,127.2399978638,127.5500030518,126.1699981689,126.8300018311,100.3601608276,2875900
2019-05-03,127.0999984741,128.1799926758,126.9199981689,127.6699981689,101.0248184204,2854900
2019-05-06,127.3000030518,127.6299972534,126.7600021362,127.2699966431,100.7083053589,2883900
2019-05-07,126.6399993896,126.9499969482,125.1800003052,125.9800033569,99.6875381470,3558900
2019-05-08,125.8000030518,126.7399978638,124.9499969482,126.0199966431,99.7191772461,3844700
2019-05-09,125.7699966431,126.5400009155,124.8499984741,126.0500030518,99.7429351807,3127200
2019-05-10,126.1399993896,128.2799987793,125.6200027466,128.0099945068,101.2938537598,3720400
2019-05-13,127.0199966431,127.9400024414,126.6299972534,127.1600036621,100.6212692261,4297200
2019-05-14,127.5599975586,128.5099945068,127.2900009155,127.4100036621,100.8190917969,5150300
2019-05-15,127.0999984741,129.8699951172,127.0999984741,129.3500061035,102.3542175293,3751900
2019-05-16,129.3699951172,130.7500000000,128.7599945068,130.2700042725,103.0821990967,4812900
2019-05-17,129.9199981689,130.8699951172,129.6499938965,130.5099945068,103.2721023560,4011700
2019-05-20,130.0399932861,130.4499969482,129.5500030518,129.9900054932,102.8606338501,3965600
2019-05-21,130.5800018311,130.5800018311,128.8500061035,129.0500030518,102.1168289185,4080800
2019-05-22,129.1000061035,130.6399993896,128.9499969482,130.0700073242,102.9239730835,3588000
2019-05-23,129.6000061035,130.8999938965,129.5099945068,129.9700012207,102.8448257446,3901400
2019-05-24,130.3300018311,130.4799957275,128.9600067139,129.5000000000,102.4729003906,2702700
2019-05-28,129.5000000000,129.8999938965,127.3600006104,127.6299972534,100.9931869507,8806000
2019-05-29,127.5800018311,128.3099975586,126.8399963379,128.1699981689,101.4204559326,5502700
2019-05-30,128.1499938965,128.9100036621,127.7799987793,128.6100006104,101.7686462402,2710300
2019-05-31,128.0000000000,128.4499969482,126.9899978638,128.0000000000,101.2859420776,4191200
2019-06-03,127.8600006104,129.1600036621,127.4899978638,128.9799957275,102.0614242554,3588700
2019-06-04,129.7500000000,129.8099975586,128.0200042725,129.0700073242,102.1326522827,4242400
2019-06-05,129.2200012207,131.6000061035,128.8600006104,131.3899993896,103.9684448242,5084200
2019-06-06,131.0800018311,132.2700042725,130.5599975586,131.9799957275,105.1999511719,5528000
2019-06-07,132.8399963379,134.7100067139,132.5899963379,133.4700012207,106.3876190186,6332700
2019-06-10,133.1799926758,133.6799926758,132.3600006104,133.5899963379,106.4832534790,2957900
2019-06-11,134.0599975586,134.3399963379,132.6900024414,133.1999969482,106.1723861694,3553600
2019-06-12,134.0099945068,134.4400024414,132.6600036621,133.1399993896,106.1245727539,3302800
2019-06-13,133.4499969482,133.7899932861,131.8500061035,132.9400024414,105.9651565552,2851400
2019-06-14,133.0099945068,133.5399932861,132.5599975586,132.7299957275,105.7977676392,3291800
2019-06-17,132.7200012207,133.2400054932,131.8899993896,132.5200042725,105.6303634644,2725800
2019-06-18,134.4199981689,134.4199981689,131.8600006104,132.0599975586,105.2637329102,4378200
2019-06-19,132.0599975586,133.2899932861,131.3300018311,132.8500061035,105.8934478760,4349900
2019-06-20,133.8699951172,134.4499969482,133.3399963379,134.1600036621,106.9376144409,3847500
2019-06-21,134.1600036621,134.5599975586,133.6300048828,133.9600067139,106.7781829834,7696300
2019-06-24,134.6499938965,135.2400054932,133.9400024414,134.1399993896,106.9216766357,3685800
2019-06-25,133.9799957275,134.4799957275,133.5399932861,133.8099975586,106.6586380005,4176300
2019-06-26,133.0599975586,133.7700042725,132.3000030518,132.3200073242,105.4709625244,6024100
2019-06-27,132.2500000000,132.4400024414,131.3800048828,131.6900024414,104.9688110352,4750900
2019-06-28,132.2799987793,132.4100036621,130.7599945068,131.1300048828,104.5224380493,6318500
2019-07-01,131.9900054932,132.2899932861,131.0700073242,131.8699951172,105.1122589111,3544800
2019-07-02,132.0899963379,132.6499938965,131.3500061035,132.4299926758,105.5586318970,3233300
2019-07-03,132.9799957275,134.0899963379,132.7700042725,133.9900054932,106.8021087646,2859200
2019-07-05,132.8899993896,133.4900054932,131.5500030518,133.0200042725,106.0289535522,3356000
2019-07-08,133.1000061035,133.3899993896,132.0399932861,132.5599975586,105.6622619629,5854500
2019-07-09,133.0000000000,133.3999938965,130.7200012207,131.7400054932,105.0086822510,8233200
2019-07-10,132.3999938965,134.4600067139,131.8699951172,134.4100036621,107.1368789673,6141500
2019-07-11,134.2100067139,134.7400054932,133.3500061035,134.3500061035,107.0890579224,3944200
2019-07-12,134.0000000000,134.4299926758,132.6100006104,133.2799987793,106.2361602783,4481200
2019-07-15,133.6000061035,134.1600036621,132.5500030518,134.1499938965,106.9296417236,3077900
2019-07-16,134.0800018311,135.2400054932,133.0500030518,133.8000030518,106.6506500244,4019700
2019-07-17,133.9199981689,134.2799987793,132.4700012207,132.7799987793,105.8376541138,4105100
2019-07-18,132.6100006104,133.1999969482,131.5200042725,132.8800048828,105.9173507690,3698600
2019-07-19,133.1699981689,133.1900024414,130.0099945068,130.0899963379,103.6934356689,5022000
2019-07-22,130.4900054932,130.8099975586,129.6300048828,130.2799987793,103.8448867798,4411700
2019-07-23,131.1300048828,132.2400054932,130.4100036621,130.7400054932,104.2115631104,4145800
2019-07-24,131.1999969482,131.1999969482,128.6199951172,129.2100067139,102.9920272827,4669700
2019-07-25,128.6300048828,129.5299987793,128.3899993896,128.9900054932,102.8166732788,3335200
2019-07-26,129.4400024414,131.4199981689,128.7100067139,131.2200012207,104.5941696167,4580800
2019-07-29,131.5000000000,132.0599975586,131.1799926758,131.5299987793,104.8412475586,4533400
2019-07-30,131.3399963379,132.0800018311,130.2299957275,130.4799957275,104.0043258667,3367900
2019-07-31,130.4799957275,130.4799957275,126.2399978638,127.8099975586,101.8760833740,5757600
2019-08-01,128.9600067139,129.3999938965,126.7699966431,127.1399993896,101.3420562744,6199400
2019-08-02,127.0999984741,128.8200073242,126.5000000000,127.9199981689,101.9637603760,5573300
2019-08-05,128.3500061035,129.1499938965,123.8799972534,124.4000015259,99.1580200195,6192800
2019-08-06,124.7799987793,127.0000000000,124.3799972534,126.4499969482,100.7920608521,6258600
2019-08-07,126.4000015259,128.3399963379,124.6299972534,127.7799987793,101.8521804810,6149000
2019-08-08,128.1000061035,129.7500000000,127.0000000000,129.4700012207,103.1992568970,3702100
2019-08-09,129.7100067139,129.7400054932,127.3199996948,128.6000061035,102.5057754517,2929500
2019-08-12,128.4499969482,129.1499938965,127.8700027466,128.3500061035,102.3065338135,2920800
2019-08-13,128.2799987793,130.3800048828,127.9400024414,129.9299926758,103.5659027100,4088200
2019-08-14,129.5200042725,130.5299987793,128.8000030518,129.1199951172,102.9202880859,6232700
2019-08-15,129.6600036621,131.2200012207,129.3999938965,130.7200012207,104.1956329346,3701800
2019-08-16,131.4199981689,132.3200073242,130.6399993896,131.7599945068,105.0246047974,3405000
2019-08-19,132.0700073242,132.8500061035,131.9400024414,132.5700073242,105.6702499390,3101200
2019-08-20,132.8000030518,133.1000061035,131.9299926758,132.0599975586,105.2637329102,3160300
2019-08-21,132.9100036621,133.6399993896,131.6199951172,132.3399963379,105.4869079590,2936900
2019-08-22,131.7500000000,132.9299926758,131.3200073242,132.6600036621,105.7419815063,2484200
2019-08-23,132.4499969482,133.3500061035,129.5399932861,130.2700042725,103.8369140625,4239500
2019-08-26,130.8200073242,133.7500000000,130.5899963379,133.7400054932,106.6028289795,3954100
2019-08-27,134.1999969482,135.3600006104,133.6799926758,134.7599945068,107.4158554077,7187800
2019-08-28,134.5000000000,135.3399963379,134.2799987793,135.1900024414,107.7586059570,3972600
2019-08-29,135.6100006104,136.4400024414,134.5200042725,136.0200042725,108.4202117920,3045200
2019-08-30,136.1100006104,137.1100006104,135.7599945068,136.7299957275,108.9861297607,3742800
2019-09-03,136.3500061035,137.6699981689,135.8800048828,137.4600067139,109.5680084229,2989800
2019-09-04,137.8099975586,139.1799926758,137.2500000000,139.1499938965,110.9150924683,3201700
2019-09-05,138.8000030518,138.8000030518,135.5500030518,135.9799957275,109.1373443604,4994600
2019-09-06,136.9299926758,137.4199981689,136.0200042725,137.3699951172,110.2529449463,3051600
2019-09-09,136.3999938965,136.6799926758,135.4299926758,136.3999938965,109.4744186401,4062100
2019-09-10,135.7400054932,136.5099945068,134.6799926758,135.8600006104,109.0410385132,4175000
2019-09-11,135.2700042725,136.7899932861,134.8800048828,136.3600006104,109.4423370361,5005100
2019-09-12,136.7400054932,138.2899932861,136.7400054932,137.2899932861,110.1887741089,4146900
2019-09-13,136.0800018311,136.9499969482,135.6799926758,136.4400024414,109.5065383911,4008200
2019-09-16,136.3899993896,136.5000000000,134.3800048828,134.8800048828,108.2545013428,2953600
2019-09-17,134.9600067139,136.3099975586,134.5099945068,135.6999969482,108.9126205444,4013300
2019-09-18,135.8099975586,136.0000000000,134.1000061035,135.5000000000,108.7521057129,2647800
2019-09-19,135.4100036621,135.8399963379,135.0800018311,135.4799957275,108.7360687256,2804500
2019-09-20,135.0000000000,135.7599945068,134.4799957275,134.7100067139,108.1180496216,6671100
2019-09-23,134.9600067139,135.7500000000,134.9600067139,135.4400024414,108.7039260864,3346500
2019-09-24,136.2500000000,136.4499969482,134.5800018311,135.3600006104,108.6397171021,4798500
2019-09-25,135.2100067139,135.6600036621,134.5099945068,135.0899963379,108.4230270386,3579500
2019-09-26,135.8699951172,136.3300018311,135.0099945068,135.7200012207,108.9286880493,4309600
2019-09-27,136.2400054932,136.2400054932,134.6699981689,135.6000061035,108.8323669434,3559400
2019-09-30,136.0700073242,137.7299957275,135.8699951172,137.1000061035,110.0362396240,3705200
2019-10-01,136.9299926758,137.9400024414,136.0899963379,137.3699951172,110.2529449463,3638900
2019-10-02,136.8899993896,137.3800048828,133.4900054932,133.9400024414,107.5000381470,5728600
2019-10-03,138.4400024414,139.7500000000,136.5000000000,137.9299926758,110.7023849487,8829700
2019-10-04,137.8399963379,140.4499969482,137.6199951172,140.2799987793,112.5885391235,5278700
2019-10-07,139.2899932861,139.6100006104,137.9700012207,138.3399963379,111.0314559937,4273300
2019-10-08,137.6499938965,138.4499969482,137.0800018311,137.2400054932,110.1485977173,4074900
2019-10-09,137.3200073242,138.1699981689,136.8300018311,137.8500061035,110.6381988525,3065300
2019-10-10,137.1100006104,138.2500000000,136.6399993896,137.8899993896,110.6702957153,2191000
2019-10-11,138.0800018311,138.6999969482,137.0899963379,137.6399993896,110.4696578979,2761400
2019-10-14,137.8399963379,138.3000030518,137.2400054932,137.4499969482,110.3171615601,2371500
2019-10-15,137.4799957275,137.9499969482,136.1600036621,136.3300018311,109.4182586670,3369300
2019-10-16,136.1399993896,136.4900054932,135.5800018311,136.4199981689,109.4904861450,2812000
2019-10-17,137.0700073242,137.6199951172,136.6000061035,136.9600067139,109.9238967896,2322500
2019-10-18,137.2700042725,137.3699951172,136.2299957275,136.2500000000,109.3540191650,3630400
2019-10-21,136.3399963379,136.7400054932,135.6600036621,136.1199951172,109.2497024536,2829400
2019-10-22,136.6499938965,137.3500061035,136.3099975586,136.6600036621,109.6831054688,3248100
2019-10-23,136.6100006104,137.5000000000,136.6100006104,137.4499969482,110.3171615601,2323600
2019-10-24,137.6999969482,138.1100006104,136.7899932861,137.8899993896,110.6702957153,2292500
2019-10-25,137.7799987793,137.9199981689,136.2299957275,136.6399993896,109.6670608521,2520000
2019-10-28,136.5500030518,137.5500030518,136.1499938965,136.5700073242,109.6108779907,3212600
2019-10-29,136.8300018311,137.1199951172,135.9400024414,136.0800018311,109.2175827026,2550300
2019-10-30,135.8600006104,137.2899932861,135.4100036621,136.8999938965,109.8757171631,2653700
2019-10-31,136.8000030518,137.5299987793,136.1000061035,137.1699981689,110.0924072266,4492300
2019-11-01,137.5500030518,138.3399963379,136.6999969482,136.9299926758,109.8997879028,3054900
2019-11-04,136.8000030518,137.1000061035,134.7299957275,135.1600036621,108.4792098999,3202400
2019-11-05,134.8300018311,135.1000061035,132.6000061035,134.0099945068,107.5561981201,4300800
2019-11-06,134.5000000000,134.8800048828,133.5500030518,134.4400024414,107.9013442993,3645600
2019-11-07,134.4100036621,134.5000000000,133.1199951172,133.3200073242,107.0024261475,3338700
2019-11-08,133.2899932861,134.1300048828,132.5700073242,133.1300048828,106.8499374390,2604000
2019-11-11,133.0299987793,133.0299987793,131.9700012207,132.3899993896,106.2560043335,2227200
2019-11-12,132.6799926758,132.6799926758,131.5899963379,131.9799957275,105.9269485474,3246500
2019-11-13,132.6300048828,133.5700073242,132.0099945068,133.2899932861,106.9783248901,3166600
2019-11-14,133.6000061035,133.9100036621,132.7299957275,133.3300018311,107.0104751587,2141900
2019-11-15,133.6600036621,133.9199981689,132.8000030518,133.8099975586,107.3956909180,3648700
2019-11-18,134.0000000000,135.6900024414,133.9100036621,134.0599975586,107.5963211060,3619700
2019-11-19,134.6499938965,135.0599975586,134.0700073242,134.5700073242,108.0056991577,3019100
2019-11-20,134.3099975586,135.1999969482,133.3999938965,133.7400054932,107.3395080566,3047700
2019-11-21,133.4299926758,134.2100067139,133.0899963379,133.9100036621,107.4759521484,3391200
2019-11-22,133.9199981689,134.5299987793,133.0200042725,134.0700073242,107.6043777466,3014900
2019-11-25,134.6600036621,134.7799987793,133.2100067139,133.8300018311,107.4117660522,3612400
2019-11-26,134.2899932861,135.8699951172,133.8699951172,135.6999969482,108.9126205444,4947400
2019-11-27,135.6999969482,136.5200042725,135.3300018311,135.9100036621,109.0811386108,2476100
2019-11-29,136.0599975586,136.4199981689,135.2599945068,135.8300018311,109.0169448853,2978400
2019-12-02,136.6499938965,136.6499938965,134.4400024414,135.8800048828,109.0570831299,3866300
2019-12-03,136.6600036621,136.6600036621,134.3200073242,135.4600067139,108.7199707031,5000000
2019-12-04,134.9499969482,137.3699951172,134.5399932861,137.3000030518,110.1967849731,4228200
2019-12-05,136.1900024414,136.5399932861,135.2700042725,136.3399963379,110.1927413940,3351800
2019-12-06,136.6699981689,137.6900024414,136.3399963379,137.3600006104,111.0171051025,3216900
2019-12-09,137.1499938965,138.0399932861,137.0000000000,137.1600036621,110.8554763794,3882900
2019-12-10,137.6100006104,137.6100006104,136.1699981689,136.2700042725,110.1361694336,2940200
2019-12-11,137.0500030518,137.5399932861,136.3200073242,137.1000061035,110.8069686890,3339100
2019-12-12,136.8000030518,137.8999938965,136.7500000000,137.1799926758,110.8716278076,3502100
2019-12-13,136.9299926758,138.2500000000,136.1900024414,137.9400024414,111.4858551025,3557900
2019-12-16,136.9499969482,137.5200042725,136.1600036621,137.0599975586,110.7746734619,4701000
2019-12-17,137.0500030518,137.4400024414,135.6900024414,136.1699981689,110.0553512573,5491800
2019-12-18,137.0500030518,137.3000030518,135.6300048828,135.9700012207,109.8937072754,5370500
2019-12-19,136.2200012207,136.7400054932,135.9499969482,136.4700012207,110.2978057861,3641700
2019-12-20,137.4100036621,138.1300048828,135.1600036621,137.9199981689,111.4696960449,10311300
2019-12-23,137.6900024414,138.1300048828,136.8399963379,137.0399932861,110.7584915161,2992900
2019-12-24,137.0899963379,137.3800048828,136.2700042725,136.8899993896,110.6372299194,1220600
2019-12-26,136.8600006104,137.3399963379,136.1000061035,136.6900024414,110.4756088257,2934700
2019-12-27,136.8800048828,137.5800018311,136.6300048828,137.5399932861,111.1625747681,2554000
2019-12-30,136.6999969482,137.9700012207,136.4799957275,136.8099975586,110.5725784302,3024700
2019-12-31,136.6900024414,137.2599945068,136.0299987793,136.6699981689,110.4594421387,3229400
2020-01-02,136.8699951172,137.2299957275,135.1399993896,135.8200073242,109.7724456787,3784100
2020-01-03,135.4600067139,136.7899932861,135.1300048828,135.6300048828,109.6188735962,4000100
2020-01-06,135.3000030518,136.3200073242,135.1999969482,136.1499938965,110.0391540527,4085100
2020-01-07,136.0000000000,136.0700073242,133.9499969482,134.0099945068,108.3095626831,5718100
2020-01-08,134.4600067139,135.3600006104,134.0700073242,134.6999969482,108.8672409058,3681400
2020-01-09,135.2899932861,135.3800048828,134.5299987793,134.7899932861,108.9399871826,3954700
2020-01-10,135.1699981689,135.4199981689,134.3899993896,134.5299987793,108.7298507690,3099500
2020-01-13,134.6499938965,136.5899963379,134.6300048828,136.5299987793,110.3462905884,5127200
2020-01-14,136.1799926758,136.9400024414,135.6999969482,136.8500061035,110.6049118042,4159700
2020-01-15,137.0399932861,139.2500000000,136.8000030518,139.1999969482,112.5042266846,5002600
2020-01-16,139.3500061035,140.1600036621,138.6000061035,139.6100006104,112.8355865479,4977900
2020-01-17,140.1000061035,141.3200073242,139.8999938965,141.2599945068,114.1691818237,6908700
2020-01-21,140.6100006104,142.1199951172,140.3399963379,141.8600006104,114.6540832520,4440000
2020-01-22,141.8099975586,143.5700073242,141.7200012207,143.3800048828,115.8826065063,5366100
2020-01-23,143.0899963379,143.8500061035,142.3699951172,143.6499938965,116.1007919312,3915700
2020-01-24,143.8300018311,144.1499938965,142.4499969482,142.9199981689,115.5108337402,2791500
2020-01-27,141.6499938965,143.3600006104,141.0500030518,142.1399993896,114.8804244995,3895300
2020-01-28,142.1300048828,142.9199981689,141.7599945068,142.4400024414,115.1228637695,2908300
2020-01-29,142.0000000000,142.4499969482,141.1699981689,141.7299957275,114.5490341187,3263200
2020-01-30,142.3200073242,143.9600067139,141.5200042725,143.8300018311,116.2462921143,4058500
2020-01-31,143.8099975586,144.6499938965,141.5700073242,142.0200042725,114.7834014893,4753100
2020-02-03,142.7700042725,143.0700073242,141.8399963379,142.5099945068,115.1794357300,3977800
2020-02-04,143.1999969482,144.0599975586,142.1000061035,143.2200012207,115.7532958984,3494300
2020-02-05,143.6799926758,144.5899963379,143.4299926758,144.3000030518,116.6261672974,3504900
2020-02-06,144.6399993896,145.3000030518,144.0700073242,144.3300018311,116.6504058838,3571400
2020-02-07,144.2599945068,145.7200012207,143.8300018311,145.3699951172,117.4909210205,3138500
2020-02-10,145.9299926758,146.4199981689,145.1300048828,145.6600036621,117.7253265381,3775600
2020-02-11,146.2100067139,146.3600006104,144.8699951172,146.0800018311,118.0647964478,3870500
2020-02-12,146.6799926758,146.7400054932,145.3500061035,146.0800018311,118.0647964478,4217400
2020-02-13,145.2500000000,147.1300048828,143.5200042725,146.4700012207,118.3799667358,5041400
2020-02-14,146.5700073242,147.1499938965,145.9400024414,146.9900054932,118.8002929688,3555600
2020-02-18,147.1100006104,147.1999969482,145.3999938965,145.6000061035,117.6768341064,4938700
2020-02-19,145.6199951172,146.4799957275,145.4900054932,145.5299987793,117.6202774048,2978800
2020-02-20,145.7700042725,145.8000030518,143.9499969482,145.1600036621,117.3212432861,2805900
2020-02-21,145.0599975586,145.9199981689,144.8099975586,145.8500061035,117.8789138794,4271800
2020-02-24,145.8600006104,147.1499938965,142.5599975586,142.6399993896,115.2845001221,5027700
2020-02-25,142.5899963379,144.3800048828,140.5700073242,141.1000061035,114.0398788452,7585800
2020-02-26,142.4400024414,143.7500000000,141.1600036621,141.9799957275,114.7510757446,6157200
2020-02-27,141.4100036621,143.1399993896,136.3099975586,136.3699951172,110.2169723511,8605000
2020-02-28,133.2400054932,133.7500000000,128.3500061035,132.0299987793,106.7092971802,14164000
2020-03-02,132.0000000000,137.7700042725,131.7200012207,137.5800018311,111.1949157715,8504500
2020-03-03,137.1900024414,139.6699981689,134.7400054932,135.5800018311,109.5784988403,8728300
2020-03-04,136.1900024414,142.7100067139,136.0099945068,142.3899993896,115.0824661255,7635700
2020-03-05,138.8099975586,141.4199981689,136.6699981689,138.1000061035,112.3688507080,6579100
2020-03-06,131.5599975586,138.1699981689,131.4499969482,137.2599945068,111.6853561401,6754900
2020-03-09,130.1799926758,133.3500061035,128.1799926758,130.1600036621,105.9082717896,8716300
2020-03-10,132.0500030518,134.5700073242,126.8600006104,134.1399993896,109.1467056274,8258600
2020-03-11,130.5800018311,132.5399932861,127.6299972534,129.7500000000,105.5746383667,7465100
2020-03-12,122.0999984741,125.0000000000,113.5899963379,115.3399963379,93.8495330811,12808300
2020-03-13,120.6800003052,127.5899963379,115.0699996948,127.4499969482,103.7031784058,12007700
2020-03-16,114.6900024414,123.8199996948,112.0000000000,113.0899963379,92.0187759399,10733300
2020-03-17,116.6999969482,127.8600006104,116.3899993896,127.7200012207,103.9228820801,14242300
2020-03-18,120.8399963379,127.7200012207,113.7699966431,120.9199981689,98.3898544312,15250800
2020-03-19,121.4300003052,122.0899963379,116.0599975586,117.3399963379,95.4769058228,9393500
2020-03-20,118.2399978638,118.4499969482,101.4199981689,103.9300003052,84.5655059814,13093200
2020-03-23,106.0000000000,112.8700027466,102.8700027466,105.1800003052,85.5825881958,13926800
2020-03-24,109.9300003052,114.4300003052,109.3700027466,113.8399963379,92.6290206909,11447000
2020-03-25,112.7399978638,116.3600006104,111.0400009155,112.5000000000,91.5386962891,9485500
2020-03-26,112.7099990845,121.8000030518,112.5800018311,120.2600021362,97.8528366089,10376800
2020-03-27,118.5699996948,124.6500015259,117.9899978638,120.4599990845,98.0155944824,9852500
2020-03-30,121.6100006104,125.8399963379,121.5100021362,125.4800033569,102.1002502441,6916800
2020-03-31,124.9400024414,125.6999969482,119.5299987793,120.0999984741,97.7226715088,7091700
2020-04-01,117.2699966431,122.3000030518,115.6699981689,118.1200027466,96.1115570068,6873000
2020-04-02,117.2200012207,125.1800003052,116.4800033569,123.8600006104,100.7820587158,6181800
2020-04-03,123.1900024414,125.3700027466,122.4400024414,124.5899963379,101.3760528564,5552000
2020-04-06,128.6600036621,132.1300048828,125.2900009155,131.1600036621,106.7219390869,8242200
2020-04-07,132.7100067139,135.0800018311,130.2899932861,130.4799957275,106.1686325073,6253900
2020-04-08,129.6399993896,133.2899932861,129.1300048828,132.6100006104,107.9017715454,5241100
2020-04-09,132.0899963379,135.0800018311,131.5099945068,133.6300048828,108.7317199707,5502400
2020-04-13,131.6900024414,133.3500061035,129.4299926758,130.8899993896,106.5022354126,3785000
2020-04-14,133.2200012207,138.6300048828,132.3500061035,138.3999938965,112.6129302979,6278700
2020-04-15,137.1399993896,137.5599975586,133.6999969482,135.0299987793,109.8708496094,5773100
2020-04-16,136.9700012207,136.9700012207,133.8500061035,135.6399993896,110.3671951294,4564000
2020-04-17,137.7299957275,138.0000000000,134.9100036621,137.5500030518,111.9213333130,4866500
2020-04-20,136.9400024414,137.3800048828,134.5099945068,134.5500030518,109.4802856445,3995400
2020-04-21,132.1399993896,132.9400024414,130.5899963379,130.9400024414,106.5429153442,4359500
2020-04-22,132.4400024414,133.6699981689,131.2200012207,132.6199951172,107.9098892212,4084600
2020-04-23,132.5000000000,134.1399993896,130.0299987793,130.2599945068,105.9895935059,5527700
2020-04-24,130.8699951172,134.8200073242,130.6499938965,134.3600006104,109.3257064819,4063100
2020-04-27,134.4199981689,135.2100067139,133.8899993896,134.4600067139,109.4070663452,4009200
2020-04-28,136.7799987793,137.6799926758,134.6600036621,136.3200073242,110.9205093384,6674200
2020-04-29,136.7700042725,136.9799957275,132.8999938965,133.3600006104,108.5120162964,6706800
2020-04-30,132.4100036621,133.1699981689,130.4199981689,132.2899932861,107.6413803101,6783000
2020-05-01,131.1199951172,132.2299957275,129.5200042725,130.1399993896,105.8919754028,4488000
2020-05-04,130.1699981689,131.3500061035,129.3200073242,130.9199981689,106.5266342163,5245300
2020-05-05,131.6399993896,133.3300018311,130.7700042725,131.6699981689,107.1368865967,3580000
2020-05-06,131.5800018311,132.2299957275,130.6900024414,130.7799987793,106.4127197266,4192200
2020-05-07,131.5500030518,132.0000000000,130.1199951172,131.5500030518,107.0392608643,5528000
2020-05-08,133.0700073242,135.1600036621,132.4600067139,134.2299957275,109.2199020386,4209100
2020-05-11,133.4299926758,136.1999969482,133.1699981689,134.3800048828,109.3419494629,3591100
2020-05-12,134.7599945068,136.3800048828,132.8600006104,132.9400024414,108.1702575684,3914600
2020-05-13,133.1799926758,134.4700012207,131.4499969482,132.9600067139,108.1865310669,5168500
2020-05-14,132.7100067139,133.5599975586,130.1499938965,133.0800018311,108.2841796875,5522200
2020-05-15,133.7700042725,137.6600036621,132.7899932861,135.9499969482,110.6194610596,20338200
2020-05-18,136.8500061035,137.9900054932,135.0599975586,135.5200042725,110.2695770264,8480300
2020-05-19,134.4299926758,134.7599945068,131.3999938965,131.7299957275,107.1857070923,6640300
2020-05-20,132.5399932861,132.6799926758,130.3399963379,131.2599945068,106.8032760620,8213100
2020-05-21,130.9799957275,131.4400024414,129.6100006104,130.2100067139,105.9489288330,4886300
2020-05-22,129.6100006104,130.6300048828,129.1699981689,130.4799957275,106.1686325073,3429200
2020-05-26,131.9400024414,132.0500030518,129.3999938965,129.7500000000,105.5746383667,5579300
2020-05-27,129.7200012207,130.8399963379,128.5800018311,130.8099975586,106.4371185303,5686500
2020-05-28,131.2100067139,132.7299957275,130.1100006104,132.2899932861,107.6413803101,4974400
2020-05-29,132.0099945068,132.2400054932,130.3200073242,131.5500030518,107.0392608643,13337900
2020-06-01,131.6000061035,133.9499969482,131.1900024414,132.9900054932,108.2109832764,4049200
2020-06-02,133.0500030518,133.8099975586,131.1199951172,132.6300048828,107.9180450439,5327500
2020-06-03,133.2400054932,134.2799987793,132.6000061035,132.8200073242,108.0726394653,5421200
2020-06-04,131.5899963379,133.5599975586,130.1799926758,130.5700073242,107.0665054321,5229700
2020-06-05,131.0000000000,133.5200042725,130.7700042725,132.4400024414,108.5998992920,7075700
2020-06-08,131.3800048828,132.4700012207,131.2400054932,132.2100067139,108.4112930298,5613000
2020-06-09,131.8300018311,133.1499938965,131.0500030518,132.9700012207,109.0344696045,6446900
2020-06-10,133.2799987793,135.1600036621,133.1699981689,134.1300048828,109.9856643677,7069900
2020-06-11,134.2200012207,135.1399993896,127.4599990845,127.8399963379,104.8279342651,8541000
2020-06-12,129.1499938965,129.9299926758,127.4300003052,129.0000000000,105.7791137695,7039500
2020-06-15,128.2899932861,130.9600067139,126.5299987793,130.4799957275,106.9926910400,5481000
2020-06-16,132.6799926758,133.0599975586,130.1199951172,131.6699981689,107.9684753418,5197700
2020-06-17,131.8899993896,133.0399932861,131.4900054932,131.7599945068,108.0422744751,3309700
2020-06-18,131.4199981689,133.1300048828,130.6300048828,132.7799987793,108.8787002563,3417200
2020-06-19,134.4100036621,134.8200073242,131.2200012207,131.2799987793,107.6486968994,8310100
2020-06-22,130.5500030518,131.7599945068,129.9499969482,131.0500030518,107.4600906372,3379900
2020-06-23,131.6199951172,132.6799926758,130.9799957275,131.3600006104,107.7142944336,3625600
2020-06-24,130.5200042725,131.0700073242,128.6799926758,129.5599975586,106.2383117676,4853500
2020-06-25,129.1399993896,131.7299957275,128.0500030518,131.4100036621,107.7552871704,4442000
2020-06-26,131.6799926758,132.3699951172,128.0599975586,128.9299926758,105.7217178345,7372700
2020-06-29,130.1799926758,131.3999938965,129.4299926758,131.0800018311,107.4847030640,4173900
2020-06-30,131.8300018311,132.8200073242,130.8500061035,132.2599945068,108.4522781372,4626700
2020-07-01,132.5299987793,133.6199951172,131.9400024414,132.3600006104,108.5342864990,3633000
2020-07-02,133.5399932861,134.1699981689,132.5399932861,132.8500061035,108.9361114502,2769200
2020-07-06,133.0800018311,133.9499969482,132.3099975586,133.3000030518,109.3050842285,4221600
2020-07-07,132.2700042725,134.6199951172,132.1699981689,133.5700073242,109.5264968872,4424500
2020-07-08,134.1600036621,134.6900024414,133.1600036621,134.2200012207,110.0594787598,3798200
2020-07-09,132.8999938965,133.9400024414,131.7299957275,132.7100067139,108.8212890625,4005200
2020-07-10,132.3699951172,134.8899993896,131.2799987793,134.4600067139,110.2562866211,5932800
2020-07-13,136.7700042725,138.0700073242,134.4700012207,134.9100036621,110.6252670288,8960000
2020-07-14,134.5899963379,136.9499969482,134.2500000000,135.5200042725,111.1254425049,6766800
2020-07-15,135.3500061035,136.1900024414,133.2500000000,133.6900024414,109.6248855591,5561300
2020-07-16,134.0599975586,134.3600006104,133.0500030518,133.8800048828,109.7807083130,3788100
2020-07-17,134.6499938965,135.0599975586,133.5500030518,134.6600036621,110.4202804565,3229300
2020-07-20,134.6100006104,134.6100006104,132.1799926758,133.1100006104,109.1492919922,3620300
2020-07-21,134.0000000000,136.4100036621,133.7899932861,134.4299926758,110.2316894531,5435400
2020-07-22,135.5599975586,136.2500000000,133.6799926758,136.0099945068,111.5272445679,3522300
2020-07-23,136.5899963379,137.2500000000,135.4900054932,137.0800018311,112.4046630859,5011400
2020-07-24,136.9900054932,138.6399993896,135.3899993896,136.0599975586,111.5682449341,3300000
2020-07-27,135.5299987793,137.7599945068,134.8500061035,137.6699981689,112.8884658813,3607700
2020-07-28,137.9799957275,138.5899963379,137.0899963379,137.3800048828,112.6506729126,3787500
2020-07-29,137.3800048828,139.0000000000,137.0399932861,137.9299926758,113.1016464233,3179000
2020-07-30,137.2400054932,138.2200012207,136.4799957275,137.6900024414,112.9048614502,2817600
2020-07-31,137.2599945068,137.6999969482,135.1999969482,137.6600036621,112.8802490234,4304100
2020-08-03,137.1100006104,137.5000000000,136.0000000000,136.6999969482,112.0930557251,2819200
2020-08-04,137.5200042725,137.5899963379,136.0200042725,137.4700012207,112.7244567871,2553500
2020-08-05,138.1499938965,138.1499938965,135.7700042725,136.2500000000,111.7240753174,2924000
2020-08-06,135.2700042725,136.2899932861,135.2700042725,135.8600006104,111.4042510986,2692900
2020-08-07,135.9400024414,136.7599945068,135.3699951172,136.7400054932,112.1258773804,3692100
2020-08-10,136.3200073242,136.8800048828,135.3800048828,135.9799957275,111.5026702881,3052000
2020-08-11,136.9700012207,137.4499969482,134.6199951172,135.1199951172,110.7974700928,3301200
2020-08-12,135.3399963379,138.6799926758,135.2500000000,137.8000030518,112.9950408936,4424600
2020-08-13,137.1000061035,138.6100006104,137.1000061035,138.1000061035,113.2410583496,2393500
2020-08-14,138.1100006104,138.1699981689,137.1999969482,137.5599975586,112.7982559204,2461700
2020-08-17,137.5000000000,138.8899993896,137.0500030518,137.9199981689,113.0934371948,2862500
2020-08-18,138.6100006104,138.6100006104,137.0399932861,138.1100006104,113.2492523193,2638600
2020-08-19,138.6900024414,138.7899932861,136.1000061035,136.4499969482,111.8880767822,3682200
2020-08-20,135.6600036621,137.1499938965,135.6300048828,136.7200012207,112.1094512939,2263000
2020-08-21,136.3699951172,136.6600036621,135.2500000000,136.4600067139,111.8962707520,4295600
2020-08-24,136.4600067139,137.6799926758,136.1100006104,137.6399993896,112.8638610840,3177800
2020-08-25,138.2599945068,138.3800048828,136.6999969482,137.3000030518,112.5850677490,2597400
2020-08-26,136.5800018311,138.6600036621,136.3800048828,138.4700012207,113.5444488525,6019700
2020-08-27,138.7100067139,139.9299926758,137.9100036621,138.3999938965,113.4870376587,4159300
2020-08-28,138.5200042725,139.9600067139,137.2400054932,139.9400024414,114.7498245239,3355400
2020-08-31,139.3200073242,141.0200042725,139.0000000000,140.0599975586,114.8482208252,3828700
2020-09-01,140.2500000000,140.4799957275,138.5099945068,139.1900024414,114.1348419189,3421700
2020-09-02,139.5200042725,143.8200073242,139.3500061035,143.2899932861,117.4967956543,4918200
2020-09-03,142.7700042725,144.0399932861,138.1199951172,139.3699951172,115.1042251587,6642400
2020-09-04,139.6600036621,140.3099975586,136.9400024414,138.7599945068,114.6004257202,4836400
2020-09-08,138.3099975586,138.6300048828,134.4100036621,135.5500030518,111.9493408203,4901500
2020-09-09,135.5000000000,138.4600067139,135.3999938965,137.1100006104,113.2376937866,4282300
2020-09-10,136.6000061035,137.5500030518,133.8800048828,134.7599945068,111.2968521118,6050500
2020-09-11,135.2200012207,136.3800048828,134.2299957275,135.8099975586,112.1640625000,3411900
2020-09-14,136.5299987793,137.5000000000,135.8000030518,136.6699981689,112.8743438721,2779000
2020-09-15,136.4799957275,137.2400054932,135.4100036621,135.6199951172,112.0071411133,4080800
2020-09-16,136.2799987793,136.6000061035,134.7799987793,134.9799957275,111.4785385132,3353500
2020-09-17,133.3899993896,134.5500030518,131.6900024414,133.1999969482,110.0084533691,5186400
2020-09-18,133.7100067139,134.7899932861,130.0099945068,131.4700012207,108.5796890259,8473000
2020-09-21,130.3699951172,131.3099975586,129.3600006104,131.2400054932,108.3897323608,4402700
2020-09-22,131.0000000000,132.8899993896,130.4499969482,132.1499938965,109.1412887573,3951000
2020-09-23,132.6999969482,132.8200073242,129.8500061035,131.0000000000,108.1915206909,5909900
2020-09-24,131.4400024414,132.3099975586,129.9199981689,131.5800018311,108.6705093384,4316600
2020-09-25,130.8899993896,133.8300018311,130.5099945068,133.5500030518,110.2975234985,4576000
2020-09-28,136.0399932861,138.5800018311,135.6699981689,137.9700012207,113.9479751587,7487500
2020-09-29,138.6600036621,139.5399932861,137.1300048828,137.1600036621,113.2790069580,4330500
2020-09-30,137.9900054932,139.1900024414,136.8999938965,138.6000061035,114.4682998657,7060700
2020-10-01,139.4400024414,140.8500061035,137.4900054932,140.8000030518,116.2852630615,6483900
2020-10-02,139.2799987793,139.9100036621,136.1999969482,138.0599975586,114.0223083496,5130200
2020-10-05,138.1100006104,138.3800048828,136.9799957275,137.9299926758,113.9149246216,4519800
2020-10-06,138.0000000000,138.8200073242,135.1499938965,135.6999969482,112.0731811523,5031000
2020-10-07,135.9400024414,137.5200042725,135.7599945068,137.0099945068,113.1550979614,4347300
2020-10-08,137.2799987793,138.1300048828,136.7599945068,137.8500061035,113.8488616943,2977400
2020-10-09,138.6999969482,139.2599945068,137.8999938965,138.4400024414,114.3361206055,3194000
2020-10-12,141.1199951172,143.4900054932,139.7799987793,142.1300048828,117.3836669922,6167200
2020-10-13,142.2200012207,144.0000000000,141.9100036621,143.5399932861,118.5481719971,4293200
2020-10-14,143.5500030518,144.1100006104,141.6300048828,142.5200042725,117.7057952881,3641000
2020-10-15,141.1600036621,141.9700012207,140.6199951172,141.4299926758,116.8055419922,3306800
2020-10-16,141.7500000000,142.8200073242,141.1300048828,141.7299957275,117.0532913208,5076000
2020-10-19,141.3399963379,142.5299987793,139.2500000000,139.6799926758,115.3602294922,3223200
2020-10-20,141.0000000000,141.2200012207,139.4100036621,139.7100067139,115.3850021362,2750900
2020-10-21,139.6799926758,140.4799957275,139.1000061035,139.6000061035,115.2941513062,2560100
2020-10-22,139.8000030518,140.1999969482,139.0099945068,139.6100006104,115.3024063110,2909000
2020-10-23,140.2200012207,140.5299987793,139.0399932861,139.5599975586,115.2611083984,2758400
2020-10-26,138.7400054932,139.0800018311,136.4100036621,138.0599975586,114.0223083496,3431100
2020-10-27,138.5700073242,139.8899993896,138.3000030518,139.1199951172,114.8977279663,3390800
2020-10-28,137.1499938965,137.7100067139,133.9400024414,134.1699981689,110.8096008301,5196000
2020-10-29,133.7599945068,135.6300048828,132.2599945068,133.9900054932,110.6609344482,3856500
2020-10-30,132.9299926758,133.8399963379,131.7100067139,133.2899932861,110.0827941895,4303900
2020-11-02,135.6100006104,136.2299957275,133.7799987793,135.1499938965,111.6189575195,3126400
2020-11-03,136.6199951172,138.6000061035,136.2799987793,137.0399932861,113.1798553467,3293900
2020-11-04,139.0000000000,141.6999969482,137.6600036621,137.8600006104,113.8571090698,4576300
2020-11-05,139.3500061035,140.2700042725,137.4700012207,138.0500030518,114.0140304565,3667800
2020-11-06,138.5599975586,139.7700042725,137.3300018311,138.3800048828,114.2865982056,2867000
2020-11-09,142.0000000000,143.6499938965,138.1699981689,138.4499969482,114.3443984985,6111300
2020-11-10,136.9900054932,142.4400024414,136.1900024414,141.7200012207,117.0450668335,5284500
2020-11-11,142.8600006104,144.2400054932,141.6100006104,143.8999938965,118.8454818726,4389800
2020-11-12,144.2500000000,144.7400054932,142.7599945068,143.8399963379,118.7959289551,2570100
2020-11-13,143.7700042725,144.8899993896,143.2700042725,144.7100067139,119.5144882202,2580400
2020-11-16,145.0000000000,146.2599945068,144.6900024414,145.7599945068,120.3816299438,3399000
2020-11-17,144.2700042725,146.1000061035,144.1100006104,145.2400054932,119.9521942139,2924000
2020-11-18,145.4900054932,146.5700073242,143.3000030518,143.3800048828,118.4160690308,4335200
2020-11-19,142.8800048828,143.6999969482,142.3399963379,143.3200073242,118.3664550781,4263500
2020-11-20,143.6499938965,144.6399993896,143.0000000000,143.4199981689,118.4490509033,3469100
2020-11-23,143.3099975586,143.6499938965,141.8800048828,143.0200042725,118.1187210083,3443300
2020-11-24,143.1900024414,144.3600006104,142.8200073242,144.0299987793,118.9528579712,4472300
2020-11-25,144.4499969482,144.9199981689,143.6999969482,144.1600036621,119.0602340698,2278300
2020-11-27,144.6199951172,145.2799987793,144.1799926758,144.6000061035,119.4236373901,1596000
2020-11-30,144.4600067139,144.6300048828,142.8800048828,144.2299957275,119.1180191040,4906900
2020-12-01,145.0299987793,146.6300048828,144.5000000000,146.0700073242,120.6376495361,3999200
2020-12-02,145.8800048828,146.9400024414,143.8899993896,144.6199951172,119.4401473999,4432900
2020-12-03,143.0200042725,144.9600067139,143.0200042725,144.4499969482,120.1496276855,4757900
2020-12-04,143.8699951172,145.9799957275,143.8500061035,145.8500061035,121.3140945435,3592600
2020-12-07,145.6799926758,146.5599975586,144.6199951172,145.3699951172,120.9148559570,4217300
2020-12-08,145.3300018311,146.1600036621,144.2899932861,145.5200042725,121.0396347046,3623800
2020-12-09,145.5599975586,146.1000061035,144.2799987793,145.6900024414,121.1810302734,3842000
2020-12-10,146.0399932861,146.2899932861,144.4199981689,144.6699981689,120.3326492310,3985000
2020-12-11,143.6300048828,145.1000061035,143.4100036621,144.9700012207,120.5821380615,2975500
2020-12-14,145.2500000000,146.4700012207,144.0500030518,144.2299957275,119.9666366577,3952400
2020-12-15,144.5599975586,145.2700042725,143.8899993896,144.7700042725,120.4158325195,3183300
2020-12-16,143.9799957275,145.4700012207,143.8999938965,144.8899993896,120.5156097412,4915800
2020-12-17,145.2500000000,146.1999969482,145.1799926758,145.7100067139,121.1976699829,3312500
2020-12-18,146.3300018311,147.1000061035,145.5000000000,146.9299926758,122.2124176025,8980400
2020-12-21,145.0000000000,145.6600036621,143.4700012207,145.3999938965,120.9398117065,3946900
2020-12-22,144.6000061035,145.0000000000,143.4799957275,144.0200042725,119.7919692993,2653700
2020-12-23,144.4900054932,145.6000061035,144.0700073242,144.4100036621,120.1163635254,2645100
2020-12-24,144.8300018311,145.1100006104,144.1399993896,145.0599975586,120.6570205688,883300
2020-12-28,145.7799987793,147.6000061035,145.5399932861,146.9100036621,122.1958007812,2493500
2020-12-29,147.6799926758,148.7700042725,146.8399963379,147.4199981689,122.6199722290,3186700
2020-12-30,147.4700012207,147.9900054932,147.0099945068,147.3099975586,122.5284881592,2224900
2020-12-31,147.4799957275,148.4600067139,146.6399993896,148.3000030518,123.3519439697,2076800
2021-01-04,147.0099945068,147.7799987793,141.9400024414,144.2700042725,119.9999389648,7486900
2021-01-05,144.0700073242,145.1799926758,142.8999938965,144.6999969482,120.3575973511,4126000
2021-01-06,141.6699981689,143.6000061035,141.5899963379,142.9299926758,118.8853149414,4843300
2021-01-07,142.8099975586,143.1499938965,141.1499938965,142.4700012207,118.5027465820,4473200
2021-01-08,142.4700012207,144.3999938965,141.6600036621,144.1799926758,119.9250640869,4312000
2021-01-11,144.0299987793,144.3099975586,141.6900024414,142.0899963379,118.1866455078,3902700
2021-01-12,141.6300048828,142.0000000000,139.4499969482,141.4299926758,117.6376724243,5150000
2021-01-13,141.1199951172,143.2400054932,141.0000000000,142.5899963379,118.6025543213,4361600
2021-01-14,141.4799957275,142.4400024414,141.0700073242,141.7599945068,117.9121704102,4724700
2021-01-15,141.4499969482,142.6000061035,140.5299987793,141.3899993896,117.6044311523,4309100
2021-01-19,142.3800048828,142.5800018311,141.4400024414,142.0599975586,118.1616821289,5158600
2021-01-20,141.0399932861,141.7799987793,139.9199981689,141.3300018311,117.5545120239,5019300
2021-01-21,140.2899932861,140.7899932861,138.7400054932,139.6100006104,116.1238327026,5684100
2021-01-22,139.5000000000,139.5399932861,138.2299957275,138.5899963379,115.2754592896,4014900
2021-01-25,138.0599975586,140.3300018311,137.5800018311,140.1799926758,116.5979690552,3829000
2021-01-26,141.3099975586,142.0899963379,139.7500000000,141.8000030518,117.9454421997,4242500
2021-01-27,140.5099945068,142.3300018311,137.5500030518,138.0399932861,114.8179702759,6659800
2021-01-28,138.8300018311,140.7899932861,137.7599945068,139.1900024414,115.7744903564,5514000
2021-01-29,138.1100006104,138.4600067139,136.0099945068,136.5700073242,113.5952835083,6778100
2021-02-01,136.9799957275,137.9600067139,135.8999938965,136.9799957275,113.9362792969,4185700
2021-02-02,137.4499969482,139.5299987793,136.6000061035,138.3800048828,115.1007843018,3581600
2021-02-03,137.7500000000,138.9499969482,137.0700073242,138.0200042725,114.8013229370,3609600
2021-02-04,137.7500000000,139.7599945068,137.7500000000,139.6799926758,116.1820755005,3860300
2021-02-05,140.4900054932,142.1199951172,139.7299957275,140.9600067139,117.2467498779,4437900
2021-02-08,141.1900024414,141.8099975586,139.5000000000,140.3999938965,116.7809524536,4112200
2021-02-09,141.1300048828,141.1499938965,139.4900054932,139.6000061035,116.1155166626,3179300
2021-02-10,141.1199951172,141.1199951172,136.7599945068,137.6999969482,114.5351486206,6966600
2021-02-11,137.8500061035,138.2100067139,134.3399963379,134.9700012207,112.2644271851,7528000
2021-02-12,135.2599945068,135.6000061035,133.4499969482,133.8699951172,111.3494644165,5659300
2021-02-16,134.5599975586,134.8099975586,133.3999938965,134.3800048828,111.7737121582,5180100
2021-02-17,134.0599975586,135.0700073242,133.8600006104,134.4600067139,111.8402175903,3353000
2021-02-18,134.0700073242,135.6999969482,133.9100036621,135.3699951172,112.5971374512,3935200
2021-02-19,135.0099945068,135.1199951172,132.2899932861,132.5099945068,110.2182617188,5414900
2021-02-22,132.0399932861,132.6000061035,130.7599945068,131.9900054932,109.7857666016,5792900
2021-02-23,132.6499938965,134.3399963379,131.3000030518,132.7799987793,110.4428558350,6264300
2021-02-24,131.8500061035,132.2899932861,131.1999969482,132.0899963379,109.8689041138,4944000
2021-02-25,131.3500061035,132.0899963379,129.8000030518,130.0000000000,108.1305084229,5702300
2021-02-26,130.5700073242,130.8699951172,128.5700073242,129.1900024414,107.4567642212,8329000
2021-03-01,130.6100006104,131.9700012207,130.3399963379,130.6199951172,108.6462097168,5287300
2021-03-02,130.5000000000,132.0299987793,130.3800048828,131.0700073242,109.0205154419,5614000
2021-03-03,129.8000030518,130.5299987793,128.9799957275,129.1399993896,107.4151687622,7505800
2021-03-04,129.2500000000,131.7500000000,128.3200073242,128.8300018311,108.0129623413,9102800
2021-03-05,129.6399993896,133.4100036621,129.1900024414,133.0299987793,111.5342864990,10186500
2021-03-08,133.2299957275,134.1799926758,131.9900054932,132.1300048828,110.7797470093,8634900
2021-03-09,132.9400024414,133.9100036621,132.0000000000,132.2500000000,110.8803405762,8930200
2021-03-10,132.5200042725,134.4700012207,130.5399932861,133.5800018311,111.9954528809,7791700
2021-03-11,133.3500061035,134.5800018311,133.1000061035,133.2200012207,111.6936187744,4458900
2021-03-12,133.1199951172,133.7899932861,132.6399993896,133.0399932861,111.5426864624,5275100
2021-03-15,133.5599975586,133.6300048828,131.9700012207,133.0299987793,111.5342864990,5389200
2021-03-16,133.0800018311,134.5800018311,132.7500000000,134.0099945068,112.3559570312,5544700
2021-03-17,134.3600006104,134.5599975586,133.3800048828,133.6199951172,112.0289916992,6199500
2021-03-18,132.3600006104,133.0800018311,131.4100036621,132.5299987793,111.1151199341,6476700
2021-03-19,132.3099975586,135.0099945068,132.1799926758,134.5000000000,112.7667999268,16114400
2021-03-22,135.6300048828,138.1999969482,135.0899963379,137.8000030518,115.5335617065,7813400
2021-03-23,138.4499969482,140.1699981689,138.1799926758,139.4600067139,116.9253387451,6978400
2021-03-24,139.0099945068,140.1100006104,138.7799987793,138.8099975586,116.3803482056,5082300
2021-03-25,139.1799926758,140.2500000000,138.3399963379,139.6300048828,117.0678482056,5827600
2021-03-26,139.6199951172,143.0000000000,139.1300048828,142.6999969482,119.6417846680,6785600
2021-03-29,142.8699951172,144.9600067139,142.4199981689,144.8099975586,121.4108505249,6105800
2021-03-30,143.6799926758,144.7500000000,142.1199951172,142.5399932861,119.5076217651,4372700
2021-03-31,143.3200073242,143.3300018311,141.1699981689,141.4499969482,118.5937728882,6257900
2021-04-01,141.1900024414,142.3000030518,140.1100006104,141.2799987793,118.4512557983,4823400
2021-04-05,141.8500061035,144.3399963379,141.3200073242,143.1600036621,120.0274429321,5980700
2021-04-06,143.0399932861,144.1999969482,142.5599975586,143.6699981689,120.4550552368,4751900
2021-04-07,144.0000000000,144.1000061035,143.0200042725,143.4100036621,120.2370986938,4849200
2021-04-08,143.6799926758,144.1600036621,142.0500030518,142.5399932861,119.5076217651,6725100
2021-04-09,142.2400054932,143.1399993896,141.6100006104,142.5700073242,119.5327911377,4950800
2021-04-12,142.1999969482,143.4700012207,142.0500030518,143.0200042725,119.9100952148,4386700
2021-04-13,142.0700073242,143.9700012207,141.8699951172,143.0500030518,119.9352264404,5283300
2021-04-14,142.5700073242,142.7200012207,141.2400054932,142.1100006104,119.1471481323,4685300
2021-04-15,141.6699981689,143.1000061035,141.4199981689,142.3099975586,119.3148193359,4777100
2021-04-16,143.4600067139,144.3200073242,142.4600067139,144.1600036621,120.8658752441,6481400
2021-04-19,144.4900054932,145.6000061035,143.2599945068,144.7500000000,121.3605575562,6621200
2021-04-20,144.1300048828,146.6499938965,143.9299926758,145.7100067139,122.1654281616,4999700
2021-04-21,147.3500061035,147.8000030518,146.2100067139,146.9799957275,123.2302398682,6316000
2021-04-22,146.2400054932,146.6499938965,145.3800048828,146.0700073242,122.4672393799,4904400
2021-04-23,145.5099945068,146.3399963379,145.0599975586,145.8300018311,122.2660522461,4354700
2021-04-26,145.5500030518,145.7700042725,142.9799957275,143.3600006104,120.1951675415,5817700
2021-04-27,142.6199951172,143.1799926758,142.1300048828,142.8899993896,119.8011169434,4693700
2021-04-28,143.4900054932,143.6900024414,141.7299957275,141.8300018311,118.9123840332,4962700
2021-04-29,142.1000061035,144.4299926758,141.9700012207,143.9400024414,120.6814117432,4699900
2021-04-30,143.3200073242,144.2400054932,142.5000000000,144.1600036621,120.8658752441,5051100
2021-05-03,145.0299987793,146.7799987793,144.1000061035,145.7899932861,122.2324676514,6109800
2021-05-04,145.9799957275,146.7700042725,143.4900054932,143.9600067139,120.6981887817,6603800
2021-05-05,143.7200012207,144.5700073242,143.5000000000,143.8899993896,120.6394958496,5305200
2021-05-06,144.4700012207,145.9600067139,144.0099945068,145.5599975586,122.0396423340,4472200
2021-05-07,145.2299957275,146.0000000000,144.5700073242,145.5599975586,122.0396423340,4181000
2021-05-10,146.4900054932,147.9900054932,146.1100006104,146.7200012207,123.0122375488,5270600
2021-05-11,147.1699981689,147.6399993896,145.0200042725,145.6499938965,122.1150970459,5266100
2021-05-12,144.8800048828,145.7400054932,143.8500061035,144.2299957275,120.9245529175,5651700
2021-05-13,144.2400054932,147.1199951172,143.5800018311,146.3699951172,122.7187881470,4849400
2021-05-14,147.1999969482,147.8999938965,146.4199981689,146.5899963379,122.9032440186,4224700
2021-05-17,147.0000000000,147.3999938965,145.7100067139,146.1699981689,122.5510940552,3747100
2021-05-18,146.6399993896,146.9499969482,145.3200073242,145.5099945068,121.9977416992,4527300
2021-05-19,144.6399993896,145.6300048828,144.0800018311,145.4299926758,121.9306564331,4432700
2021-05-20,145.2500000000,147.7299957275,145.1100006104,147.2299957275,123.4397888184,3964600
2021-05-21,147.8699951172,148.3099975586,146.5200042725,147.1000061035,123.3308258057,5194200
2021-05-24,147.6399993896,148.3500061035,147.0099945068,147.8500061035,123.9596176147,3627800
2021-05-25,147.8500061035,148.3699951172,147.0099945068,148.3000030518,124.3369140625,4649300
2021-05-26,147.9100036621,148.6699981689,147.6799926758,148.3000030518,124.3369140625,4462600
2021-05-27,148.5599975586,148.7700042725,146.4400024414,146.5099945068,122.8361434937,9203600
2021-05-28,147.4100036621,148.5000000000,147.2400054932,147.9400024414,124.0350723267,4913700
2021-06-01,148.7799987793,148.8500061035,147.0899963379,147.6300048828,123.7751770020,5530300
2021-06-02,148.1999969482,148.5299987793,147.2299957275,148.2200012207,124.2698364258,4546900
2021-06-03,146.7100067139,147.7599945068,146.1600036621,147.6699981689,124.7132186890,4651600
2021-06-04,148.0000000000,148.5899963379,147.4700012207,147.8399963379,124.8568115234,4427400
2021-06-07,147.7599945068,148.2500000000,146.7100067139,147.7500000000,124.7807922363,4724100
2021-06-08,147.6999969482,147.8699951172,145.9199981689,146.3699951172,123.6153182983,5997200
2021-06-09,147.2500000000,147.5899963379,146.0200042725,146.1000061035,123.3872909546,4008000
2021-06-10,146.3099975586,148.0099945068,146.1300048828,147.6000061035,124.6541213989,4698200
2021-06-11,148.0500030518,148.1199951172,146.7899932861,147.6900024414,124.7301254272,4364600
2021-06-14,147.4700012207,148.6300048828,146.7899932861,148.5700073242,125.4733047485,3831900
2021-06-15,148.8999938965,149.1699981689,148.0700073242,148.5800018311,125.4817504883,4256500
2021-06-16,148.8600006104,149.2700042725,146.7500000000,147.1000061035,124.2318725586,5492100
2021-06-17,147.2500000000,149.0000000000,146.9100036621,148.5200042725,125.4310684204,5316400
2021-06-18,147.9799957275,147.9799957275,145.2299957275,145.4199981689,122.8129882812,10661700
2021-06-21,145.7500000000,146.7400054932,145.4499969482,146.5599975586,123.7757720947,4904300
2021-06-22,146.7299957275,147.5000000000,146.2899932861,146.7799987793,123.9615936279,3518000
2021-06-23,146.0599975586,146.1300048828,144.8300018311,144.8500061035,122.3316345215,3901700
2021-06-24,144.8600006104,145.9400024414,144.6100006104,145.6699981689,123.0241622925,3818900
2021-06-25,145.7599945068,146.7899932861,145.2400054932,146.4100036621,123.6490936279,6387600
2021-06-28,146.7599945068,147.5899963379,146.6199951172,147.0399932861,124.1811523438,4282800
2021-06-29,147.4499969482,147.6999969482,146.3999938965,146.9400024414,124.0966873169,3197700
2021-06-30,147.4299926758,148.3099975586,147.1999969482,148.1699981689,125.1354827881,4943700
2021-07-01,148.0800018311,149.0800018311,147.9400024414,148.1999969482,125.1608352661,3997600
2021-07-02,148.8999938965,149.7799987793,148.5599975586,148.9100036621,125.7604598999,3835500
2021-07-06,149.0700073242,149.4199981689,147.7700042725,149.1300048828,125.9462661743,4313800
2021-07-07,149.2899932861,150.6999969482,149.0000000000,149.7899932861,126.5036544800,4225000
2021-07-08,149.4199981689,150.6699981689,149.1900024414,149.8600006104,126.5628051758,4216000
2021-07-09,149.4100036621,150.3099975586,149.1699981689,149.4799957275,126.2418441772,4088600
2021-07-12,149.4900054932,149.7899932861,148.7799987793,149.5099945068,126.2671508789,4873700
2021-07-13,151.1499938965,153.9100036621,150.7500000000,152.9600067139,129.1808319092,8750800
2021-07-14,152.8899993896,155.1399993896,152.8000030518,154.5399932861,130.5151977539,6390300
2021-07-15,154.0700073242,155.3600006104,153.2599945068,155.2500000000,131.1148529053,4920600
2021-07-16,155.6799926758,156.8399963379,155.1100006104,155.8200073242,131.5962524414,5852500
2021-07-19,155.9900054932,157.5399932861,154.7599945068,155.8000030518,131.5793304443,5750200
2021-07-20,156.1999969482,157.3300018311,155.5599975586,155.8200073242,131.5962524414,5213500
2021-07-21,155.3000030518,156.1199951172,154.5700073242,155.2400054932,131.1063842773,4905900
2021-07-22,155.1900024414,155.7599945068,153.9700012207,155.1900024414,131.0641632080,3333500
2021-07-23,155.5599975586,157.7899932861,155.2400054932,157.1799926758,132.7447814941,3588400
2021-07-26,156.7899932861,157.4700012207,156.0299987793,157.0700073242,132.6518859863,2999800
2021-07-27,157.3099975586,158.6600036621,157.0299987793,157.9400024414,133.3866577148,4043900
2021-07-28,157.6000061035,157.9600067139,155.9100036621,156.4900054932,132.1620941162,3556800
2021-07-29,157.2299957275,157.4299926758,156.1999969482,156.8099975586,132.4323425293,3055600
2021-07-30,157.3699951172,157.6000061035,156.6199951172,156.9499969482,132.5505371094,3757300
2021-08-02,157.0000000000,157.1100006104,155.5099945068,156.3200073242,132.0185394287,3425900
2021-08-03,157.0000000000,157.1499938965,156.3099975586,156.6699981689,132.3140563965,3359900
2021-08-04,156.1900024414,156.6600036621,153.8699951172,154.0500030518,130.1014251709,4846300
2021-08-05,154.9799957275,155.1900024414,153.8699951172,154.3099975586,130.3209686279,3733500
2021-08-06,153.7700042725,154.7599945068,153.6399993896,154.3300018311,130.3378448486,3430900
2021-08-09,154.6399993896,154.7899932861,153.7100067139,154.3500061035,130.3547821045,2636600
2021-08-10,154.3099975586,155.3099975586,153.8099975586,154.4299926758,130.4223022461,2670200
2021-08-11,154.7100067139,156.0200042725,154.4700012207,155.0399932861,130.9374542236,3058000
2021-08-12,155.2299957275,155.3000030518,154.6000061035,155.0700073242,130.9627838135,1958700
2021-08-13,155.1000061035,156.6699981689,154.8999938965,156.5200042725,132.1873931885,2113800
2021-08-16,156.9299926758,158.1199951172,156.7299957275,158.0500030518,133.4795379639,3224000
2021-08-17,157.9100036621,158.4499969482,157.2400054932,157.8999938965,133.3528594971,3736300
2021-08-18,157.6799926758,158.1999969482,156.1999969482,156.2799987793,131.9846954346,3419200
2021-08-19,155.8200073242,159.4199981689,155.7799987793,158.9100036621,134.2058410645,4745600
2021-08-20,158.9299926758,159.6300048828,158.2500000000,158.3500061035,133.7329101562,3484100
2021-08-23,157.8300018311,158.5200042725,157.3200073242,157.8500061035,133.3106231689,3102100
2021-08-24,157.7500000000,157.7500000000,155.6799926758,155.8899993896,131.6553344727,3760800
2021-08-25,155.3600006104,155.6699981689,154.1600036621,155.1999969482,131.0726165771,3346700
2021-08-26,155.5099945068,155.6699981689,154.0899963379,154.6300048828,130.5912475586,3220700
2021-08-27,154.8399963379,155.4100036621,154.2100067139,154.9400024414,130.8530426025,4166500
2021-08-30,155.1799926758,156.1699981689,155.0099945068,156.0000000000,131.7482757568,2540300
2021-08-31,156.0899963379,156.4700012207,155.3399963379,156.3899993896,132.0776214600,5291200
2021-09-01,156.8399963379,158.1900024414,156.5099945068,157.9100036621,133.3613128662,4231400
2021-09-02,156.7899932861,157.2899932861,155.8699951172,156.9499969482,133.4590911865,2862500
2021-09-03,156.1999969482,157.4199981689,155.8999938965,157.0899963379,133.5781250000,2035100
2021-09-07,156.4799957275,156.7599945068,153.6799926758,154.5299987793,131.4013061523,4609900
2021-09-08,154.6600036621,156.7500000000,154.3000030518,156.7200012207,133.2635345459,3199100
2021-09-09,156.8800048828,156.9700012207,155.3999938965,155.7299957275,132.4216918945,3560400
2021-09-10,155.9799957275,156.2500000000,155.0099945068,155.4600067139,132.1921081543,3851500
2021-09-13,155.9400024414,157.3999938965,155.3899993896,155.7599945068,132.4472045898,3367200
2021-09-14,156.3800048828,156.6699981689,154.8200073242,155.1499938965,131.9284973145,2808600
2021-09-15,155.2200012207,156.3800048828,154.7799987793,156.0200042725,132.6682891846,3702400
2021-09-16,155.3899993896,156.1199951172,153.8099975586,155.5599975586,132.2771301270,4589900
2021-09-17,155.2299957275,155.5000000000,153.8300018311,154.1300048828,131.0611877441,8127400
2021-09-20,153.8999938965,154.9499969482,152.4199981689,153.6100006104,130.6190032959,5484600
2021-09-21,154.6100006104,156.1199951172,152.9700012207,153.5399932861,130.5594787598,4479800
2021-09-22,154.6199951172,155.0899963379,153.4499969482,154.0099945068,130.9591064453,3001000
2021-09-23,153.6900024414,154.9299926758,153.5399932861,154.1300048828,131.0611877441,2712500
2021-09-24,153.7500000000,154.6199951172,153.5500030518,154.1999969482,131.1206817627,2366100
2021-09-27,153.8000030518,154.1499938965,152.3899993896,152.7200012207,129.8622436523,4482000
2021-09-28,152.3699951172,152.5000000000,150.1000061035,151.0500030518,128.4421997070,5910900
2021-09-29,151.3399963379,153.1699981689,150.6900024414,152.3000030518,129.5050659180,3326500
2021-09-30,153.2200012207,153.4299926758,150.3699951172,150.4100036621,127.8979415894,4949200
2021-10-01,151.3500061035,151.6100006104,149.5200042725,150.9499969482,128.3571624756,4274300
2021-10-04,150.8800048828,153.0000000000,149.4799957275,150.1999969482,127.7193679810,5404900
2021-10-05,151.3600006104,152.3899993896,150.0700073242,151.0899963379,128.4761810303,6103100
2021-10-06,150.8399963379,155.1600036621,149.9600067139,154.9600067139,131.7669830322,5499200
2021-10-07,155.5200042725,157.7500000000,155.5200042725,156.3899993896,132.9829254150,4605100
2021-10-08,156.5700073242,156.7100067139,155.4900054932,156.0299987793,132.6768188477,4186000
2021-10-11,156.3899993896,157.2299957275,155.6600036621,156.2400054932,132.8553771973,2738100
2021-10-12,156.2200012207,157.8500061035,156.2100067139,156.9299926758,133.4420776367,3195400
2021-10-13,157.4600067139,158.0500030518,156.0200042725,157.9900054932,134.3434600830,3599900
2021-10-14,158.6199951172,159.4900054932,158.6100006104,159.2599945068,135.4233551025,3677100
2021-10-15,159.6600036621,159.6600036621,157.5099945068,158.8099975586,135.0407104492,4313000
2021-10-18,158.1999969482,158.6999969482,156.8000030518,158.0899963379,134.4284667969,3274200
2021-10-19,158.6399993896,160.1600036621,157.5399932861,160.1000061035,136.1376342773,3125800
2021-10-20,160.5800018311,161.8800048828,159.6799926758,161.3099975586,137.1665344238,3716500
2021-10-21,161.3899993896,161.4299926758,158.9799957275,159.1799926758,135.3553161621,4164700
2021-10-22,159.5800018311,160.4700012207,159.4700012207,159.9700012207,136.0271148682,3240300
2021-10-25,159.9499969482,159.9499969482,158.7899932861,159.2200012207,135.3893280029,3281200
2021-10-26,159.1699981689,161.3999938965,159.1000061035,161.1699981689,137.0474700928,3684700
2021-10-27,161.7500000000,161.8399963379,159.5599975586,160.6100006104,136.5713195801,3751800
2021-10-28,160.8500061035,161.7299957275,160.4700012207,161.6199951172,137.4301757812,3589600
2021-10-29,161.0299987793,162.2599945068,160.9100036621,161.6000061035,137.4130859375,4558200
2021-11-01,161.1999969482,161.5000000000,160.1799926758,161.2599945068,137.1240234375,3017100
2021-11-02,161.5500030518,162.8099975586,160.9400024414,162.7400054932,138.3825225830,3464500
2021-11-03,162.1499938965,164.3899993896,162.1499938965,164.3000030518,139.7089996338,3595000
2021-11-04,164.2200012207,164.5599975586,163.3500061035,164.3099975586,139.7174835205,3310100
2021-11-05,165.5500030518,166.4299926758,164.5200042725,166.0000000000,141.1545867920,3754300
2021-11-08,165.8099975586,166.1000061035,161.1499938965,162.4299926758,138.1188812256,5766400
2021-11-09,162.3099975586,163.8600006104,162.0000000000,163.5099945068,139.0372924805,3778600
2021-11-10,164.7400054932,165.0000000000,163.0299987793,164.0399932861,139.4879455566,2683500
2021-11-11,163.9700012207,163.9799957275,162.5500030518,162.6900024414,138.3400115967,2453000
2021-11-12,163.0099945068,163.9299926758,162.0800018311,162.6499938965,138.3059844971,3540900
2021-11-15,162.5099945068,163.8800048828,162.4900054932,163.8000030518,139.2838745117,3357100
2021-11-16,164.2700042725,164.9900054932,163.2299957275,163.3099975586,138.8671722412,2899400
2021-11-17,162.6199951172,163.6699981689,162.0800018311,163.3699951172,138.9181976318,3332200
2021-11-18,162.8099975586,163.5200042725,161.7500000000,163.4199981689,138.9607238770,3498900
2021-11-19,164.5000000000,165.0299987793,163.4400024414,163.8099975586,139.2923431396,5242200
2021-11-22,163.1999969482,166.8000030518,163.1799926758,164.1499938965,139.5814514160,4157200
2021-11-23,163.5599975586,165.7200012207,163.3099975586,165.2500000000,140.5168457031,3878000
2021-11-24,165.0899963379,165.5000000000,162.5800018311,163.7400054932,139.2328338623,3309500
2021-11-26,162.7100067139,163.6600036621,160.8899993896,161.1399993896,137.0219879150,3402900
2021-11-29,162.6699981689,164.5800018311,161.1399993896,164.1399993896,139.5729675293,5305800
2021-11-30,163.8300018311,164.0000000000,158.3899993896,159.7799987793,135.8655395508,7610000
2021-12-01,162.4700012207,163.2500000000,160.0500030518,160.1600036621,136.1886901855,5385600
2021-12-02,160.1300048828,161.6900024414,159.8300018311,160.6199951172,137.5027313232,4619800
2021-12-03,161.4700012207,164.8800048828,161.3399963379,164.7100067139,141.0040588379,6465900
2021-12-06,166.0500030518,167.2899932861,165.7899932861,166.4199981689,142.4679565430,5403100
2021-12-07,166.4199981689,166.9600067139,165.6600036621,166.2299957275,142.3052978516,5460100
2021-12-08,166.1399993896,166.6900024414,164.0299987793,166.5200042725,142.5535736084,3891900
2021-12-09,165.9199981689,166.8800048828,164.8500061035,166.3099975586,142.3738098145,3644500
2021-12-10,167.5399932861,169.1199951172,166.8999938965,168.9700012207,144.6509552002,5025700
2021-12-13,168.9299926758,171.2599945068,168.0500030518,169.8099975586,145.3700561523,5411800
2021-12-14,169.3500061035,170.3899993896,168.3000030518,169.3899993896,145.0104980469,4985000
2021-12-15,169.7700042725,171.7799987793,169.4600067139,171.5700073242,146.8767395020,5507800
2021-12-16,171.5700073242,173.5599975586,171.0200042725,171.8200073242,147.0907897949,6909900
2021-12-17,171.1100006104,172.3800048828,168.0500030518,168.3000030518,144.0773620605,10159600
2021-12-20,167.1600036621,169.5000000000,166.7500000000,169.4199981689,145.0361633301,5263600
2021-12-21,169.2299957275,169.6000061035,167.7799987793,168.9199981689,144.6081390381,3401400
2021-12-22,168.9600067139,169.9900054932,168.2700042725,169.9700012207,145.5070648193,4362900
2021-12-23,169.9799957275,170.6300048828,169.2500000000,169.7799987793,145.3443756104,3241700
2021-12-27,169.9900054932,171.5599975586,169.7700042725,171.4700012207,146.7911376953,2868800
2021-12-28,171.4600067139,172.7899932861,171.1999969482,172.3600006104,147.5530395508,2332100
2021-12-29,172.7899932861,173.4600067139,171.9299926758,172.9700012207,148.0752563477,2299500
2021-12-30,173.5399932861,173.6199951172,172.2299957275,172.6699981689,147.8184356689,1988900
2021-12-31,172.4600067139,174.0200042725,172.1100006104,173.7100067139,148.7087707520,2914900
2022-01-03,172.1999969482,173.1900024414,170.5700073242,172.9799957275,148.0838012695,5488900
2022-01-04,172.6600036621,174.4499969482,172.1999969482,173.2299957275,148.2978515625,4717600
2022-01-05,173.3600006104,175.3600006104,173.2299957275,173.8200073242,148.8029174805,6564600
2022-01-06,173.9100036621,175.6000061035,173.2299957275,173.8600006104,148.8371887207,4288700
2022-01-07,174.0899963379,174.6900024414,172.6100006104,174.0800018311,149.0254974365,4916000
2022-01-10,174.4400024414,175.8399963379,173.6199951172,174.1699981689,149.1025848389,5055900
2022-01-11,173.6799926758,174.2299957275,171.6199951172,174.0899963379,149.0340576172,6452300
2022-01-12,173.8999938965,174.3300018311,172.9499969482,173.8999938965,148.8714294434,5268000
2022-01-13,173.7100067139,174.6900024414,173.2400054932,174.1799926758,149.1111145020,4310300
2022-01-14,174.5700073242,175.9400024414,173.3999938965,175.6399993896,150.3609924316,4474500
2022-01-18,173.6199951172,174.7599945068,173.1499938965,173.9600067139,148.9227752686,5789500
2022-01-19,173.9600067139,175.9600067139,173.5700073242,175.2100067139,149.9928588867,6424500
2022-01-20,175.4100036621,176.8800048828,173.8399963379,173.9400024414,148.9056396484,6284200
2022-01-21,175.3300018311,177.2400054932,174.1100006104,174.2200012207,149.1453247070,6753200
2022-01-24,175.4900054932,176.5000000000,168.9600067139,173.3300018311,148.3834381104,9263900
2022-01-25,172.0800018311,172.4799957275,169.7400054932,171.3399963379,146.6798706055,6536900
2022-01-26,169.3600006104,171.8099975586,166.4499969482,169.5299987793,145.1303253174,6841800
2022-01-27,170.7799987793,173.2799987793,168.7799987793,169.3699951172,144.9933776855,6543500
2022-01-28,168.5099945068,172.7299957275,167.2100067139,172.6699981689,147.8184356689,5796000
2022-01-31,170.7700042725,174.1100006104,170.5899963379,173.5200042725,148.5460815430,5908000
2022-02-01,173.1499938965,173.4299926758,169.5599975586,172.3399963379,147.5359344482,5952700
2022-02-02,172.7599945068,175.6399993896,172.5700073242,175.4700012207,150.2154388428,5767000
2022-02-03,175.2700042725,176.6600036621,173.8300018311,175.3699951172,150.1298370361,4632700
2022-02-04,173.1000061035,174.8899993896,171.1900024414,172.4900054932,147.6643524170,4592400
2022-02-07,172.7400054932,172.9900054932,171.2100067139,171.8099975586,147.0821838379,4813300
2022-02-08,172.6300048828,172.6399993896,170.3099975586,172.0200042725,147.2620086670,3957700
2022-02-09,172.5000000000,172.7799987793,171.0099945068,171.9400024414,147.1934967041,6780200
2022-02-10,168.6600036621,171.4499969482,167.3000030518,168.3699951172,144.1372833252,7899800
2022-02-11,168.0599975586,170.3099975586,167.6900024414,168.5800018311,144.3170776367,7299600
2022-02-14,169.4199981689,169.6799926758,165.1000061035,166.6999969482,142.7076721191,6822500
2022-02-15,167.2200012207,168.2500000000,165.2599945068,165.9600067139,142.0741729736,4943800
2022-02-16,165.6300048828,167.1999969482,164.5399932861,166.3000030518,142.3652496338,4161700
2022-02-17,166.0099945068,167.9499969482,165.0000000000,166.7500000000,142.7505035400,5156800
2022-02-18,167.1100006104,168.2400054932,166.2200012207,167.7100067139,143.5723266602,5181600
2022-02-22,168.5700073242,168.9400024414,166.2299957275,168.3500061035,144.1202239990,7733900
2022-02-23,169.1199951172,169.1199951172,166.5200042725,166.6900024414,142.6990814209,5812800
2022-02-24,165.7100067139,166.3399963379,160.2899932861,163.7899932861,140.2164916992,8888800
2022-02-25,164.4199981689,168.4600067139,164.2599945068,168.3800048828,144.1458740234,6535600
2022-02-28,164.0399932861,165.2100067139,161.4100036621,163.7400054932,140.1736602783,7677000
2022-03-01,163.0700073242,164.3999938965,161.3000030518,162.2700042725,138.9152679443,5107900
2022-03-02,162.9799957275,165.8200073242,162.4900054932,164.5200042725,140.8414459229,5452100
2022-03-03,163.9700012207,165.1900024414,162.8000030518,163.2700042725,140.6906433105,5352200
2022-03-04,162.0000000000,166.5000000000,160.9199981689,165.7500000000,142.8276519775,6340300
2022-03-07,164.0700073242,165.1499938965,162.1300048828,162.4499969482,139.9840087891,6319500
2022-03-08,162.3800048828,163.9700012207,157.6900024414,157.8699951172,136.0374145508,6163700
2022-03-09,159.8099975586,160.0599975586,156.3999938965,157.3999938965,135.6324005127,5764900
2022-03-10,155.7899932861,156.2500000000,153.3699951172,154.5099945068,133.1421051025,6103700
2022-03-11,155.4499969482,156.8899993896,153.4799957275,153.7299957275,132.4699401855,4762600
2022-03-14,155.1499938965,157.8000030518,154.5000000000,155.8899993896,134.3312530518,6075600
2022-03-15,157.3200073242,159.5000000000,156.8300018311,159.0000000000,137.0111389160,6203400
2022-03-16,158.4100036621,159.9900054932,157.0399932861,159.6999969482,137.6143188477,6299000
2022-03-17,159.8300018311,161.6300048828,159.3000030518,160.9400024414,138.6828765869,3587600
2022-03-18,161.3800048828,162.9299926758,160.0599975586,162.7899932861,140.2770233154,12123000
2022-03-21,162.2700042725,163.8099975586,161.0700073242,162.5599975586,140.0788116455,5122600
2022-03-22,162.8399963379,164.7700042725,162.2299957275,164.3399963379,141.6126403809,5779200
2022-03-23,164.2500000000,165.2799987793,162.6300048828,163.4799957275,140.8715972900,4533700
2022-03-24,164.0599975586,164.7299957275,163.2700042725,164.4700012207,141.7246704102,3160300
2022-03-25,164.4299926758,165.8999938965,164.4299926758,165.2400054932,142.3881835938,4146800
2022-03-28,165.1000061035,165.7700042725,163.7100067139,165.7299957275,142.8104248047,4308000
2022-03-29,167.2899932861,168.5800018311,166.3699951172,168.1900024414,144.9302520752,4440400
2022-03-30,168.1000061035,168.2400054932,166.1199951172,167.9600067139,144.7320251465,3871500
2022-03-31,168.3699951172,169.3000030518,167.2700042725,167.3800048828,144.2322387695,6076200
2022-04-01,167.8899993896,169.9299926758,167.3699951172,169.7599945068,146.2831115723,3239600
2022-04-04,169.1100006104,169.3899993896,167.4499969482,169.3200073242,145.9039611816,3759900
2022-04-05,168.3200073242,171.3800048828,168.3200073242,169.5000000000,146.0590667725,4480700
2022-04-06,169.9199981689,172.6999969482,169.4900054932,172.3899993896,148.5494079590,4294800
2022-04-07,172.0299987793,173.2799987793,170.7799987793,172.5500030518,148.6872558594,5041600
2022-04-08,172.9900054932,173.6900024414,171.5899963379,173.1300048828,149.1870269775,3883100
2022-04-11,173.6100006104,174.9700012207,172.3200073242,172.6000061035,148.7303466797,3825100
2022-04-12,173.7799987793,174.6499938965,172.6300048828,173.3000030518,149.3335266113,3924300
2022-04-13,173.5800018311,173.8200073242,171.7299957275,173.0000000000,149.0750427246,4394000
2022-04-14,173.4799957275,174.2599945068,171.7599945068,171.8999938965,148.1271362305,4834300
2022-04-18,171.2200012207,172.3099975586,169.9600067139,170.4199981689,146.8518371582,3086000
2022-04-19,169.8399963379,173.1699981689,169.8399963379,172.8999938965,148.9888305664,3642000
2022-04-20,173.7200012207,175.9700012207,173.7200012207,175.4700012207,151.2034301758,4197600
2022-04-21,175.7599945068,177.2400054932,174.6499938965,174.8399963379,150.6605834961,3701300
2022-04-22,174.9900054932,175.2700042725,171.9400024414,172.1499938965,148.3425750732,5864000
2022-04-25,173.2100067139,173.9199981689,171.0000000000,173.7400054932,149.7127075195,7369900
2022-04-26,173.9700012207,175.3500061035,172.7299957275,173.3000030518,149.3335266113,7386600
2022-04-27,173.4199981689,176.6900024414,173.1900024414,174.8500061035,150.6691894531,5180300
2022-04-28,174.5299987793,177.6199951172,173.8200073242,177.5000000000,152.9526824951,5235800
2022-04-29,177.4100036621,177.4100036621,171.4100036621,171.7100067139,147.9634246826,6505600
2022-05-02,173.0000000000,173.4600067139,165.2700042725,167.7599945068,144.5596466064,7692100
2022-05-03,169.1399993896,169.3099975586,166.5800018311,167.9900054932,144.7578582764,5564900
2022-05-04,167.6100006104,174.1199951172,167.6100006104,173.8600006104,149.8160858154,6231500
2022-05-05,173.1000061035,173.3200073242,169.0800018311,170.3899993896,146.8259735107,6534300
2022-05-06,169.2400054932,170.8000030518,168.7200012207,170.4100036621,146.8432312012,5824600
2022-05-09,169.6600036621,172.8899993896,168.7599945068,171.6999969482,147.9548034668,7269100
2022-05-10,173.1199951172,174.5399932861,170.7500000000,171.4900054932,147.7738342285,5936700
2022-05-11,170.8200073242,172.4100036621,169.9199981689,170.6600036621,147.0586547852,5376900
2022-05-12,171.2500000000,171.9900054932,168.1600036621,170.3999938965,146.8345642090,6473500
2022-05-13,170.6999969482,174.1600036621,169.4600067139,173.7200012207,149.6954650879,4714600
2022-05-16,173.7100067139,176.3000030518,173.4199981689,175.4700012207,151.2034301758,5317200
2022-05-17,175.3099975586,175.6799926758,172.5800018311,174.4600067139,150.3331146240,5012200
2022-05-18,173.6900024414,173.8699951172,162.9199981689,163.6499938965,141.0180664062,8875400
2022-05-19,162.5000000000,162.7799987793,159.6699981689,161.1999969482,138.9068908691,6423800
2022-05-20,162.2400054932,163.0599975586,159.6199951172,162.2100067139,139.7772064209,5768800
2022-05-23,164.2100067139,166.9499969482,163.5700073242,165.6000061035,142.6984100342,4657800
2022-05-24,166.0200042725,168.2599945068,165.1600036621,167.8200073242,144.6114044189,6327600
2022-05-25,167.8500061035,169.4900054932,166.9600067139,168.9700012207,145.6023559570,5781000
2022-05-26,168.9600067139,171.0899963379,168.9600067139,170.1100006104,146.5846862793,5193800
2022-05-27,171.2599945068,171.8099975586,170.1999969482,171.7700042725,148.0151062012,6713500
2022-05-31,170.9799957275,170.9799957275,165.3699951172,167.7500000000,144.5510253906,13610000
2022-06-01,168.1799926758,168.3800048828,163.8200073242,166.4900054932,143.4653015137,5613900
2022-06-02,165.6199951172,166.7500000000,162.6499938965,166.6799926758,144.6280364990,4677300
2022-06-03,165.8600006104,166.5899963379,164.3600006104,164.8500061035,143.0401306152,4222000
2022-06-06,166.4600067139,167.6199951172,164.7299957275,165.5399932861,143.6388397217,3447800
2022-06-07,165.6799926758,166.8600006104,164.2200012207,166.5599975586,144.5239257812,4168300
2022-06-08,165.7400054932,166.8099975586,165.1100006104,165.7299957275,143.8037261963,2646800
2022-06-09,165.1900024414,166.9299926758,162.6699981689,162.7799987793,141.2440185547,3522900
2022-06-10,160.9700012207,163.9199981689,159.4499969482,162.5200042725,141.0184020996,5203300
2022-06-13,160.5299987793,162.8699951172,159.0599975586,159.7400054932,138.6062164307,6300700
2022-06-14,160.0000000000,160.0500030518,154.8600006104,156.1199951172,135.4651184082,6159200
2022-06-15,157.9199981689,159.8399963379,155.9299926758,157.7899932861,136.9141845703,5940100
2022-06-16,156.6300048828,158.4600067139,155.1100006104,157.0299987793,136.2547302246,7207900
2022-06-17,157.0299987793,158.9900054932,156.1699981689,157.0599975586,136.2807769775,9881800
2022-06-21,158.1699981689,160.9600067139,157.3500061035,160.7100067139,139.4478454590,4449600
2022-06-22,160.3300018311,162.9900054932,159.5599975586,162.0299987793,140.5932617188,4706500
2022-06-23,163.7799987793,165.1399993896,163.1499938965,164.1000061035,142.3893585205,5810700
2022-06-24,165.6399993896,166.1900024414,163.9400024414,166.1300048828,144.1508178711,5951500
2022-06-27,165.8699951172,167.1300048828,165.3399963379,166.3500061035,144.3416748047,4595800
2022-06-28,167.1499938965,168.4499969482,163.8500061035,164.0099945068,142.3112640381,4372900
2022-06-29,166.0599975586,167.5599975586,165.3500061035,166.7299957275,144.6714172363,3653600
2022-06-30,167.1300048828,167.5800018311,165.6300048828,166.6600036621,144.6106567383,6295100
2022-07-01,166.7400054932,169.5200042725,165.7599945068,169.3899993896,146.9795074463,3918700
2022-07-05,168.6300048828,169.3899993896,165.3300018311,169.0099945068,146.6497802734,4971600
2022-07-06,170.0000000000,171.9499969482,169.4799957275,170.6999969482,148.1161804199,4209100
2022-07-07,169.5200042725,171.0399932861,169.3800048828,170.3600006104,147.8211822510,5150200
2022-07-08,170.5700073242,172.6999969482,170.5500030518,171.8800048828,149.1400756836,3482900
2022-07-11,171.4100036621,172.8000030518,170.0200042725,170.4700012207,147.9165954590,4921300
2022-07-12,173.0000000000,173.3200073242,168.8699951172,169.5000000000,147.0749664307,5201600
2022-07-13,168.5399932861,171.4400024414,167.9799957275,170.1000061035,147.5955657959,4533100
2022-07-14,168.2899932861,171.1600036621,167.6999969482,170.9799957275,148.3591613770,4218300
2022-07-15,171.3399963379,172.9199981689,170.0200042725,171.1199951172,148.4806518555,4659100
2022-07-18,171.1499938965,171.2400054932,167.8500061035,168.2599945068,145.9989776611,3479700
2022-07-19,170.2500000000,170.7500000000,168.6300048828,170.0599975586,147.5608520508,4201600
2022-07-20,170.0500030518,170.5700073242,167.4600067139,168.2599945068,145.9989776611,3460700
2022-07-21,167.9900054932,169.4100036621,167.5599975586,168.5099945068,146.2159271240,3088300
2022-07-22,169.1399993896,170.5700073242,168.4900054932,169.6100006104,147.1703948975,3757800
2022-07-25,170.3099975586,170.8600006104,169.0399932861,169.8500061035,147.3786621094,3357200
2022-07-26,170.5700073242,171.9900054932,169.2400054932,171.8300018311,149.0966949463,3732100
2022-07-27,170.4900054932,171.9499969482,169.0599975586,171.5899963379,148.8884582520,4479000
2022-07-28,171.8699951172,175.1199951172,171.1900024414,174.8399963379,151.7084808350,3134200
2022-07-29,173.6600036621,175.4799957275,173.3899993896,174.9600067139,151.8126220703,4215500
2022-08-01,174.5500030518,177.6900024414,174.5500030518,176.9499969482,153.5392761230,4034600
2022-08-02,176.9400024414,177.1499938965,175.2200012207,175.4900054932,152.2724914551,3781100
2022-08-03,175.0800018311,177.0599975586,174.2400054932,176.8300018311,153.4351654053,4401300
2022-08-04,176.4199981689,176.7400054932,174.5800018311,175.8699951172,152.6021881104,3822500
2022-08-05,174.3899993896,174.6999969482,172.3999938965,174.5500030518,151.4568481445,3295600
2022-08-08,175.7899932861,175.9700012207,173.3200073242,173.8500061035,150.8494415283,2846100
2022-08-09,174.7899932861,175.2299957275,173.9600067139,174.5000000000,151.4134368896,3228800
2022-08-10,175.8099975586,176.4299926758,174.7200012207,175.9400024414,152.6629333496,4041100
2022-08-11,176.3600006104,177.1199951172,174.6699981689,175.0399932861,151.8819732666,2743800
2022-08-12,175.9299926758,177.3800048828,175.3800048828,177.3300018311,153.8690185547,3756200
2022-08-15,177.7700042725,179.3600006104,176.8000030518,179.2799987793,155.5610351562,3043100
2022-08-16,179.7799987793,180.6999969482,178.6399993896,180.3200073242,156.4634552002,3395700
2022-08-17,180.1000061035,181.0700073242,179.7200012207,180.2200012207,156.3766937256,2666200
2022-08-18,180.8200073242,180.9299926758,179.9400024414,180.3999938965,156.5328369141,3010600
2022-08-19,179.7599945068,181.0099945068,179.3200073242,180.1699981689,156.3332977295,3704000
2022-08-22,180.1399993896,180.4700012207,178.0200042725,178.4499969482,154.8408355713,3385000
2022-08-23,177.8200073242,178.8600006104,177.2899932861,178.3699951172,154.7714233398,2575000
2022-08-24,178.3699951172,179.5000000000,178.1100006104,179.2599945068,155.5436859131,3340600
2022-08-25,179.0299987793,179.3500061035,177.3899993896,179.2700042725,155.5523529053,3401800
2022-08-26,179.9600067139,179.9799957275,174.6699981689,175.0399932861,151.8819732666,5246600
2022-08-29,174.5500030518,175.2899932861,173.2100067139,174.4900054932,151.4047546387,4184500
2022-08-30,174.3399963379,174.6900024414,172.3300018311,172.9900054932,150.1032257080,4026300
2022-08-31,173.8099975586,174.4100036621,172.1999969482,172.2700042725,149.4784545898,5597900
2022-09-01,170.9199981689,172.9799957275,170.2400054932,172.8500061035,150.9896850586,4846100
2022-09-02,173.7200012207,174.9700012207,169.8899993896,170.6600036621,149.0766601562,5801500
2022-09-06,170.9799957275,172.5899963379,169.1300048828,169.5099945068,148.0720672607,4900100
2022-09-07,170.6199951172,173.7799987793,169.9299926758,173.2500000000,151.3390960693,6074600
2022-09-08,172.7799987793,173.4299926758,170.5599975586,172.6699981689,150.8324279785,3888100
2022-09-09,172.6499938965,174.5500030518,171.6699981689,173.2200012207,151.3128814697,3662000
2022-09-12,173.2200012207,174.4400024414,172.7500000000,173.8999938965,151.9068908691,5953300
2022-09-13,172.5000000000,172.8300018311,166.9499969482,167.4100036621,146.2376708984,6926200
2022-09-14,168.1199951172,169.1900024414,167.5700073242,168.6799926758,147.3470306396,5156900
2022-09-15,168.5299987793,168.5599975586,165.3399963379,165.8800048828,144.9011535645,5461000
2022-09-16,166.3600006104,167.1699981689,165.2500000000,166.9700012207,145.8532867432,12012600
2022-09-19,167.0599975586,168.8099975586,166.5000000000,168.7299957275,147.3907318115,3720900
2022-09-20,167.5800018311,169.1499938965,166.8600006104,168.9199981689,147.5567016602,3872000
2022-09-21,169.8800048828,172.0299987793,168.3399963379,168.4400024414,147.1374206543,5134500
2022-09-22,168.3999938965,169.8899993896,168.0500030518,168.6000061035,147.2772064209,4290600
2022-09-23,168.3899993896,168.7500000000,166.5299987793,168.5200042725,147.2072753906,4565100
2022-09-26,168.3300018311,170.0099945068,167.5299987793,168.4499969482,147.1461639404,5326400
2022-09-27,168.2400054932,170.0000000000,165.2400054932,166.0099945068,145.0146942139,5400700
2022-09-28,166.9100036621,169.6199951172,165.2400054932,168.6699981689,147.3383178711,5480900
2022-09-29,168.8000030518,169.1399993896,165.0000000000,166.6100006104,145.5388336182,5167700
2022-09-30,167.6900024414,168.2400054932,163.0099945068,163.2599945068,142.6125335693,5971900
2022-10-03,163.5200042725,165.6900024414,163.0200042725,165.2500000000,144.3508300781,5093400
2022-10-04,167.3899993896,168.7299957275,165.5500030518,167.1100006104,145.9756011963,4596800
2022-10-05,166.9700012207,167.0899963379,163.7299957275,166.0000000000,145.0060272217,3538600
2022-10-06,165.7899932861,166.0200042725,162.5000000000,162.8000030518,142.2106933594,4623400
2022-10-07,162.3000030518,163.0099945068,160.9799957275,161.6100006104,141.1712036133,4779200
2022-10-10,161.9900054932,163.0399932861,161.1900024414,161.8200073242,141.3546447754,4839200
2022-10-11,162.2400054932,164.2700042725,161.5599975586,162.5899963379,142.0272674561,5222600
2022-10-12,168.7299957275,170.6999969482,166.6000061035,169.3899993896,147.9672546387,9795300
2022-10-13,167.1000061035,175.0399932861,166.8200073242,174.6100006104,152.5270996094,8412700
2022-10-14,175.9799957275,176.2599945068,169.9900054932,170.1900024414,148.6660919189,5937900
2022-10-17,172.2700042725,173.5899963379,171.0700073242,172.7299957275,150.8848419189,6401800
2022-10-18,174.8200073242,176.9100036621,173.4100036621,175.0599975586,152.9201507568,4547400
2022-10-19,174.8200073242,175.8399963379,172.3300018311,173.3600006104,151.4351654053,5200200
2022-10-20,174.1999969482,174.3600006104,171.1100006104,171.4600067139,149.7754821777,4314000
2022-10-21,171.1999969482,173.6900024414,170.5800018311,173.0599975586,151.1731262207,5071500
2022-10-24,174.8099975586,177.9799957275,174.6699981689,177.6799926758,155.2088470459,5316500
2022-10-25,178.1199951172,178.8699951172,176.6100006104,178.2700042725,155.7241973877,5220000
2022-10-26,179.2599945068,180.8999938965,178.3200073242,179.0700073242,156.4230346680,5136000
2022-10-27,180.3699951172,180.9299926758,178.5700073242,178.8800048828,156.2570343018,5424100
2022-10-28,179.6999969482,182.9299926758,179.4799957275,182.2299957275,159.1833648682,6715300
2022-10-31,181.1799926758,182.9799957275,180.5399932861,181.5800018311,158.6155853271,4877200
2022-11-01,180.9400024414,182.8099975586,179.8899993896,180.7599945068,157.8992767334,4084500
2022-11-02,180.7799987793,183.5800018311,178.1699981689,178.2400054932,155.6980133057,4970600
2022-11-03,176.7799987793,178.8999938965,176.5299987793,177.7799987793,155.2961578369,3753800
2022-11-04,177.9199981689,179.7899932861,176.5299987793,178.7799987793,156.1696929932,3922400
2022-11-07,179.5200042725,180.6199951172,178.8300018311,180.2100067139,157.4188690186,3246100
2022-11-08,180.4400024414,182.1100006104,178.8000030518,180.7100067139,157.8556365967,3724700
2022-11-09,179.9499969482,181.0700073242,178.3999938965,178.5500030518,155.9688110352,4723600
2022-11-10,182.6499938965,182.9199981689,178.5599975586,181.6999969482,158.7204284668,6704100
2022-11-11,181.1300048828,181.6900024414,175.4400024414,178.0500030518,155.5320587158,7390500
2022-11-14,178.6699981689,179.1799926758,176.5000000000,176.7299957275,154.3789520264,5633000
2022-11-15,178.0399932861,178.6999969482,175.4199981689,177.1900024414,154.7808074951,5153600
2022-11-16,178.3000030518,179.6300048828,177.7200012207,178.3300018311,155.7766113281,4701100
2022-11-17,177.4900054932,180.1600036621,177.4299926758,180.0299987793,157.2616271973,3920300
2022-11-18,180.2100067139,181.8399963379,180.0200042725,181.3300018311,158.3972167969,4498100
2022-11-21,182.2700042725,185.1300048828,182.0899963379,184.8200073242,161.4458160400,4397600
2022-11-22,185.8099975586,186.6199951172,184.3699951172,184.8399963379,161.4633026123,4109600
2022-11-23,185.0000000000,186.0800018311,184.5000000000,185.0800018311,161.6729431152,2511000
2022-11-25,184.5800018311,185.0000000000,183.9400024414,184.1100006104,160.8256378174,1837000
2022-11-28,184.3999938965,185.4900054932,183.5099945068,183.8899993896,160.6334533691,6411400
2022-11-29,183.3000030518,183.4199981689,181.0200042725,182.5899963379,159.4978485107,4375400
2022-11-30,181.8999938965,185.6999969482,180.2400054932,185.5099945068,162.0485687256,7915600
2022-12-01,185.4799957275,186.3300018311,184.1600036621,185.8999938965,163.4021606445,4683300
2022-12-02,184.0000000000,186.3099975586,183.8399963379,185.6900024414,163.2175903320,3547700
2022-12-05,183.4299926758,183.9400024414,182.3200073242,183.1199951172,160.9586486816,4083200
2022-12-06,183.7500000000,184.2899932861,180.6999969482,181.6300048828,159.6489410400,5835100
2022-12-07,181.8099975586,182.4499969482,180.6900024414,182.1799926758,160.1323852539,4241700
2022-12-08,181.8099975586,183.9799957275,181.2599945068,183.7799987793,161.5387573242,3800800
2022-12-09,184.2100067139,184.2100067139,183.0500030518,183.1000061035,160.9410552979,3116100
2022-12-12,184.1799926758,184.1799926758,182.3600006104,183.9700012207,161.7057647705,4691400
2022-12-13,186.4799957275,186.8399963379,182.9400024414,183.8699951172,161.6178588867,5634900
2022-12-14,184.0700073242,185.8800048828,182.1300048828,183.3600006104,161.1695861816,5392500
2022-12-15,181.9799957275,182.7100067139,178.3899993896,180.2500000000,158.4359588623,6127800
2022-12-16,180.0800018311,181.1900024414,178.4799957275,180.3399963379,158.5150299072,15708100
2022-12-19,180.8600006104,183.4700012207,180.3500061035,181.3399963379,159.3940582275,4447800
2022-12-20,181.8200073242,182.2500000000,180.6399993896,181.2299957275,159.2973632812,3249000
2022-12-21,181.5500030518,183.6799926758,181.3999938965,182.5000000000,160.4136505127,4236900
2022-12-22,181.8600006104,182.0500030518,178.9199981689,181.0899963379,159.1742858887,4304700
2022-12-23,180.9100036621,182.5500030518,180.4499969482,182.2599945068,160.2026824951,2197800
2022-12-27,183.2799987793,183.6100006104,182.2700042725,183.0700073242,160.9146881104,3045000
2022-12-28,184.1000061035,184.5399932861,181.6399993896,181.7500000000,159.7544403076,2694300
2022-12-29,181.9199981689,182.8600006104,181.8899993896,181.9799957275,159.9566040039,2549200
2022-12-30,181.3800048828,181.9600067139,179.2899932861,180.6600036621,158.7963409424,3136200
2023-01-03,180.5899963379,180.7500000000,176.5700073242,179.4100036621,157.6976165771,5137400
2023-01-04,179.4100036621,180.5399932861,177.5500030518,178.9700012207,157.3108673096,4771300
2023-01-05,177.9600067139,178.7700042725,176.8600006104,177.1000061035,155.6671752930,3647100
2023-01-06,178.8099975586,181.8300018311,178.8000030518,181.1000061035,159.1830902100,3713200
2023-01-09,180.4400024414,182.7700042725,178.8099975586,179.3300018311,157.6273345947,3319200
2023-01-10,178.7899932861,179.5299987793,177.0899963379,177.8500061035,156.3264160156,3817300
2023-01-11,179.3899993896,179.7100067139,175.6799926758,178.0500030518,156.5021820068,4369900
2023-01-12,177.6600036621,178.3699951172,175.3200073242,175.7799987793,154.5069274902,4246600
2023-01-13,175.3999938965,175.7299957275,174.1699981689,175.2400054932,154.0322723389,4720400
2023-01-17,176.1499938965,177.5500030518,175.4900054932,176.0599975586,154.7530364990,5032600
2023-01-18,175.2400054932,175.7400054932,171.3300018311,171.6199951172,150.8503570557,5032600
2023-01-19,171.2799987793,172.1699981689,169.4799957275,169.6300048828,149.1011962891,4720400
2023-01-20,168.9499969482,169.8899993896,167.4600067139,169.8800048828,149.3209381104,5779100
2023-01-23,170.0099945068,170.7599945068,168.7200012207,169.1199951172,148.6529235840,5440400
2023-01-24,169.6100006104,170.8699951172,168.4499969482,170.6900024414,150.0329132080,4125600
2023-01-25,170.3399963379,171.9799957275,169.3399963379,171.9299926758,151.1228637695,3852800
2023-01-26,171.6399993896,171.6699981689,170.0399932861,170.2200012207,149.6197967529,4558400
2023-01-27,169.7700042725,170.2299957275,168.5800018311,169.6199951172,149.0924224854,5451400
2023-01-30,169.7799987793,171.4600067139,169.1399993896,169.4799957275,148.9693450928,5191500
2023-01-31,170.1999969482,171.0700073242,169.3200073242,171.0200042725,150.3229827881,4665500
2023-02-01,170.8800048828,172.3200073242,169.5099945068,171.5599975586,150.7976226807,4147700
2023-02-02,169.4600067139,170.5599975586,168.5099945068,169.9700012207,149.4001159668,5653800
2023-02-03,170.9600067139,171.2899932861,167.0500030518,169.1199951172,148.6529235840,5308200
2023-02-06,169.7400054932,172.3800048828,169.5899963379,171.8200073242,151.0261688232,5640000
2023-02-07,170.2899932861,172.0299987793,169.2599945068,171.5599975586,150.7976226807,6044700
2023-02-08,171.0000000000,171.3300018311,170.2400054932,171.1600036621,150.4460601807,5687300
2023-02-09,175.3200073242,176.4900054932,172.0399932861,172.7799987793,151.8699645996,9619400
2023-02-10,173.1199951172,176.5899963379,172.6499938965,176.1999969482,154.8760986328,6176000
2023-02-13,176.2599945068,178.2299957275,176.0399932861,177.7700042725,156.2561035156,5205100
2023-02-14,177.1000061035,177.2500000000,174.7899932861,175.7700042725,154.4981384277,5203000
2023-02-15,175.0000000000,176.0500030518,174.5899963379,176.0099945068,154.7090911865,4125500
2023-02-16,174.7400054932,176.8999938965,174.5399932861,175.5099945068,154.2696075439,4973200
2023-02-17,175.1600036621,176.4199981689,174.8300018311,176.2799987793,154.9464111328,3952100
2023-02-21,175.5800018311,177.4100036621,174.6699981689,176.1799926758,154.8585052490,5797300
2023-02-22,176.7200012207,177.4299926758,175.7700042725,176.1199951172,154.8057708740,5299500
2023-02-23,176.6600036621,176.9900054932,174.9900054932,176.3099975586,154.9727935791,3801400
2023-02-24,175.4600067139,176.3300018311,174.2899932861,175.9600067139,154.6651611328,2959100
2023-02-27,176.9700012207,177.2500000000,175.6499938965,175.9100036621,154.6212005615,3208500
2023-02-28,174.8800048828,175.0599975586,173.1999969482,173.5299987793,152.5292205811,4317100
2023-03-01,172.3200073242,172.4600067139,169.1199951172,171.3300018311,150.5954895020,5359100
2023-03-02,170.5099945068,173.7599945068,169.7799987793,173.3200073242,153.3741302490,4476300
2023-03-03,173.0000000000,173.4499969482,171.3300018311,173.1499938965,153.2236633301,3627100
2023-03-06,172.2200012207,173.6600036621,172.2200012207,173.5000000000,153.5333709717,3611400
2023-03-07,173.6699981689,174.2599945068,171.8699951172,172.6399993896,152.7723846436,4094900
2023-03-08,172.6799926758,173.3600006104,171.7799987793,173.1100006104,153.1882781982,2920200
2023-03-09,173.6199951172,174.3600006104,171.1999969482,171.8000030518,152.0290527344,4042100
2023-03-10,172.5299987793,174.2400054932,170.9600067139,172.0299987793,152.2325439453,4129900
2023-03-13,172.7599945068,177.2299957275,172.6100006104,173.7100067139,153.7192687988,8265100
2023-03-14,172.4900054932,173.8099975586,171.5700073242,173.5299987793,153.5599517822,6480800
2023-03-15,173.5299987793,176.6600036621,173.1900024414,176.6300048828,156.3032226562,7099800
2023-03-16,176.6100006104,177.0000000000,175.3200073242,176.5099945068,156.1970062256,4734400
2023-03-17,176.5099945068,176.6900024414,174.2299957275,175.1300048828,154.9758300781,8854600
2023-03-20,176.5000000000,177.6799926758,175.5099945068,177.5899963379,157.1527557373,4367000
2023-03-21,177.6600036621,178.1699981689,176.2799987793,178.0099945068,157.5243530273,3812000
2023-03-22,177.8399963379,179.3699951172,176.4199981689,176.5099945068,156.1970062256,4380800
2023-03-23,176.0599975586,177.2200012207,175.0200042725,175.6499938965,155.4359893799,4655600
2023-03-24,176.5299987793,179.3399963379,176.3899993896,179.0899963379,158.4800872803,3713800
2023-03-27,179.5800018311,180.6499938965,179.3099975586,179.4900054932,158.8340454102,4078600
2023-03-28,179.3300018311,180.4600067139,179.3300018311,179.4299926758,158.7809600830,2850000
2023-03-29,180.6499938965,180.9100036621,179.9900054932,180.6699981689,159.8782806396,4496000
2023-03-30,181.0000000000,181.3300018311,180.0800018311,180.8300018311,160.0198516846,2743000
2023-03-31,182.1600036621,182.4900054932,181.3200073242,182.3000030518,161.3207092285,4479800
2023-04-03,181.8999938965,182.7599945068,180.3999938965,182.5000000000,161.4976806641,3902300
2023-04-04,182.1799926758,183.3600006104,181.1000061035,181.8500061035,160.9224700928,3306400
2023-04-05,183.2500000000,184.9600067139,183.0599975586,183.6399993896,162.5064849854,3826300
2023-04-06,183.3000030518,184.7400054932,183.1000061035,184.3600006104,163.1435852051,3389700
2023-04-10,183.8300018311,183.8999938965,181.6900024414,183.1999969482,162.1171264648,2408100
2023-04-11,183.4199981689,183.8800048828,182.7599945068,182.9199981689,161.8693389893,3586700
2023-04-12,182.6900024414,183.7799987793,182.2500000000,182.5599975586,161.5507354736,3620900
2023-04-13,182.6199951172,184.6100006104,182.1100006104,184.3800048828,163.1613159180,4303600
2023-04-14,183.3399963379,184.0200042725,182.9199981689,183.5099945068,162.3914031982,2572900
2023-04-17,184.1900024414,184.7500000000,183.4799957275,184.4499969482,163.2232513428,3224400
2023-04-18,184.7700042725,185.2200012207,183.7400054932,184.8300018311,163.5595245361,2438600
2023-04-19,185.2400054932,185.3200073242,184.2599945068,184.7200012207,163.4621887207,2209900
2023-04-20,184.8399963379,186.0399932861,184.1999969482,185.3300018311,164.0019836426,3868200
2023-04-21,185.9900054932,186.3800048828,185.1300048828,185.4100036621,164.0728149414,3781800
2023-04-24,186.5000000000,186.5700073242,185.0200042725,185.5000000000,164.1524200439,3540200
2023-04-25,186.5599975586,190.1799926758,186.2400054932,189.7100067139,167.8779449463,6231600
2023-04-26,188.4799957275,189.4199981689,187.8699951172,188.5399932861,166.8425750732,4481700
2023-04-27,188.1799926758,189.9499969482,187.5099945068,189.6900024414,167.8602447510,4574500
2023-04-28,189.8999938965,191.6199951172,189.6399993896,190.8899993896,168.9221191406,4608900
2023-05-01,190.4499969482,192.3300018311,190.2799987793,191.6799926758,169.6211853027,3137800
2023-05-02,191.3600006104,192.5000000000,189.7500000000,192.2500000000,170.1256256104,3712200
2023-05-03,192.5800018311,193.2500000000,191.7799987793,192.1799926758,170.0636901855,3389600
2023-05-04,193.0800018311,193.9499969482,192.1600036621,193.3800048828,171.1255798340,4267600
2023-05-05,192.8200073242,194.4799957275,192.3899993896,194.2700042725,171.9131469727,4146500
2023-05-08,193.3999938965,194.0000000000,192.6499938965,193.3500061035,171.0990600586,2249900
2023-05-09,193.8600006104,194.6699981689,192.7100067139,194.1399993896,171.7981109619,3087600
2023-05-10,194.1100006104,195.5800018311,192.6699981689,194.2700042725,171.9131469727,4352900
2023-05-11,194.2799987793,195.5200042725,193.0000000000,195.3399963379,172.8600006104,3690200
2023-05-12,195.3399963379,196.2200012207,194.9499969482,196.1199951172,173.5502929688,2741000
2023-05-15,196.5700073242,196.8800048828,194.0000000000,194.2700042725,171.9131469727,2946400
2023-05-16,194.4799957275,194.4799957275,192.5399932861,193.4299926758,171.1698303223,5803100
2023-05-17,193.3099975586,193.5899963379,190.8399963379,192.0599975586,169.9574890137,4878800
2023-05-18,191.3200073242,191.7100067139,190.4100036621,191.5599975586,169.5150451660,3709400
2023-05-19,192.4600067139,192.8600006104,191.1000061035,191.8399963379,169.7628173828,3883000
2023-05-22,191.1900024414,191.3899993896,186.4100036621,186.6399993896,165.1612396240,5787000
2023-05-23,186.4900054932,186.6300048828,184.5899963379,186.0700073242,164.6568145752,6382300
2023-05-24,186.2700042725,186.7400054932,184.3699951172,184.8899993896,163.6126098633,3721000
2023-05-25,182.6999969482,184.2200012207,181.9499969482,183.8000030518,162.6480712891,4712700
2023-05-26,183.7100067139,184.2500000000,182.3999938965,183.5800018311,162.4533691406,4449300
2023-05-30,182.0599975586,183.0899963379,180.6999969482,181.6100006104,160.7100677490,4331800
2023-05-31,182.8600006104,184.6199951172,181.4600067139,182.3500061035,161.3649444580,20414600
2023-06-01,182.4199981689,182.6900024414,180.8000030518,182.1900024414,162.3496093750,5277400
2023-06-02,182.0200042725,184.2899932861,181.6999969482,184.0599975586,164.0159454346,4288300
2023-06-05,183.8500061035,186.1699981689,183.6100006104,184.1900024414,164.1318054199,4311700
2023-06-06,184.9799957275,185.1199951172,180.4299926758,181.5599975586,161.7881774902,3975600
2023-06-07,180.7100067139,181.7400054932,179.6999969482,180.1100006104,160.4961242676,5162700
2023-06-08,179.6999969482,182.3000030518,179.3300018311,182.1000061035,162.2694091797,4036100
2023-06-09,181.7100067139,182.8300018311,181.0000000000,182.3500061035,162.4921875000,3200100
2023-06-12,182.4900054932,182.7299957275,180.6900024414,181.8999938965,162.0911865234,4207100
2023-06-13,182.1300048828,182.1900024414,181.0800018311,181.5399932861,161.7703857422,2838700
2023-06-14,182.0000000000,183.6499938965,181.4400024414,183.1699981689,163.2228851318,3559300
2023-06-15,184.2599945068,186.1699981689,183.5200042725,185.7100067139,165.4862518311,4326100
2023-06-16,186.1399993896,187.5899963379,185.6999969482,186.0399932861,165.7803497314,8925700
2023-06-20,186.5399932861,187.8699951172,185.2400054932,185.3099975586,165.1298370361,4154800
2023-06-21,185.7200012207,186.8800048828,184.1900024414,185.4299926758,165.2367401123,3832400
2023-06-22,186.7299957275,187.5800018311,185.8699951172,187.3500061035,166.9476928711,3185800
2023-06-23,188.0000000000,188.0000000000,185.9499969482,186.0700073242,165.8070373535,7592600
2023-06-26,186.1600036621,186.4299926758,184.1199951172,184.8899993896,164.7555541992,3706100
2023-06-27,184.6699981689,186.6100006104,183.9600067139,186.2200012207,165.9407348633,5763000
2023-06-28,186.2500000000,186.7400054932,183.3800048828,183.6999969482,163.6951599121,5193900
2023-06-29,183.2500000000,183.8899993896,181.3899993896,183.8800048828,163.8555603027,5770400
2023-06-30,184.0399932861,185.5200042725,183.8800048828,185.2200012207,165.0496215820,7635100
2023-07-03,184.3000030518,185.6399993896,183.4700012207,185.6000061035,165.3882598877,2389000
2023-07-05,185.0000000000,186.6900024414,184.9700012207,186.5800018311,166.2615509033,5277100
2023-07-06,185.8099975586,186.7500000000,184.8899993896,186.6000061035,166.2793579102,5592100
2023-07-07,185.8200073242,185.8800048828,183.0299987793,183.0800018311,163.1426849365,6309900
2023-07-10,184.0700073242,185.9100036621,183.7799987793,184.3000030518,164.2298278809,5508800
2023-07-11,184.3800048828,184.7299957275,182.4199981689,183.9799957275,163.9446868896,3914300
2023-07-12,183.9799957275,184.6100006104,182.9799957275,183.1699981689,163.2228851318,6080100
2023-07-13,185.8000030518,188.0599975586,183.2599945068,187.5299987793,167.1081085205,8223100
2023-07-14,187.8600006104,188.6300048828,187.0899963379,188.2100067139,167.7140350342,4467600
2023-07-17,186.3399963379,187.0099945068,185.4199981689,185.6300048828,165.4150085449,5637400
2023-07-18,185.4400024414,186.8200073242,183.8200073242,184.4499969482,164.3634643555,5684100
2023-07-19,185.0000000000,186.6000061035,184.4199981689,186.2599945068,165.9763793945,4140800
2023-07-20,187.5000000000,189.9900054932,186.8099975586,189.3000030518,168.6853027344,5056500
2023-07-21,190.1100006104,191.4700012207,189.3000030518,190.1600036621,169.4516601562,15022100
2023-07-24,190.5899963379,191.4299926758,190.1399993896,190.9199981689,170.1289062500,4225800
2023-07-25,190.4100036621,192.0099945068,190.0599975586,191.3600006104,170.5209808350,3521600
2023-07-26,191.1199951172,192.3800048828,190.0599975586,191.6000061035,170.7348785400,3898900
2023-07-27,192.0000000000,192.2899932861,188.3999938965,188.5299987793,167.9991607666,4141800
2023-07-28,190.1399993896,191.3699951172,189.7899932861,190.3099975586,169.5853271484,5602300
2023-07-31,189.4499969482,189.5899963379,186.8500061035,187.4600067139,167.0456848145,5687700
2023-08-01,187.4900054932,188.6000061035,186.3999938965,186.8200073242,166.4754180908,2853900
2023-08-02,186.5899963379,189.9700012207,186.3999938965,188.3099975586,167.8031463623,4285900
2023-08-03,188.1699981689,189.2200012207,186.9700012207,187.1199951172,166.7427215576,2857400
2023-08-04,187.1199951172,188.0099945068,184.3500061035,184.6000061035,164.4971160889,4651100
2023-08-07,185.2799987793,187.2100067139,185.1000061035,186.8899993896,166.5377655029,3323400
2023-08-08,187.1999969482,187.4799957275,184.0299987793,184.4400024414,164.3545532227,5017900
2023-08-09,183.8800048828,185.0000000000,182.6300048828,183.9799957275,163.9446868896,4413100
2023-08-10,184.2200012207,185.5899963379,183.5299987793,183.7500000000,163.7397003174,3727200
2023-08-11,184.0000000000,184.2799987793,183.2799987793,184.0399932861,163.9981079102,2873800
2023-08-14,184.3899993896,184.8600006104,183.1300048828,183.6199951172,163.6238555908,3385600
2023-08-15,183.1499938965,183.4600067139,181.1300048828,181.3500061035,161.6010742188,3331800
2023-08-16,181.6000061035,182.9499969482,180.9499969482,181.2100067139,161.4763336182,2633700
2023-08-17,181.2100067139,181.4100036621,178.3200073242,178.4499969482,159.0168762207,4503000
2023-08-18,178.4600067139,179.5500030518,177.2700042725,178.1799926758,158.7762756348,6020300
2023-08-21,177.7299957275,177.9600067139,176.2299957275,177.0500030518,157.7693176270,4284100
2023-08-22,176.1799926758,176.8200073242,175.3099975586,175.6999969482,156.5663604736,3489300
2023-08-23,177.2500000000,178.2799987793,176.3699951172,178.1199951172,158.7228240967,4042700
2023-08-24,178.0099945068,180.4400024414,177.1000061035,177.1799926758,157.8851928711,5709800
2023-08-25,178.0599975586,179.7100067139,177.8399963379,179.4199981689,159.8812713623,4710700
2023-08-28,180.8200073242,181.1799926758,179.3399963379,180.2500000000,160.6208648682,3189800
2023-08-29,180.3000030518,181.2200012207,179.0200042725,180.9299926758,161.2268066406,4368600
2023-08-30,181.4600067139,182.2599945068,180.7200012207,181.0800018311,161.3604888916,3153400
2023-08-31,179.3399963379,179.6300048828,177.8600006104,177.9199981689,159.6599578857,5566700
2023-09-01,178.7299957275,178.8099975586,174.6399993896,175.3200073242,157.3267974854,4801400
2023-09-05,175.2700042725,175.8800048828,173.6499938965,174.1600036621,156.2858581543,5081800
2023-09-06,174.9199981689,174.9900054932,173.4799957275,174.7299957275,156.7973327637,5933800
2023-09-07,175.8500061035,177.0599975586,175.2100067139,176.3999938965,158.2959289551,4934300
2023-09-08,175.8099975586,177.1499938965,175.6100006104,176.2700042725,158.1793060303,2995000
2023-09-11,176.8300018311,179.4299926758,176.8300018311,178.9299926758,160.5662841797,4512700
2023-09-12,178.7400054932,178.9199981689,177.8000030518,178.2700042725,159.9740447998,3331100
2023-09-13,178.3300018311,180.1399993896,178.2100067139,179.6799926758,161.2393188477,3781400
2023-09-14,179.9400024414,181.6900024414,179.3300018311,181.2299957275,162.6302490234,4118300
2023-09-15,181.4100036621,181.8200073242,179.6100006104,179.8399963379,161.3829040527,11661200
2023-09-18,181.0000000000,181.0000000000,178.4299926758,179.3800048828,160.9701080322,3182600
2023-09-19,178.8600006104,179.1300048828,177.3000030518,178.3200073242,160.0189056396,3369300
2023-09-20,179.0899963379,179.4199981689,177.5599975586,178.3800048828,160.0727539062,3695800
2023-09-21,178.1000061035,178.3300018311,175.1300048828,175.3800048828,157.3806152344,5351000
2023-09-22,174.9400024414,176.3899993896,174.3699951172,175.2700042725,157.2819213867,4542300
2023-09-25,174.6799926758,175.4400024414,173.1799926758,174.3300018311,156.4384002686,3553600
2023-09-26,173.0000000000,173.7200012207,171.6399993896,172.5200042725,154.8141632080,5213700
2023-09-27,172.3099975586,172.6900024414,169.0299987793,169.5700073242,152.1669464111,5729900
2023-09-28,169.9299926758,170.1799926758,168.1799926758,169.5000000000,152.1040954590,4841600
2023-09-29,170.5099945068,170.8399963379,168.0399932861,169.4400024414,152.0502777100,5194200
2023-10-02,169.0800018311,169.4900054932,167.3200073242,169.1699981689,151.8079681396,3838800
2023-10-03,168.8600006104,170.0000000000,167.0299987793,167.6999969482,150.4888458252,4873400
2023-10-04,168.4499969482,169.1300048828,167.0599975586,168.9100036621,151.5746765137,4134000
2023-10-05,168.7700042725,168.8099975586,159.8699951172,160.1000061035,143.6688385010,10556400
2023-10-06,158.7799987793,160.9199981689,155.8300018311,160.2899932861,143.8393402100,12774700
2023-10-09,160.0000000000,161.4199981689,158.6399993896,161.3600006104,144.7994995117,7244500
2023-10-10,164.2500000000,165.1799926758,162.0299987793,164.3999938965,147.5275115967,11456400
2023-10-11,165.0099945068,165.4400024414,161.6000061035,162.6199951172,145.9302062988,7371500
2023-10-12,162.6000061035,162.6499938965,157.4299926758,158.0800018311,141.8561553955,9024100
2023-10-13,158.6199951172,160.2400054932,157.9499969482,160.0000000000,143.5790863037,6757100
2023-10-16,161.0000000000,161.9499969482,159.8000030518,161.0800018311,144.5482635498,5605000
2023-10-17,160.0000000000,161.6300048828,159.1600036621,160.3699951172,143.9111175537,6411300
2023-10-18,161.0200042725,163.3999938965,160.8699951172,162.0299987793,145.4007415771,6650600
2023-10-19,161.8999938965,162.7200012207,160.4100036621,160.5599975586,144.0816192627,6336800
2023-10-20,161.3699951172,162.2299957275,159.7100067139,160.0000000000,143.5790863037,5486500
2023-10-23,159.6000061035,161.6000061035,159.0599975586,160.0800018311,143.6508941650,5795800
2023-10-24,160.4100036621,162.8500061035,159.6799926758,162.1900024414,145.5443420410,5265200
2023-10-25,162.0500030518,163.5000000000,161.4700012207,162.3500061035,145.6879272461,4534600
2023-10-26,162.6799926758,163.3600006104,161.3000030518,161.4100036621,144.8443603516,5147000
2023-10-27,162.0200042725,162.1399993896,158.8899993896,159.6199951172,143.2380676270,5078000
2023-10-30,161.3000030518,162.5800018311,160.7400054932,162.2799987793,145.6250915527,4625900
2023-10-31,162.9499969482,163.3500061035,161.6600036621,163.2799987793,146.5224761963,5947400
2023-11-01,163.6699981689,165.4299926758,162.7599945068,164.8699951172,147.9492645264,6682500
2023-11-02,164.7400054932,167.1600036621,164.6699981689,166.8300018311,149.7081451416,5413400
2023-11-03,168.6799926758,168.8099975586,166.6900024414,166.7899932861,149.6722106934,4063300
2023-11-06,165.4600067139,167.5000000000,165.2100067139,166.6999969482,149.5914916992,5784600
2023-11-07,166.8000030518,167.7100067139,166.1199951172,167.1799926758,150.0221862793,4687200
2023-11-08,168.1699981689,168.3399963379,166.6600036621,167.3899993896,150.2106628418,4926600
2023-11-09,167.5800018311,167.8600006104,165.8099975586,166.1600036621,149.1068878174,5639300
2023-11-10,167.3099975586,167.7799987793,164.8600006104,166.9199981689,149.7888946533,5552900
2023-11-13,167.0000000000,168.7799987793,166.4600067139,167.7700042725,150.5516662598,5402300
2023-11-14,167.9499969482,168.4400024414,166.8899993896,168.1100006104,150.8567504883,6238900
2023-11-15,168.6999969482,168.7899932861,166.2700042725,167.2500000000,150.0850067139,5611200
2023-11-16,168.3899993896,170.0000000000,166.3999938965,167.7100067139,150.4978332520,5386400
2023-11-17,168.0500030518,168.2500000000,165.7700042725,166.7599945068,149.6452941895,5583100
2023-11-20,166.0000000000,166.7700042725,165.7200012207,166.5200042725,149.4299316406,4886200
2023-11-21,167.1100006104,167.8600006104,165.9199981689,167.8000030518,150.5785980225,3980000
2023-11-22,168.3500061035,169.5700073242,168.3000030518,169.2200012207,151.8528289795,3235600
2023-11-24,168.9499969482,170.0200042725,168.9499969482,169.3699951172,151.9874267578,1751700
2023-11-27,169.6999969482,169.6999969482,168.0899963379,168.3200073242,151.0451965332,3664700
2023-11-28,168.3800048828,169.7599945068,168.0200042725,168.8600006104,151.5298156738,4056100
2023-11-29,169.1000061035,169.1199951172,166.6499938965,167.1600036621,150.0042572021,4722400
2023-11-30,166.1100006104,168.3600006104,164.8200073242,168.2899932861,152.1698608398,7346700
2023-12-01,168.3699951172,168.8500061035,167.3800048828,168.6900024414,152.5315399170,4897400
2023-12-04,168.3999938965,169.9199981689,168.1900024414,169.1399993896,152.9384155273,5323300
2023-12-05,169.1499938965,169.5700073242,167.7100067139,167.9400024414,151.8533782959,4553800
2023-12-06,167.9799957275,168.3200073242,166.7299957275,167.5099945068,151.4645385742,4726600
2023-12-07,168.0000000000,168.3000030518,166.6999969482,167.4600067139,151.4193725586,4934800
2023-12-08,167.0399932861,167.1199951172,165.2700042725,165.6799926758,149.8098602295,5115200
2023-12-11,167.4400024414,168.1300048828,166.4600067139,167.8200073242,151.7448883057,6912600
2023-12-12,169.2799987793,169.2799987793,167.7100067139,168.4700012207,152.3325958252,4515800
2023-12-13,168.5399932861,172.0500030518,168.1199951172,172.0099945068,155.5335083008,6082100
2023-12-14,171.6499938965,171.9700012207,167.9400024414,168.2500000000,152.1336822510,7119300
2023-12-15,167.4499969482,168.5099945068,166.4499969482,167.0000000000,151.0034484863,17734600
2023-12-18,168.0599975586,170.2500000000,167.4100036621,168.9100036621,152.7304840088,5439500
2023-12-19,167.9400024414,168.8300018311,167.3099975586,167.9499969482,151.8624267578,4855900
2023-12-20,166.5099945068,167.4700012207,165.6699981689,165.6900024414,149.8189086914,5157800
2023-12-21,166.5000000000,167.1000061035,165.3899993896,166.9700012207,150.9762573242,4374000
2023-12-22,167.3600006104,168.1699981689,166.8600006104,167.6799926758,151.6182708740,3030400
2023-12-26,167.6499938965,169.4199981689,167.2500000000,168.8600006104,152.6852722168,2779200
2023-12-27,168.8999938965,169.4900054932,168.3600006104,169.3999938965,153.1735382080,3502500
2023-12-28,169.3999938965,169.5399932861,168.6999969482,169.3899993896,153.1644897461,2911100
2023-12-29,169.3399963379,170.0700073242,169.1699981689,169.8399963379,153.5713653564,3291500
2024-01-02,169.5200042725,172.9900054932,169.1900024414,172.9100036621,156.3473052979,5743100
2024-01-03,175.0000000000,175.1999969482,172.6999969482,172.9499969482,156.3834686279,5588200
2024-01-04,171.6100006104,173.5299987793,170.5800018311,171.4700012207,155.0452575684,6283200
2024-01-05,171.5700073242,171.5700073242,167.5599975586,168.9400024414,152.7575988770,5252500
2024-01-08,168.9400024414,169.7299957275,167.7899932861,169.1100006104,152.9113159180,5735600
2024-01-09,167.7899932861,167.8899993896,165.9299926758,167.1699981689,151.1571044922,6268800
2024-01-10,166.5899963379,167.9600067139,166.1999969482,166.9199981689,150.9310913086,4394900
2024-01-11,167.1399993896,167.1399993896,164.8200073242,166.1300048828,150.2167358398,4800700
2024-01-12,166.3399963379,167.3800048828,165.5700073242,167.2700042725,151.2475585938,3546100
2024-01-16,167.2700042725,167.5200042725,165.1900024414,166.1699981689,150.2529144287,4576600
2024-01-17,165.9900054932,166.7299957275,165.4400024414,166.4400024414,150.4970550537,4392300
2024-01-18,165.4700012207,167.2799987793,164.9900054932,167.1699981689,151.1571044922,4709400
2024-01-19,167.1399993896,167.2400054932,165.5700073242,165.7799987793,149.9002685547,6528600
2024-01-22,165.9600067139,166.7100067139,165.0200042725,165.1100006104,149.2944488525,5697400
2024-01-23,164.5599975586,167.9299926758,164.3600006104,167.6399993896,151.5821228027,4932700
2024-01-24,167.6399993896,167.7400054932,165.5200042725,165.6000061035,149.7375030518,4984700
2024-01-25,165.8099975586,166.6000061035,164.9400024414,166.5599975586,150.6055450439,5373800
2024-01-26,166.6000061035,168.0299987793,166.6000061035,167.8600006104,151.7810516357,4849000
2024-01-29,167.5299987793,168.6999969482,167.3899993896,168.1499938965,152.0432281494,5713600
2024-01-30,167.6699981689,169.6999969482,167.3200073242,169.6199951172,153.3724365234,4804200
2024-01-31,169.9600067139,170.3800048828,167.8800048828,168.5299987793,152.3868560791,5769200
2024-02-01,168.5299987793,171.8000030518,167.1699981689,171.6999969482,155.2532043457,4920800
2024-02-02,171.2400054932,171.9600067139,170.1000061035,170.9700012207,154.5931701660,5307700
2024-02-05,170.5500030518,171.5800018311,169.0500030518,170.9199981689,154.5479431152,5142700
2024-02-06,171.4499969482,171.8300018311,169.9400024414,171.4199981689,155.0000152588,5182700
2024-02-07,172.6300048828,172.8999938965,171.3800048828,171.4700012207,155.0452575684,5769700
2024-02-08,171.7200012207,174.1000061035,171.4100036621,173.8500061035,157.1972808838,9269700
2024-02-09,171.1999969482,171.3899993896,166.9700012207,167.6699981689,151.6092376709,12731700
2024-02-12,167.8600006104,171.0700073242,167.1999969482,170.6100006104,154.2676239014,7867500
2024-02-13,171.2200012207,171.4499969482,167.2400054932,168.8800048828,152.7033538818,7302000
2024-02-14,168.3399963379,168.6399993896,166.0599975586,167.5200042725,151.4736022949,5731900
2024-02-15,167.9499969482,168.3699951172,166.6799926758,167.8600006104,151.7810516357,4451400
2024-02-16,167.2100067139,167.4100036621,165.6799926758,166.3200073242,150.3885650635,5246000
2024-02-20,167.7400054932,169.5200042725,167.1900024414,168.6499938965,152.4953460693,6117900
2024-02-21,169.9499969482,170.1799926758,167.8600006104,168.8300018311,152.6581268311,4192600
2024-02-22,167.6399993896,168.8300018311,166.1000061035,168.2500000000,152.1336822510,7539200
2024-02-23,167.9400024414,170.2500000000,167.8000030518,169.6000061035,153.3543701172,6409800
2024-02-26,169.4199981689,169.4199981689,167.7100067139,168.2599945068,152.1427001953,3837000
2024-02-27,167.8200073242,168.2200012207,167.3500061035,168.1600036621,152.0522918701,3567600
2024-02-28,168.1199951172,168.5000000000,166.4499969482,167.0299987793,151.0305328369,5275300
2024-02-29,166.2100067139,166.6799926758,164.9100036621,165.3399963379,150.6433258057,8489400
2024-03-01,164.8600006104,165.0000000000,163.2500000000,164.5899963379,149.9599761963,6109900
2024-03-04,164.4499969482,165.6499938965,163.6000061035,165.3699951172,150.6706085205,4303700
2024-03-05,165.2200012207,165.5000000000,161.8099975586,162.0399932861,147.6366271973,6631300
2024-03-06,162.0599975586,163.9900054932,162.0399932861,163.0000000000,148.5113067627,5302500
2024-03-07,163.8200073242,163.8999938965,162.5000000000,163.1100006104,148.6115264893,5801600
2024-03-08,162.3200073242,164.1999969482,162.0899963379,163.0500030518,148.5568847656,6065300
2024-03-11,163.9199981689,165.4199981689,163.3099975586,164.7299957275,150.0875244141,5404800
2024-03-12,165.1399993896,165.4199981689,163.9600067139,164.5399932861,149.9144287109,6158500
2024-03-13,165.1000061035,166.1399993896,164.7400054932,165.3000030518,150.6068572998,4585800
2024-03-14,166.2599945068,166.2599945068,164.1999969482,164.7799987793,150.1330871582,5155300
2024-03-15,165.0599975586,165.3800048828,163.6399993896,164.6600036621,150.0237426758,21887300
2024-03-18,167.0500030518,172.1799926758,166.9499969482,171.2599945068,156.0371093750,10478500
2024-03-19,171.1000061035,172.6499938965,171.0000000000,171.8000030518,156.5291290283,7653700
2024-03-20,172.3000030518,173.1000061035,171.1199951172,171.8600006104,156.5837554932,5046700
2024-03-21,171.9199981689,173.4199981689,171.0500030518,172.4499969482,157.1213378906,4343000
2024-03-22,173.0200042725,173.1000061035,171.7599945068,172.0200042725,156.7295837402,4106400
2024-03-25,172.1999969482,173.0899963379,172.1100006104,172.6000061035,157.2580108643,3941900
2024-03-26,172.1699981689,172.9700012207,171.8200073242,172.7299957275,157.3764190674,4593000
2024-03-27,174.0000000000,174.6900024414,173.0500030518,173.5700073242,158.1417694092,4911300
2024-03-28,174.7599945068,175.8099975586,174.3699951172,175.0099945068,159.4537506104,5710400
2024-04-01,175.5700073242,176.2299957275,172.6499938965,172.9799957275,157.6042175293,4815400
2024-04-02,172.9400024414,173.8699951172,171.3600006104,171.4400024414,156.2011260986,5158500
2024-04-03,170.0000000000,170.9199981689,168.6999969482,169.6799926758,154.5975341797,5828000
2024-04-04,170.9199981689,171.7799987793,169.3300018311,169.6499938965,154.5702209473,5422600
2024-04-05,169.3999938965,169.9700012207,168.0700073242,169.1399993896,154.1055297852,4412200
2024-04-08,169.1499938965,170.0500030518,168.7400054932,169.5800018311,154.5064239502,3755700
2024-04-09,170.2299957275,170.7200012207,168.7299957275,170.6100006104,155.4449005127,3773900
2024-04-10,169.5700073242,169.6300048828,167.7700042725,168.9499969482,153.9324340820,4581500
2024-04-11,169.6199951172,169.8699951172,167.7700042725,168.3600006104,153.3948974609,4241500
2024-04-12,167.6900024414,168.5099945068,167.3200073242,168.1000061035,153.1579742432,5453500
2024-04-15,169.2100067139,169.3500061035,166.0299987793,166.9499969482,152.1102294922,5133200
2024-04-16,167.0299987793,168.5099945068,166.8899993896,167.5000000000,152.6113281250,4569700
2024-04-17,169.0899963379,169.6999969482,168.2100067139,169.4799957275,154.4153442383,4069200
2024-04-18,170.1000061035,172.6799926758,170.1000061035,172.2700042725,156.9573059082,5574700
2024-04-19,172.2799987793,174.2700042725,171.8000030518,174.1300048828,158.6520233154,6636700
2024-04-22,174.4100036621,177.1999969482,174.0299987793,176.4600067139,160.7748870850,7288700
2024-04-23,174.6999969482,174.8800048828,170.1399993896,171.2200012207,156.0006561279,9145000
2024-04-24,168.5000000000,178.0899963379,167.6499938965,177.4100036621,161.6404418945,10016700
2024-04-25,178.2799987793,180.6300048828,175.8200073242,176.6799926758,160.9753112793,7441500
2024-04-26,174.4400024414,178.5700073242,174.3399963379,175.5800018311,159.9730987549,4472100
2024-04-29,175.5000000000,176.3200073242,175.0200042725,176.1399993896,160.4833221436,3224500
2024-04-30,176.2700042725,176.4700012207,174.8399963379,175.9100036621,160.2737884521,4465100
2024-05-01,175.4600067139,176.2299957275,173.6600036621,175.1499938965,159.5813293457,4340500
2024-05-02,175.5800018311,176.3200073242,174.5500030518,175.4499969482,159.8546905518,3964800
2024-05-03,175.8000030518,176.4900054932,175.0000000000,176.1499938965,160.4924316406,3491900
2024-05-06,176.7599945068,176.7599945068,175.1300048828,175.8200073242,160.1917724609,3576200
2024-05-07,177.0000000000,178.1499938965,176.5099945068,178.0200042725,162.1962127686,3708000
2024-05-08,178.7100067139,178.8800048828,177.1900024414,177.4100036621,161.6404418945,3400900
2024-05-09,177.2599945068,178.4299926758,177.0899963379,178.0599975586,162.2326507568,2421400
2024-05-10,177.9499969482,180.1600036621,177.6100006104,179.7899932861,163.8088684082,4201600
2024-05-13,180.5099945068,181.3500061035,179.8500061035,180.8999938965,164.8202362061,4408100
2024-05-14,181.0500030518,181.2799987793,178.6000061035,179.8699951172,163.8817749023,3508600
2024-05-15,179.2400054932,180.3999938965,179.0000000000,179.4600067139,163.5082397461,4785100
2024-05-16,179.6300048828,183.4100036621,179.4600067139,183.1100006104,166.8338012695,5984700
2024-05-17,182.5899963379,182.9600067139,181.8300018311,182.1900024414,165.9955596924,4449100
2024-05-20,182.0899963379,182.1300048828,179.9100036621,180.3099975586,164.2826538086,3221100
2024-05-21,181.5000000000,181.5800018311,179.8000030518,181.0800018311,164.9842376709,3288100
2024-05-22,180.4499969482,182.1300048828,179.9799957275,182.0899963379,165.9044342041,4047000
2024-05-23,181.3300018311,181.8899993896,179.0399932861,179.2700042725,163.3351135254,4009000
2024-05-24,179.3699951172,179.4199981689,177.8699951172,177.9900054932,162.1688995361,3447400
2024-05-28,176.2299957275,176.2799987793,171.8999938965,173.3800048828,157.9686889648,6178100
2024-05-29,172.4299926758,173.1799926758,170.7200012207,171.1499938965,155.9368743896,5352100
2024-05-30,171.3500061035,171.7100067139,170.3999938965,170.4799957275,155.3264312744,3903100
2024-05-31,169.8899993896,172.9700012207,169.5200042725,172.8999938965,157.5313262939,8155600
2024-06-03,172.7200012207,172.8999938965,171.0299987793,171.2299957275,156.0097808838,5032400
2024-06-04,171.2100067139,174.3899993896,170.8200073242,173.8899993896,158.4333343506,4619100
2024-06-05,173.8399963379,173.9700012207,171.9600067139,173.4900054932,158.0689086914,5370700
2024-06-06,174.0000000000,174.3999938965,172.6799926758,173.1999969482,157.8046722412,5536700
2024-06-07,171.5000000000,172.5099945068,170.7500000000,171.0399932861,157.0654296875,3521100
2024-06-10,170.1100006104,170.3699951172,165.6199951172,165.8999938965,152.3453826904,9429400
2024-06-11,164.8699951172,165.4600067139,163.5099945068,165.0700073242,151.5832214355,8284500
2024-06-12,164.8800048828,165.3300018311,162.4400024414,163.8300018311,150.4445190430,6281100
2024-06-13,162.0800018311,163.5599975586,161.5399932861,163.3300018311,149.9853515625,5432600
2024-06-14,163.1300048828,164.3899993896,162.5299987793,163.8099975586,150.4261474609,3603300
2024-06-17,163.4900054932,166.4100036621,162.7899932861,166.1399993896,152.5657958984,5412200
2024-06-18,166.1000061035,167.0700073242,165.2500000000,166.4799957275,152.8780059814,3519500
2024-06-20,165.7299957275,167.6399993896,165.7299957275,166.6799926758,153.0616760254,4942400
2024-06-21,167.2100067139,169.0700073242,166.4499969482,167.2799987793,153.6126556396,10899100
2024-06-24,167.5000000000,169.6100006104,167.0899963379,168.0800018311,154.3473052979,4476900
2024-06-25,168.0800018311,168.9600067139,167.2500000000,167.3500061035,153.6768951416,4217300
2024-06-26,165.8899993896,167.0099945068,164.8500061035,166.7400054932,153.1167755127,4778300
2024-06-27,166.6300048828,167.2500000000,165.2700042725,166.2599945068,152.6759643555,4326500
2024-06-28,165.3000030518,166.2200012207,164.6199951172,164.9299926758,151.4546356201,8755900
2024-07-01,165.0399932861,166.0599975586,162.5800018311,162.8899993896,149.5813140869,4508000
2024-07-02,163.5000000000,164.4700012207,162.3200073242,163.5800018311,150.2149200439,4650800
2024-07-03,162.9199981689,164.1300048828,161.9600067139,162.6000061035,149.3150329590,2879600
2024-07-05,162.6399993896,164.5200042725,162.4700012207,164.3899993896,150.9587554932,4208200
2024-07-08,163.0599975586,163.7500000000,161.9199981689,162.1199951172,148.8742065430,5268800
2024-07-09,162.1900024414,162.5599975586,161.5000000000,161.8999938965,148.6721954346,5801200
2024-07-10,161.8399963379,163.7700042725,160.6600036621,163.5899963379,150.2241058350,7372300
2024-07-11,159.1000061035,164.8899993896,158.0299987793,163.9499969482,150.5547180176,10258600
2024-07-12,164.9600067139,168.0299987793,164.9600067139,166.3800048828,152.7861785889,6677000
2024-07-15,166.0099945068,166.3000030518,163.6499938965,163.8600006104,150.4720458984,4551800
2024-07-16,163.4100036621,165.0399932861,162.8399963379,164.7599945068,151.2985382080,4461700
2024-07-17,166.0399932861,170.0700073242,165.8899993896,169.8899993896,156.0093994141,7671000
2024-07-18,168.7100067139,172.6699981689,168.3899993896,170.3699951172,156.4501800537,6228600
2024-07-19,170.2799987793,170.4900054932,168.4700012207,169.3600006104,155.5226898193,5332800
2024-07-22,169.2599945068,169.7100067139,167.3500061035,167.6600036621,153.9615783691,5308400
2024-07-23,167.7899932861,168.3600006104,166.1799926758,166.2799987793,152.6943206787,3344300
2024-07-24,166.2799987793,168.6699981689,164.9499969482,168.1699981689,154.4299316406,5867000
2024-07-25,169.4900054932,173.4900054932,168.8600006104,171.0200042725,157.0470886230,6270900
2024-07-26,170.7299957275,172.7599945068,170.7299957275,172.7500000000,158.6357269287,5746300
2024-07-29,172.2899932861,173.4900054932,170.8500061035,173.2100067139,159.0581359863,4152700
2024-07-30,172.6900024414,173.4499969482,171.5500030518,173.1799926758,159.0305633545,4994600
2024-07-31,173.9199981689,174.6900024414,172.2599945068,172.6699981689,158.5622711182,6245600
2024-08-01,172.5299987793,175.5599975586,172.5000000000,174.9600067139,160.6651763916,5994500
2024-08-02,178.8399963379,179.9499969482,173.8399963379,178.0399932861,163.4934997559,6856100
2024-08-05,179.5200042725,180.9100036621,173.1600036621,174.0399932861,159.8202972412,7502300
2024-08-06,173.2799987793,176.2100067139,172.3600006104,172.4900054932,158.3969726562,7287100
2024-08-07,171.6199951172,174.3899993896,171.3300018311,171.7899932861,157.7541503906,5428900
2024-08-08,170.2100067139,173.0000000000,169.8099975586,172.3699951172,158.2867584229,5112500
2024-08-09,172.0899963379,172.7799987793,170.3899993896,172.3899993896,158.3051605225,3223000
2024-08-12,172.2400054932,172.8699951172,170.7100067139,171.4199981689,157.4143981934,3802300
2024-08-13,171.6199951172,172.4199981689,170.2200012207,172.3699951172,158.2867584229,3894700
2024-08-14,172.2299957275,174.3399963379,171.9299926758,173.7100067139,159.5172882080,3555800
2024-08-15,173.7100067139,174.3000030518,171.8300018311,172.5200042725,158.4245300293,4472100
2024-08-16,172.5200042725,172.7799987793,171.1100006104,172.6199951172,158.5163269043,4614600
2024-08-19,172.6600036621,173.9799957275,172.4400024414,173.8200073242,159.6183166504,3521700
2024-08-20,173.5299987793,176.0299987793,172.5000000000,175.8500061035,161.4824523926,5330100
2024-08-21,175.9400024414,176.8200073242,174.6199951172,175.2100067139,160.8947296143,4020700
2024-08-22,175.8300018311,176.0800018311,174.6999969482,175.7400054932,161.3814392090,5265900
2024-08-23,176.6300048828,176.6799926758,173.6699981689,175.8699951172,161.5007934570,5283600
2024-08-26,176.3200073242,176.8399963379,175.7299957275,175.9700012207,161.5926513672,4146700
2024-08-27,176.3099975586,176.8800048828,174.5200042725,175.3000030518,160.9773864746,3520600
2024-08-28,175.5500030518,175.7400054932,173.3500061035,173.9199981689,159.7101287842,3915500
2024-08-29,173.7599945068,173.9600067139,171.9100036621,172.0899963379,158.0296478271,4654300
2024-08-30,172.0599975586,173.5599975586,171.2500000000,172.8800048828,158.7551116943,8677300
2024-09-03,172.3800048828,177.8899993896,171.8800048828,177.5399932861,163.0343475342,7032100
2024-09-04,177.8999938965,179.6499938965,176.2899932861,178.5200042725,163.9342956543,6188500
2024-09-05,178.7299957275,179.7299957275,177.5200042725,179.3000030518,164.6505889893,5743100
2024-09-06,177.4400024414,178.5800018311,177.0000000000,177.3399963379,164.0907440186,6395300
2024-09-09,177.0500030518,178.7899932861,175.8600006104,178.1900024414,164.8772735596,4666200
2024-09-10,178.6499938965,179.1000061035,177.6399993896,177.8099975586,164.5256347656,4315800
2024-09-11,177.4400024414,177.7500000000,174.4299926758,175.7799987793,162.6473388672,4036000
2024-09-12,175.7799987793,177.6900024414,173.9499969482,177.2500000000,164.0075073242,4222800
2024-09-13,177.4499969482,177.9600067139,176.3699951172,177.3600006104,164.1092681885,3290400
2024-09-16,179.0000000000,179.4299926758,176.3500061035,177.2100067139,163.9704895020,4940100
2024-09-17,177.0000000000,178.0899963379,176.3000030518,176.8699951172,163.6558837891,6305100
2024-09-18,176.8600006104,178.0599975586,174.4299926758,175.2100067139,162.1198883057,5307900
2024-09-19,175.7500000000,176.2200012207,174.1499938965,174.6600036621,161.6109924316,5504000
2024-09-20,172.5700073242,173.7700042725,170.2200012207,171.1799926758,158.3909759521,12198400
2024-09-23,170.8699951172,173.9400024414,170.7299957275,172.1100006104,159.2514953613,5350300
2024-09-24,170.9900054932,171.6000061035,169.5000000000,169.9199981689,157.2250976562,7837900
2024-09-25,170.3999938965,170.7700042725,168.7599945068,169.3999938965,156.7439575195,4505100
2024-09-26,169.2200012207,171.0000000000,168.6799926758,169.6900024414,157.0123138428,5673600
2024-09-27,169.9600067139,171.6499938965,169.6799926758,170.0000000000,157.2991485596,7545800
2024-09-30,170.5800018311,171.7400054932,169.5800018311,170.0500030518,157.3454132080,5054300
2024-10-01,171.2899932861,171.9400024414,169.7700042725,171.3800048828,158.5760345459,7095900
2024-10-02,171.5000000000,171.7400054932,168.5200042725,169.5500030518,156.8827972412,5786000
2024-10-03,168.1399993896,169.1100006104,167.1699981689,168.5299987793,155.9389801025,5090300
2024-10-04,167.1499938965,168.5000000000,166.8200073242,167.9700012207,155.4208221436,4390100
2024-10-07,167.7200012207,167.9299926758,166.4600067139,167.2100067139,154.7175903320,5459500
2024-10-08,167.7200012207,170.6499938965,166.8500061035,170.4199981689,157.6877593994,8297800
2024-10-09,169.3800048828,173.2799987793,169.1000061035,172.5399932861,159.6493835449,7177500
2024-10-10,172.0700073242,173.0599975586,171.2200012207,172.9900054932,160.0657501221,5292400
2024-10-11,174.0000000000,175.1799926758,172.8699951172,174.8099975586,161.7497863770,4720300
2024-10-14,174.9600067139,176.2700042725,174.4400024414,176.1000061035,162.9434051514,4535900
2024-10-15,176.3600006104,177.3899993896,175.1199951172,175.8999938965,162.7583465576,5802300
2024-10-16,175.0099945068,175.3300018311,173.6300048828,174.4799957275,161.4444427490,4400900
2024-10-17,174.3800048828,175.4700012207,173.6999969482,174.6699981689,161.6202392578,4125900
2024-10-18,172.3000030518,175.3300018311,172.1199951172,175.0599975586,161.9811096191,5097000
2024-10-21,174.4600067139,177.5000000000,174.3500061035,175.0099945068,161.9348297119,6436300
2024-10-22,174.5099945068,174.9499969482,173.5099945068,174.3699951172,161.3426513672,3790500
2024-10-23,173.6999969482,173.8399963379,172.4700012207,172.9499969482,160.0287322998,3800700
2024-10-24,172.9199981689,173.5399932861,171.6999969482,172.1600036621,159.2977752686,4244900
2024-10-25,172.4700012207,174.0000000000,171.6000061035,171.7899932861,158.9553985596,4442600
2024-10-28,172.9799957275,172.9799957275,169.7299957275,169.8399963379,157.1510772705,5186400
2024-10-29,169.1999969482,169.1999969482,166.9700012207,167.5000000000,154.9859161377,5127900
2024-10-30,167.0000000000,167.6399993896,166.0800018311,166.2100067139,153.7923126221,4801500
2024-10-31,166.1000061035,167.5000000000,165.8099975586,166.0800018311,153.6719970703,5582400
2024-11-01,166.0899963379,166.2500000000,165.2100067139,165.5899963379,153.2186279297,6339000
2024-11-04,165.5899963379,166.6499938965,165.1900024414,166.3399963379,153.9125976562,4885500
2024-11-05,165.9499969482,167.9600067139,165.6699981689,167.8500061035,155.3097839355,3678300
2024-11-06,167.3699951172,167.4100036621,163.6000061035,164.7100067139,152.4043426514,7849300
2024-11-07,164.5000000000,164.8999938965,163.4700012207,164.0000000000,151.7473907471,5333500
2024-11-08,163.8399963379,165.8200073242,163.6499938965,165.1100006104,152.7744750977,4618300
2024-11-11,164.4100036621,166.1499938965,163.9799957275,164.2599945068,151.9879760742,3762000
2024-11-12,164.0899963379,165.0000000000,163.1499938965,164.3399963379,152.0619812012,5386600
2024-11-13,163.4900054932,164.8000030518,162.3699951172,164.7400054932,152.4321441650,4145000
2024-11-14,164.7400054932,166.8899993896,163.8300018311,165.1499938965,152.8114929199,5422700
2024-11-15,164.3800048828,164.3800048828,158.0500030518,158.6199951172,146.7693481445,9108900
2024-11-18,159.4100036621,159.8500061035,157.7599945068,158.3300018311,146.5010070801,6991300
2024-11-19,157.7500000000,157.8699951172,155.8500061035,156.7200012207,145.0113067627,8248900
2024-11-20,156.4499969482,159.1100006104,156.1999969482,158.7400054932,146.8804016113,5067300
2024-11-21,158.3899993896,160.5000000000,157.9499969482,160.3399963379,148.3608398438,5977000
2024-11-22,160.8999938965,162.0599975586,159.8899993896,162.0000000000,149.8968505859,5846300
2024-11-25,162.6999969482,163.5899963379,162.0000000000,163.0500030518,150.8684082031,8580400
2024-11-26,163.2700042725,163.6799926758,161.8999938965,162.1600036621,150.0448608398,4653600
2024-11-27,161.9400024414,165.1300048828,161.6799926758,162.7200012207,150.5630340576,3622900
2024-11-29,161.4299926758,163.5899963379,160.9499969482,163.4499969482,151.2384796143,2799300
2024-12-02,163.3200073242,163.6499938965,161.7599945068,163.0500030518,150.8684082031,4967400
2024-12-03,162.8399963379,163.0500030518,161.4199981689,161.6999969482,149.6192626953,4277400
2024-12-04,160.6000061035,161.0299987793,159.4100036621,160.1799926758,148.2127838135,6964600
2024-12-05,160.9299926758,161.0099945068,158.8300018311,160.4900054932,148.4996490479,5229600
2024-12-06,159.3500061035,160.8000030518,157.6900024414,157.7899932861,147.2445373535,8359200
2024-12-09,157.9100036621,161.5000000000,157.1399993896,159.4700012207,148.8122253418,8380400
2024-12-10,159.0000000000,160.4199981689,157.3500061035,159.8399963379,149.1575317383,5329400
2024-12-11,160.2100067139,160.5099945068,156.2599945068,156.7700042725,146.2927093506,7925900
2024-12-12,159.0899963379,159.3999938965,157.9700012207,158.8999938965,148.2803192139,6849500
2024-12-13,157.5299987793,159.5700073242,157.0599975586,157.9700012207,147.4125061035,4353900
2024-12-16,157.8500061035,158.8200073242,155.8800048828,156.0200042725,145.5928344727,6696500
2024-12-17,155.7400054932,158.5000000000,155.2400054932,156.1399993896,145.7048034668,6572600
2024-12-18,155.0299987793,155.8300018311,154.1100006104,154.4299926758,144.1090698242,7620900
2024-12-19,153.0899963379,154.0800018311,151.4100036621,151.4700012207,141.3469085693,9829500
2024-12-20,150.8600006104,153.4900054932,150.5099945068,152.7899932861,142.5786895752,19205200
2024-12-23,152.4100036621,152.4100036621,149.7100067139,151.2899932861,141.1789245605,6822200
2024-12-24,150.5000000000,152.8300018311,150.4100036621,152.8099975586,142.5973510742,3399800
2024-12-26,152.5299987793,153.1799926758,152.2400054932,152.4400024414,142.2520751953,5528500
2024-12-27,151.2899932861,153.4700012207,151.2599945068,152.8899993896,142.6720123291,4287000
2024-12-30,152.6600036621,153.0899963379,151.0899963379,151.7200012207,141.5802307129,5397000
2024-12-31,151.8000030518,153.1499938965,150.9400024414,152.0599975586,141.8974761963,4274800
2025-01-02,152.8800048828,153.6600036621,149.8899993896,150.2100067139,140.1711273193,4970200
2025-01-03,150.9600067139,150.9600067139,149.5599975586,149.6499938965,139.6485290527,5218100
2025-01-06,149.6000061035,149.9499969482,146.1000061035,146.2700042725,136.4944458008,9470600
2025-01-07,146.4600067139,147.9700012207,145.3399963379,145.3999938965,135.6825561523,7473300
2025-01-08,145.3999938965,146.6699981689,144.5599975586,146.5399932861,136.7463989258,6791800
2025-01-10,145.0000000000,145.5700073242,141.5099945068,142.6399993896,133.1070404053,9632700
2025-01-13,142.7899932861,145.1399993896,142.1399993896,144.5000000000,134.8427429199,8101400
2025-01-14,144.1900024414,145.1399993896,143.5599975586,144.9499969482,135.2626647949,6996400
2025-01-15,145.4900054932,146.1999969482,144.1699981689,144.7799987793,135.1040039062,7141600
2025-01-16,144.0500030518,146.7899932861,143.6900024414,146.5399932861,136.7463989258,5068000
2025-01-17,147.7200012207,148.6199951172,147.1699981689,148.2500000000,138.3421173096,7338900
2025-01-21,148.3300018311,149.7799987793,147.7700042725,148.5500030518,138.6220550537,7456200
2025-01-22,148.2299957275,149.4499969482,147.7899932861,148.0899963379,138.1927795410,5905100
2025-01-23,148.4900054932,148.9400024414,146.6100006104,148.6199951172,138.6873779297,4759100
2025-01-24,148.8200073242,149.3099975586,148.1300048828,149.1199951172,139.1539764404,4509600
2025-01-27,150.9199981689,155.4700012207,150.8999938965,154.6100006104,144.2770690918,9820600
2025-01-28,154.1499938965,154.6100006104,150.1199951172,150.2500000000,140.2084655762,6349700
2025-01-29,151.1300048828,152.0000000000,150.2299957275,150.3699951172,140.3204193115,4874100
2025-01-30,151.2799987793,153.0800018311,150.6300048828,151.8999938965,141.7481536865,4671300
2025-01-31,150.7599945068,151.6900024414,150.2700042725,150.6900024414,140.6190643311,4905500
2025-02-03,149.7599945068,151.1300048828,148.8300018311,150.2700042725,140.2271118164,7196200
2025-02-04,146.1000061035,147.7500000000,143.0000000000,143.4900054932,133.9002227783,12804900
2025-02-05,143.3899993896,145.7899932861,142.6999969482,145.6600036621,135.9252014160,9248100
2025-02-06,146.2599945068,146.8999938965,143.9600067139,145.3500061035,135.6359100342,5604900
2025-02-07,145.0099945068,145.1499938965,143.8999938965,144.5800018311,134.9173583984,5872300
2025-02-10,144.3500061035,144.5200042725,143.0099945068,144.3500061035,134.7027587891,8715400
2025-02-11,144.3699951172,145.7200012207,143.3999938965,145.6399993896,135.9065399170,6354000
2025-02-12,144.0399932861,144.7799987793,143.0299987793,143.9900054932,134.3668212891,6658200
2025-02-13,144.2299957275,144.9400024414,143.6000061035,144.5800018311,134.9173583984,7175300
2025-02-14,144.6699981689,146.1699981689,143.3300018311,143.3899993896,133.8069000244,5001800
2025-02-18,142.8999938965,144.1499938965,141.6000061035,144.1000061035,134.4694671631,8738700
2025-02-19,144.2299957275,145.9299926758,144.1499938965,145.8099975586,136.0651702881,5777300
2025-02-20,145.1100006104,149.1900024414,145.0000000000,149.1000061035,139.1352996826,6789800
2025-02-21,149.9900054932,154.5500030518,148.8999938965,153.5000000000,143.2412261963,10604400
2025-02-24,152.3399963379,156.3200073242,152.1199951172,153.8500061035,143.5678558350,7187000
2025-02-25,154.7899932861,158.4600067139,154.0000000000,156.4199981689,145.9660797119,9474600
2025-02-26,155.5700073242,155.6100006104,151.1399993896,151.5099945068,141.3842315674,9076500
2025-02-27,150.8999938965,152.6900024414,149.9299926758,152.0200042725,141.8601684570,6731000
2025-02-28,153.6999969482,155.1000061035,152.3500061035,153.4700012207,143.2132263184,8455500
2025-03-03,151.3500061035,156.1499938965,150.5000000000,155.9900054932,145.5648345947,8321700
2025-03-04,157.3399963379,160.1499938965,153.9600067139,154.1900024414,143.8851165771,10274200
2025-03-05,152.9299926758,155.3399963379,152.7299957275,153.8800048828,143.5958404541,5578700
2025-03-06,154.1699981689,154.9700012207,152.5299987793,154.6100006104,144.2770690918,8421000
2025-03-07,153.2500000000,157.5899963379,152.7700042725,154.4400024414,145.3926239014,8997700
2025-03-10,155.8800048828,160.0800018311,155.3699951172,156.2500000000,147.0966033936,11156900
2025-03-11,155.7899932861,156.0500030518,151.8099975586,152.3300018311,143.4062500000,7981600
2025-03-12,147.5399932861,149.5299987793,146.5099945068,148.1699981689,139.4899291992,8330200
2025-03-13,148.3699951172,150.4799957275,148.0599975586,148.3399963379,139.6499633789,5351100
2025-03-14,147.1300048828,149.1600036621,147.0800018311,148.5899963379,139.8853302002,5277500
2025-03-17,149.2299957275,151.6699981689,149.1300048828,151.3399963379,142.4742431641,5449500
2025-03-18,150.0000000000,151.3000030518,148.7500000000,148.9900054932,140.2619018555,8158600
2025-03-19,148.1600036621,148.8800048828,146.7899932861,148.1100006104,139.4334716797,6080100
2025-03-20,147.5599975586,148.0700073242,146.6399993896,147.1499938965,138.5297088623,4536400
2025-03-21,147.0000000000,147.6999969482,144.7500000000,145.4499969482,136.9292602539,11574800
2025-03-24,145.4900054932,146.7200012207,144.8300018311,146.4499969482,137.8706970215,5968900
2025-03-25,146.1499938965,146.3000030518,144.8300018311,145.5399932861,137.0139923096,4763300
2025-03-26,146.0000000000,149.3300018311,145.7500000000,148.6399993896,139.9324035645,5882200
2025-03-27,149.5899963379,150.4100036621,149.0899963379,149.6699981689,140.9020690918,5397500
2025-03-28,150.4400024414,151.3800048828,147.1100006104,149.2700042725,140.5254974365,8550900
2025-03-31,150.1999969482,152.5899963379,149.7500000000,149.9400024414,141.1562652588,9985700
2025-04-01,150.4900054932,150.7899932861,148.6699981689,149.6699981689,140.9020690918,6072800
2025-04-02,150.2299957275,150.5000000000,148.0700073242,149.1199951172,140.3842926025,5866200
2025-04-03,151.6900024414,154.0500030518,150.8600006104,151.3699951172,142.5024871826,8216200
2025-04-04,152.9900054932,154.9199981689,146.4400024414,146.6100006104,138.0213165283,12911400
2025-04-07,141.3200073242,146.1000061035,140.6699981689,143.1900024414,134.8016662598,14423200
2025-04-08,143.9499969482,145.3999938965,139.1499938965,140.3000030518,132.0809936523,9488900
2025-04-09,140.2500000000,145.9499969482,138.3300018311,145.5899963379,137.0610809326,14067000
2025-04-10,145.4199981689,147.1399993896,142.9199981689,144.1399993896,135.6960144043,10980300
2025-04-11,145.1499938965,145.2899932861,142.1199951172,144.4299926758,135.9690246582,8563300
2025-04-14,144.1600036621,147.1799926758,143.5000000000,146.7500000000,138.1531219482,5393800
2025-04-15,145.8399963379,145.9799957275,142.6300048828,142.8399963379,134.4721679688,5459600
2025-04-16,144.1100006104,144.3999938965,139.7700042725,140.0899963379,131.8832855225,7878600
2025-04-17,140.3399963379,143.5700073242,140.0700073242,142.8399963379,134.4721679688,6131400
2025-04-21,142.5000000000,142.8300018311,140.5700073242,141.7299957275,133.4272003174,7412800
2025-04-22,142.2799987793,144.2799987793,141.9499969482,143.4600067139,135.0558624268,7144700
2025-04-23,143.2700042725,144.0099945068,140.8500061035,142.2599945068,133.9261627197,7760000
2025-04-24,141.4499969482,141.8500061035,134.5299987793,135.3099975586,127.3833007812,15577300
2025-04-25,135.4700012207,135.6100006104,131.8000030518,133.3800048828,125.5663833618,11544700
2025-04-28,133.8999938965,135.4100036621,133.1000061035,133.7599945068,125.9241104126,8498600
2025-04-29,132.4799957275,134.4600067139,131.5200042725,134.3099975586,126.4418869019,7010700
2025-04-30,135.6300048828,136.1799926758,133.1000061035,135.5800018311,127.6374816895,7923500
2025-05-01,134.4700012207,134.8099975586,133.2400054932,133.5500030518,125.7264099121,6807000
2025-05-02,134.1499938965,134.3999938965,133.1499938965,133.7500000000,125.9146804810,7169700
2025-05-05,134.0399932861,134.0399932861,131.6999969482,131.9900054932,124.2578125000,8972200
2025-05-06,131.8999938965,131.8999938965,130.1600036621,130.7400054932,123.0810165405,6889900
2025-05-07,130.9499969482,132.6699981689,130.2700042725,131.9199981689,124.1918945312,6313200
2025-05-08,131.8899993896,132.9799957275,131.2599945068,131.4299926758,123.7305984497,6392400
2025-05-09,131.1499938965,131.6499938965,130.1799926758,130.4400024414,122.7985992432,4770500
2025-05-12,130.8399963379,132.3300018311,130.0599975586,131.6799926758,123.9659500122,8392700
2025-05-13,131.1699981689,131.6399993896,129.7500000000,130.3099975586,122.6762008667,8650200
2025-05-14,130.0700073242,130.1699981689,127.8700027466,128.4499969482,120.9251785278,10463000
2025-05-15,129.1900024414,131.5500030518,128.8099975586,131.5000000000,123.7964935303,9165100
2025-05-16,132.0899963379,132.2599945068,130.6499938965,131.9799957275,124.2483749390,8896400
2025-05-19,132.1300048828,132.2599945068,131.1100006104,131.7899932861,124.0695114136,9406200
2025-05-20,131.7500000000,132.1699981689,131.3500061035,131.8000030518,124.0789260864,7624200
2025-05-21,131.8000030518,131.8999938965,130.0599975586,130.1499938965,122.5255661011,9243700
2025-05-22,130.0200042725,130.6999969482,128.8200073242,130.1199951172,122.4973449707,7140200
2025-05-23,129.5599975586,129.7599945068,127.7500000000,129.3399963379,121.7630310059,8122500
2025-05-27,130.0800018311,131.4600067139,129.1300048828,131.3699951172,123.6741027832,13974800
2025-05-28,131.2899932861,132.1900024414,130.4700012207,130.6699981689,123.0151214600,9431500
2025-05-29,130.8600006104,132.0700073242,130.2500000000,131.9199981689,124.1918945312,6656900
2025-05-30,132.1499938965,132.7200012207,131.2899932861,131.4499969482,123.7494277954,12992100
2025-06-02,130.8999938965,131.0299987793,129.0700073242,130.9100036621,123.2410583496,6723700
2025-06-03,130.6300048828,132.2100067139,129.8099975586,131.8500061035,124.1260147095,7339500
2025-06-04,132.2400054932,132.7400054932,131.1000061035,131.7400054932,124.0224456787,6519700
2025-06-05,131.1999969482,131.4100036621,130.2100067139,131.1100006104,123.4293441772,9560800
2025-06-06,130.2500000000,130.6699981689,129.3399963379,130.0299987793,123.7557907104,7628200
2025-06-09,129.8300018311,130.6499938965,129.1799926758,129.9600067139,123.6891860962,8453100
2025-06-10,130.1999969482,132.1199951172,129.4600067139,131.8300018311,125.4689407349,11852900
2025-06-11,131.9400024414,131.9700012207,129.7899932861,129.8999938965,123.6320571899,9168400
2025-06-12,129.8899993896,132.3300018311,129.7100067139,132.3000030518,125.9162673950,11444900
2025-06-13,131.7599945068,133.0599975586,130.5899963379,130.8500061035,124.5362319946,9581000
2025-06-16,131.3099975586,132.0899963379,130.2299957275,131.4100036621,125.0692062378,11183700
2025-06-17,131.1600036621,131.6900024414,129.1300048828,129.2899932861,123.0514984131,10235200
2025-06-18,129.6300048828,129.6799926758,128.5899963379,129.0700073242,122.8421249390,8785800
2025-06-20,129.5299987793,130.4199981689,128.8999938965,129.0700073242,122.8421249390,23001000
2025-06-23,129.2899932861,129.5000000000,127.8199996948,129.0899963379,122.8611450195,12840400
2025-06-24,129.1399993896,131.2100067139,129.0500030518,131.0500030518,124.7265777588,9226800
2025-06-25,130.2599945068,130.5899963379,127.6299972534,128.0200042725,121.8427810669,10922600
2025-06-26,127.7099990845,129.1600036621,127.5999984741,128.2200012207,122.0331344604,11538100
2025-06-27,128.2899932861,131.3399963379,128.1100006104,131.0399932861,124.7170562744,26536500
2025-06-30,131.1999969482,132.3600006104,130.5899963379,132.0399932861,125.6688003540,11402400
2025-07-01,132.5899963379,136.3899993896,132.4700012207,135.2599945068,128.7334289551,12846700
2025-07-02,135.2500000000,137.0000000000,134.8800048828,136.4799957275,129.8945465088,9388700
2025-07-03,136.6999969482,136.8300018311,135.2400054932,135.3800048828,128.8476409912,4941400
2025-07-07,135.5299987793,135.7200012207,133.6799926758,134.4499969482,127.9625244141,7773700
2025-07-08,133.4100036621,135.6699981689,133.2799987793,135.0399932861,128.5240631104,7718300
2025-07-09,134.8999938965,135.3800048828,132.9600067139,134.4799957275,127.9910736084,7762600
2025-07-10,134.4299926758,136.6799926758,133.6300048828,136.0800018311,129.5138702393,8869700
2025-07-11,134.8399963379,135.3899993896,133.8099975586,135.2599945068,128.7334289551,7963600
2025-07-14,134.7500000000,135.8800048828,133.8600006104,135.5700073242,129.0284881592,8480300
2025-07-15,135.4299926758,135.5099945068,133.7500000000,133.8099975586,127.3534011841,8933500
2025-07-16,133.9499969482,135.5099945068,133.7500000000,135.3500061035,128.8191070557,10941600
2025-07-17,141.6999969482,145.9600067139,141.6399993896,145.4400024414,138.4222259521,26161000
2025-07-18,146.2599945068,146.3500061035,142.9400024414,143.2400054932,136.3283996582,13752800
2025-07-21,143.1000061035,143.5899963379,140.4600067139,141.6999969482,134.8626861572,9025600
2025-07-22,141.2299957275,146.3999938965,141.2299957275,146.0399932861,138.9932708740,8281500
2025-07-23,145.8600006104,147.0299987793,145.0899963379,145.6600036621,138.6316223145,6166000
2025-07-24,145.8200073242,146.4700012207,143.9799957275,144.5099945068,137.5371246338,9749400
2025-07-25,144.8099975586,144.8200073242,142.6999969482,143.4499969482,136.5282592773,7021600
2025-07-28,142.6999969482,143.1000061035,141.4600067139,141.5700073242,134.7389831543,10639100
2025-07-29,141.5700073242,143.9900054932,141.1300048828,143.8899993896,136.9470367432,6282900
2025-07-30,143.7700042725,144.3999938965,142.2899932861,142.8600006104,135.9667205811,9738400
2025-07-31,140.9799957275,141.5700073242,137.6399993896,137.9199981689,131.2650756836,11689700
2025-08-01,139.1000061035,139.8099975586,138.2899932861,139.2799987793,132.5594635010,7630500
2025-08-04,139.2899932861,140.3200073242,138.7500000000,139.5599975586,132.8259429932,8384700
2025-08-05,139.6000061035,140.3500061035,139.2599945068,139.4499969482,132.7212524414,5535100
2025-08-06,139.8999938965,141.5800018311,139.3600006104,140.8000030518,134.0061187744,6747400
2025-08-07,141.2400054932,144.3099975586,140.4799957275,143.9199981689,136.9755706787,7674600
2025-08-08,143.9199981689,145.3699951172,143.8000030518,145.2100067139,138.2033233643,5315100
2025-08-11,145.3200073242,145.6000061035,143.7500000000,144.8699951172,137.8797302246,5773400
2025-08-12,145.5500030518,147.0099945068,144.7200012207,146.8699951172,139.7832031250,7668700
2025-08-13,146.8899993896,149.5399932861,146.8500061035,149.3500061035,142.1435699463,6147000
2025-08-14,149.0399932861,149.5000000000,148.0500030518,148.6199951172,141.4487915039,6892500
2025-08-15,149.3899993896,151.1000061035,148.4900054932,150.3999938965,143.1428985596,9162200
2025-08-18,150.5500030518,150.5500030518,148.9199981689,149.5500030518,142.3339080811,9901000
2025-08-19,150.0000000000,152.3200073242,149.8600006104,152.1600036621,144.8179779053,8596900
2025-08-20,153.2100067139,154.6100006104,148.6900024414,150.7299957275,143.4569702148,10023500
2025-08-21,150.3200073242,150.3200073242,148.6000061035,148.9799957275,141.7914123535,8153600
2025-08-22,149.6499938965,151.1799926758,149.0899963379,149.6399993896,142.4195556641,5218000
2025-08-25,148.4299926758,148.8200073242,147.5800018311,148.1999969482,141.0490570068,6624300
2025-08-26,147.5000000000,148.2500000000,145.8099975586,147.0000000000,139.9069671631,11208100
2025-08-27,147.0000000000,147.7899932861,146.3099975586,147.6399993896,140.5160827637,8092900
2025-08-28,147.9600067139,148.0399932861,146.2299957275,146.9799957275,139.8879241943,9265100
2025-08-29,147.1000061035,149.2200012207,146.8699951172,148.6499938965,141.4773254395,7760700
2025-09-02,157.4400024414,157.8000030518,150.2100067139,150.2799987793,143.0286865234,17348600
2025-09-03,149.9499969482,150.4600067139,147.1100006104,148.6399993896,141.4678192139,11259200
2025-09-04,149.0200042725,149.4700012207,146.4499969482,146.8899993896,139.8022766113,6342200
2025-09-05,146.0000000000,147.8800048828,145.2799987793,146.3899993896,140.6893310547,7186300
2025-09-08,145.7200012207,145.7200012207,140.3500061035,141.7100067139,136.1915740967,11127600
2025-09-09,141.1799926758,143.6300048828,141.1000061035,143.1000061035,137.5274505615,5866400
2025-09-10,142.2299957275,143.1100006104,141.4199981689,142.6600036621,137.1045989990,6015100
2025-09-11,142.8899993896,144.7500000000,142.5000000000,144.2299957275,138.6134338379,6144400
2025-09-12,144.0700073242,144.2500000000,142.8999938965,143.5299987793,137.9406890869,5713700
2025-09-15,143.3999938965,143.5299987793,140.5299987793,140.6399993896,135.1632537842,7279600
2025-09-16,140.6900024414,141.3099975586,139.9100036621,140.0299987793,134.5769958496,9283500
2025-09-17,140.1699981689,142.0399932861,140.1499938965,141.2299957275,135.7302703857,6092900
2025-09-18,140.6399993896,141.6300048828,140.3899993896,140.7299957275,135.2497406006,6106600
2025-09-19,141.4600067139,142.0800018311,140.4600067139,141.7599945068,136.2396240234,12365500
2025-09-22,141.0800018311,141.5200042725,139.9400024414,141.0299987793,135.5380401611,5797600
2025-09-23,141.0399932861,142.2299957275,139.9600067139,141.8999938965,136.3741760254,6356500
2025-09-24,141.8099975586,142.3399963379,141.0099945068,142.1699981689,136.6336517334,5949100
2025-09-25,143.0000000000,143.4199981689,139.8600006104,139.9199981689,134.4712829590,7101700
2025-09-26,139.9400024414,140.9900054932,139.8500061035,140.4400024414,134.9710388184,6224700
2025-09-29,140.4400024414,140.6699981689,139.1199951172,140.1699981689,134.7115478516,11930200
2025-09-30,140.1699981689,141.0299987793,139.8300018311,140.4400024414,134.9710388184,7583400
2025-10-01,140.8099975586,143.3699951172,140.4799957275,143.1399993896,137.5659027100,5880800
2025-10-02,141.8899993896,143.2500000000,141.3699951172,142.3099975586,136.7682037354,4497300
2025-10-03,142.2599945068,143.3600006104,141.8600006104,141.9799957275,136.4510498047,5425700
2025-10-06,141.7700042725,141.8500061035,138.8800048828,139.6999969482,134.2598266602,6750700
2025-10-07,140.3699951172,141.8399963379,139.6900024414,140.7899932861,135.3073883057,6110300
2025-10-08,140.7899932861,140.9799957275,138.6900024414,138.8399963379,133.4333190918,8256700
2025-10-09,140.4600067139,144.7400054932,138.5899963379,144.7100067139,139.0747528076,13706600
2025-10-10,145.6300048828,150.8200073242,145.0000000000,150.0800018311,144.2356414795,17545200
2025-10-13,148.6499938965,149.9799957275,147.3399963379,148.8899993896,143.0919799805,7272000
2025-10-14,148.6900024414,151.6199951172,148.5000000000,151.5399932861,145.6387786865,8371100
2025-10-15,151.3300018311,152.3899993896,149.1699981689,151.1600036621,145.2735748291,6101100
2025-10-16,152.3800048828,154.3800048828,152.2899932861,152.6699981689,146.7247619629,8532900
2025-10-17,153.7700042725,153.9100036621,151.7400054932,153.7100067139,147.7242736816,6710100
2025-10-20,154.4199981689,154.4199981689,152.7200012207,153.6399993896,147.6569976807,4810600
2025-10-21,154.6999969482,155.1900024414,152.8399963379,153.1799926758,147.2149047852,5614300
2025-10-22,153.1499938965,155.1799926758,152.7100067139,153.0299987793,147.0707550049,6486000
2025-10-23,153.1699981689,153.3999938965,151.0299987793,151.5099945068,145.6099548340,6091800
2025-10-24,152.0399932861,152.4199981689,151.2700042725,151.5500030518,145.6483764648,3580200
2025-10-27,151.0099945068,152.8699951172,150.9600067139,152.6300048828,146.6863403320,4744600
2025-10-28,151.4100036621,153.2100067139,149.9199981689,150.1199951172,144.2740631104,5626500
2025-10-29,148.0500030518,148.6600036621,143.6699981689,146.1600036621,140.4682922363,7767600
2025-10-30,146.3399963379,148.0899963379,146.2500000000,147.5500030518,141.8041534424,5752700
2025-10-31,146.1999969482,147.0000000000,145.3000030518,146.0899963379,140.4010162354,6313600
2025-11-03,145.8600006104,145.9100036621,143.2500000000,143.6000061035,138.0079650879,8331500
2025-11-04,144.6999969482,144.9299926758,142.0599975586,142.8999938965,137.3352203369,8302900
2025-11-05,142.8999938965,143.2799987793,141.5800018311,142.8600006104,137.2967834473,7136400
2025-11-06,142.4100036621,143.2100067139,141.3000030518,141.5800018311,136.0666198730,6449400
2025-11-07,142.9299926758,144.0500030518,141.6499938965,142.9499969482,137.3832702637,7592300
2025-11-10,142.4900054932,143.0200042725,141.2599945068,142.6199951172,137.0661315918,6617500
2025-11-11,143.2799987793,145.7599945068,142.6799926758,145.0800018311,139.4303283691,7683600
2025-11-12,144.5599975586,145.5000000000,144.0599975586,144.3899993896,138.7672119141,5790100
2025-11-13,144.1000061035,146.3899993896,143.6499938965,145.0200042725,139.3726806641,6663300
2025-11-14,145.8899993896,146.8399963379,143.9299926758,145.8500061035,140.1703643799,5770500
2025-11-17,146.1199951172,148.1100006104,145.2200012207,147.8300018311,142.0732421875,7320200
2025-11-18,148.3000030518,149.8300018311,147.4499969482,148.7700042725,142.9766540527,10821500
2025-11-19,148.3000030518,148.8000030518,146.6900024414,147.1100006104,141.3812866211,8123200
2025-11-20,146.6000061035,147.0800018311,144.8999938965,146.1000061035,140.4106140137,6878900
2025-11-21,146.2799987793,148.9400024414,145.9799957275,146.3300018311,140.6316680908,7911800
2025-11-24,145.8300018311,146.3399963379,144.7599945068,145.5000000000,139.8339843750,9391400
2025-11-25,145.9299926758,147.1199951172,145.5700073242,146.1100006104,140.4202117920,8954000
2025-11-26,146.3200073242,148.4700012207,146.2299957275,147.9799957275,142.2174072266,5180600
2025-11-28,147.2299957275,148.8200073242,147.2299957275,148.7400054932,142.9478149414,2969300
2025-12-01,148.6300048828,149.8200073242,148.5099945068,149.5099945068,143.6878204346,7623300
2025-12-02,149.4600067139,149.5099945068,146.5299987793,148.6100006104,142.8228759766,6830300
2025-12-03,148.6900024414,150.6999969482,147.9100036621,148.0599975586,142.2942810059,5109200
2025-12-04,147.7500000000,148.2500000000,146.1300048828,146.9100036621,141.1890869141,6803000
2025-12-05,145.6199951172,145.8000030518,144.5099945068,145.0200042725,140.7358703613,5971300
2025-12-08,145.0099945068,146.5599975586,144.1999969482,145.6300048828,141.3278656006,6327400
2025-12-09,146.3500061035,147.5599975586,143.9100036621,144.6399993896,140.3670806885,10035200
2025-12-10,147.7700042725,149.7799987793,147.0000000000,149.6999969482,145.2776184082,18526400
2025-12-11,150.1499938965,150.8899993896,148.1300048828,149.0399932861,144.6371154785,7854000
2025-12-12,149.7500000000,150.6699981689,148.7400054932,150.6499938965,146.1995544434,8143100
2025-12-15,150.9400024414,151.6999969482,150.2799987793,151.2200012207,146.7527160645,8409600
2025-12-16,151.9900054932,152.3500061035,149.9900054932,150.3699951172,145.9278106689,7520300
2025-12-17,150.3800048828,151.2400054932,149.4799957275,150.0800018311,145.6463928223,8067100
2025-12-18,149.8000030518,150.3699951172,149.2500000000,149.3699951172,144.9573822021,6643200
2025-12-19,149.1499938965,149.8899993896,147.8999938965,148.1600036621,143.7831268311,17543500
2025-12-22,147.5299987793,148.9799957275,146.4100036621,147.0500030518,142.7059173584,8818700
2025-12-23,147.1900024414,147.1900024414,143.5599975586,143.6799926758,139.4354705811,7254800
2025-12-24,143.7899932861,143.9900054932,142.9499969482,143.7400054932,139.4936981201,2618700
2025-12-26,143.5599975586,143.9400024414,143.0899963379,143.7799987793,139.5325164795,4975500
2025-12-29,143.7400054932,145.0500030518,143.6000061035,144.2400054932,139.9789276123,7201900
2025-12-30,143.9700012207,145.2700042725,143.9199981689,144.1600036621,139.9012908936,4713800
2025-12-31,143.8300018311,144.0299987793,143.1600036621,143.5200042725,139.2801818848,4380300
2026-01-02,143.2200012207,143.4100036621,142.1000061035,142.2299957275,138.0282897949,7182100
2026-01-05,141.6600036621,141.8099975586,139.3999938965,139.9199981689,135.7865447998,9031400
2026-01-06,139.6799926758,140.0599975586,138.5700073242,138.9600067139,134.8549194336,9576500
2026-01-07,139.2200012207,139.8300018311,136.9600067139,137.0099945068,132.9624938965,8539800
2026-01-08,136.5700073242,139.4799957275,136.0099945068,139.3699951172,135.2527770996,8762800
2026-01-09,139.4400024414,140.7899932861,138.6999969482,139.9100036621,135.7768249512,6767600
2026-01-12,139.9100036621,141.5099945068,138.5599975586,141.3600006104,137.1840057373,12223400
2026-01-13,141.1000061035,143.6499938965,141.0399932861,143.4799957275,139.2413787842,9030200
2026-01-14,143.1399993896,146.3000030518,143.1399993896,145.9199981689,141.6092987061,8329500
2026-01-15,146.0599975586,147.0200042725,145.5299987793,146.5700073242,142.2400817871,5797800
2026-01-16,147.1600036621,147.5500030518,145.5099945068,146.3200073242,141.9974822998,10313500
2026-01-20,146.2200012207,147.6600036621,144.3200073242,147.6600036621,143.2978973389,9982800
2026-01-21,147.0500030518,148.0099945068,144.9400024414,146.7400054932,142.4050750732,7679600
2026-01-22,146.6799926758,147.1300048828,144.1699981689,144.3999938965,140.1342010498,8167400
2026-01-23,143.8600006104,144.8399963379,143.0599975586,144.5800018311,140.3088684082,5870100
2026-01-26,144.8000030518,145.9199981689,144.1399993896,145.8699951172,141.5607757568,6589600
2026-01-27,145.7500000000,148.8200073242,145.3300018311,148.7799987793,144.3848114014,7114900
2026-01-28,148.4100036621,150.0399932861,147.7599945068,148.5000000000,144.1130676270,5954100
2026-01-29,148.8399963379,150.8600006104,148.4400024414,148.6900024414,144.2974548340,9062300
2026-01-30,149.0099945068,153.8899993896,148.5899963379,153.6300048828,149.0915222168,12641300
2026-02-02,154.0599975586,156.6199951172,153.1900024414,155.1999969482,150.6151428223,14660500
2026-02-03,156.6000061035,163.4400024414,155.5000000000,162.8500061035,158.0391540527,19096400
2026-02-04,164.8899993896,167.9400024414,164.1699981689,166.1799926758,161.2707672119,13322900
2026-02-05,166.5099945068,168.0099945068,165.2500000000,167.5299987793,162.5808868408,11038800
2026-02-06,167.4499969482,170.7500000000,167.2599945068,170.4900054932,165.4534454346,10960400
2026-02-09,169.5000000000,169.9299926758,164.9400024414,166.4700012207,161.5522155762,10316200
2026-02-10,165.7500000000,167.4100036621,163.7400054932,166.9700012207,162.0374450684,10352500
2026-02-11,167.6499938965,170.2700042725,166.0200042725,169.1499938965,164.1530456543,6733400
2026-02-12,169.7599945068,171.4799957275,167.0899963379,167.1999969482,162.2606353760,9516300
2026-02-13,167.1999969482,167.8800048828,165.0000000000,165.9400024414,161.0378723145,9286100
2026-02-17,166.1199951172,167.5399932861,160.8099975586,161.9199981689,157.1366271973,8749800
2026-02-18,161.7899932861,164.5299987793,160.6300048828,164.3899993896,159.5336608887,7239800
2026-02-19,164.3899993896,165.0500030518,163.1300048828,164.5899963379,159.7277374268,6155800
2026-02-20,164.6499938965,164.9700012207,163.0200042725,164.9400024414,160.0674133301,4811800
2026-02-23,164.4900054932,168.8099975586,164.2400054932,168.3200073242,163.3475646973,6801600
2026-02-24,168.2299957275,169.7899932861,167.7700042725,169.5399932861,164.5315093994,6319800
2026-02-25,168.6100006104,169.5000000000,166.0000000000,169.1699981689,164.1724395752,6832700
2026-02-26,169.6300048828,170.0599975586,167.1600036621,167.5800018311,162.6294097900,7219300
2026-02-27,168.3800048828,170.2799987793,167.8200073242,169.7400054932,164.7256164551,10585200
2026-03-02,169.0500030518,169.5399932861,167.1399993896,167.2799987793,162.3382720947,7264000
2026-03-03,166.5399932861,167.2200012207,163.6699981689,164.9100036621,160.0382843018,6718100
2026-03-04,165.0399932861,165.9299926758,163.3699951172,163.9199981689,159.0775451660,6855400
2026-03-05,162.1600036621,163.3999938965,160.1600036621,160.6999969482,155.9526672363,7133700
2026-03-06,158.2500000000,159.5299987793,156.0899963379,159.4299926758,156.1024627686,5937900
2026-03-09,159.1699981689,162.4299926758,158.1000061035,161.5299987793,158.1586303711,6416000
2026-03-10,160.6999969482,162.8600006104,159.5899963379,160.7799987793,157.4243011475,5341300
2026-03-11,160.3099975586,160.9100036621,157.8899993896,160.1499938965,156.8074340820,4359700
2026-03-12,158.8699951172,161.5399932861,158.6900024414,158.8600006104,155.5443725586,6165600
2026-03-13,159.7799987793,161.5099945068,159.2400054932,159.8800048828,156.5430755615,4676800
2026-03-16,161.3600006104,161.5800018311,157.5399932861,157.7200012207,154.4281616211,4498700
2026-03-17,158.8300018311,159.1100006104,156.2899932861,156.5000000000,153.2336120605,5460200
2026-03-18,155.2500000000,156.1199951172,153.2899932861,153.5399932861,150.3354034424,5124400
2026-03-19,153.7500000000,154.6799926758,152.6600036621,152.7400054932,149.5521087646,5555500
2026-03-20,152.4499969482,153.4100036621,149.3399963379,150.0399932861,146.9084472656,14480700
2026-03-23,152.3000030518,152.3000030518,149.9400024414,150.8800048828,147.7309265137,6783000
2026-03-24,150.4499969482,152.5800018311,150.1999969482,150.5899963379,147.4469757080,5803700
2026-03-25,151.3000030518,151.8399963379,149.0299987793,151.7299957275,148.5631713867,4978500
2026-03-26,151.9299926758,153.1499938965,150.6699981689,150.8300018311,147.6819610596,5677100
2026-03-27,151.1399993896,154.5399932861,150.4700012207,153.0399932861,149.8458251953,6663600
2026-03-30,153.8200073242,158.3899993896,153.3699951172,156.8200073242,153.5469512939,10386800
2026-03-31,157.6699981689,157.6699981689,154.1699981689,155.2899932861,152.0488739014,8033800
2026-04-01,153.5500030518,155.1499938965,153.2599945068,154.6499938965,151.4222259521,5412600
2026-04-02,154.6600036621,157.0599975586,154.2200012207,157.0099945068,153.7329711914,5410000
2026-04-06,156.4100036621,156.8600006104,155.3999938965,156.7299957275,153.4588165283,3562500
2026-04-07,156.1799926758,156.5399932861,152.5700073242,153.2100067139,150.0122985840,5151100
2026-04-08,151.8800048828,154.8200073242,151.7500000000,154.8000030518,151.5691070557,6878500
2026-04-09,153.6999969482,158.0099945068,153.2500000000,157.4900054932,154.2029724121,4339400
2026-04-10,157.1600036621,157.7899932861,156.3300018311,157.0599975586,153.7819366455,4412700
2026-04-13,156.9900054932,157.0299987793,154.9499969482,155.8800048828,152.6265563965,5827800
2026-04-14,154.5099945068,156.6300048828,154.2899932861,155.7200012207,152.4698944092,5655800
2026-04-15,155.0200042725,155.7599945068,153.3399963379,154.8500061035,151.6180725098,7684800
2026-04-16,155.5399932861,159.7899932861,154.2599945068,158.3800048828,155.0743865967,10422100
2026-04-17,158.2599945068,160.0299987793,156.4700012207,157.6699981689,154.3791961670,7799900
2026-04-20,158.7400054932,158.8399963379,155.8399963379,156.9900054932,153.7134094238,5731000
2026-04-21,156.7400054932,157.0399932861,153.7299957275,154.9199981689,151.6865997314,6357300
2026-04-22,155.0800018311,157.2200012207,153.5500030518,153.7899932861,150.5801696777,5921300
2026-04-23,155.1600036621,156.6100006104,154.5700073242,155.6999969482,152.4503173828,6077600
2026-04-24,155.9299926758,156.2799987793,154.6600036621,155.4400024414,152.1957397461,5364900
2026-04-27,155.5299987793,156.6499938965,154.0000000000,154.1000061035,150.8837280273,4077000
2026-04-28,156.8000030518,158.1100006104,155.3200073242,156.2899932861,153.0279846191,5174300
2026-04-29,155.5899963379,156.4900054932,153.4799957275,155.2899932861,152.0488739014,4047600
2026-04-30,155.9799957275,159.0000000000,155.2799987793,158.4900054932,155.1820831299,7065100
2026-05-01,159.5500030518,160.0000000000,156.4299926758,157.4100036621,154.1246337891,4447300
2026-05-04,155.8999938965,156.7299957275,153.6699981689,154.5899963379,151.3634796143,5330800
2026-05-05,154.0500030518,156.3099975586,152.5399932861,155.0399932861,151.8040771484,6200100
2026-05-06,155.8000030518,156.9299926758,154.8699951172,155.9600067139,152.7048950195,5296600
2026-05-07,155.0099945068,157.3500061035,154.8800048828,156.2899932861,153.0279846191,4464000
2026-05-08,156.7500000000,157.3000030518,154.3800048828,154.6199951172,151.3928527832,4934400
2026-05-11,154.3899993896,154.6999969482,149.0599975586,149.4100036621,146.2916107178,8373300
2026-05-12,150.5399932861,152.7200012207,148.3600006104,151.8500061035,148.6806793213,6250700
2026-05-13,150.6900024414,153.2400054932,148.9600067139,149.2700042725,146.1545257568,5524900
2026-05-14,149.5000000000,149.9900054932,148.1499938965,148.6699981689,145.5670471191,5022200
2026-05-15,149.5599975586,150.1100006104,148.1900024414,149.1199951172,146.0076446533,6230600
2026-05-18,149.9900054932,150.1199951172,147.4799957275,149.0599975586,145.9489135742,8799400
2026-05-19,150.3000030518,152.5700073242,148.9700012207,150.3699951172,147.2315673828,10093900
2026-05-20,149.5700073242,150.6499938965,148.3899993896,149.2899932861,146.1741027832,7425800
2026-05-21,149.2899932861,149.6699981689,146.3800048828,148.8500061035,145.7433013916,6123100
2026-05-22,149.4100036621,150.8399963379,148.5399932861,150.5700073242,147.4273834229,7774400
2026-05-26,149.7100067139,150.2500000000,145.5000000000,145.6799926758,142.6394500732,9059200
2026-05-27,146.2700042725,148.9100036621,145.6999969482,147.7400054932,144.6564483643,7404500
2026-05-28,147.7700042725,148.6100006104,145.6199951172,146.2899932861,143.2367095947,7625200
2026-05-29,145.1399993896,146.7700042725,143.5500030518,144.1900024414,141.1805572510,12776400
2026-06-01,142.5899963379,144.1100006104,141.3200073242,141.5200042725,138.5662689209,8077300
2026-06-02,141.5399932861,142.8899993896,140.8099975586,142.0000000000,139.0362548828,7864700
2026-06-03,141.7899932861,143.6799926758,141.7700042725,142.5399932861,139.5649719238,6225100
2026-06-04,144.8600006104,145.6999969482,141.2100067139,142.1499938965,139.1831207275,8089800
2026-06-05,141.5599975586,144.3399963379,141.2100067139,141.9199981689,140.4199066162,13228700
2026-06-08,140.9199981689,141.8600006104,139.2599945068,140.6799926758,139.1930084229,8800500
2026-06-09,141.5299987793,144.3000030518,140.8500061035,142.7799987793,141.2708282471,10390200
2026-06-10,143.9499969482,145.4499969482,143.0000000000,144.3200073242,142.7945556641,11249200
2026-06-11,144.8600006104,145.3999938965,143.5700073242,143.7299957275,142.2107849121,8653900
2026-06-12,143.8000030518,144.3600006104,142.4100036621,144.2700042725,142.7450866699,6781700
2026-06-15,143.0200042725,146.7700042725,142.8099975586,146.2500000000,144.7041473389,8976400
2026-06-16,146.8699951172,147.6399993896,145.0299987793,146.1199951172,144.5755157471,9345200
2026-06-17,145.5099945068,145.8699951172,140.8500061035,141.5899963379,140.0933990479,10126600
2026-06-18,141.0500030518,142.7299957275,141.0399932861,142.0200042725,140.5188598633,19130300
2026-06-22,141.2799987793,142.4900054932,140.4799957275,140.7100067139,139.2227172852,10345000
2026-06-23,143.6799926758,143.6799926758,140.8699951172,142.0500030518,140.5485382080,7589000
2026-06-24,142.0200042725,143.7400054932,141.6699981689,142.2700042725,140.7662200928,8324100
2026-06-25,141.9900054932,143.1000061035,139.3699951172,139.5200042725,138.0452880859,7333300
2026-06-26,140.5200042725,142.1399993896,140.1999969482,141.3899993896,139.8955230713,9735700
2026-06-29,141.9700012207,142.3699951172,137.5299987793,138.6799926758,137.2141571045,10042400
2026-06-30,138.8099975586,139.1399993896,134.9400024414,135.3999938965,133.9688262939,14148300
2026-07-01,137.2100067139,141.3399963379,136.6100006104,141.1600036621,139.6679534912,9391700
2026-07-02,143.2400054932,144.7400054932,142.1600036621,144.2200012207,142.6956024170,13040200
2026-07-06,144.2400054932,144.6999969482,141.3800048828,143.2899932861,141.7754211426,9006600
2026-07-07,146.9900054932,149.0399932861,144.5399932861,144.9799957275,143.4475708008,9256700
2026-07-08,146.0000000000,146.0000000000,142.4400024414,142.5099945068,141.0036773682,8997900
2026-07-09,137.0899963379,138.7400054932,134.6900024414,137.8600006104,136.4028320312,18763700
2026-07-10,135.8600006104,137.9600067139,135.3099975586,137.3800048828,135.9279022217,9074900
2026-07-13,138.0200042725,140.2500000000,137.7500000000,138.4900054932,137.0261688232,6716300
2026-07-14,138.2500000000,138.7899932861,135.4100036621,135.4499969482,134.0182952881,8518600
2026-07-15,135.0899963379,136.9900054932,134.6499938965,135.3999938965,133.9688262939,8078300
2026-07-16,137.0399932861,139.6199951172,136.5000000000,139.4299926758,137.9562225342,7805600
2026-07-17,140.8899993896,141.9600067139,136.1799926758,137.1199951172,135.6706390381,8579300
2026-07-20,137.5700073242,137.5899963379,133.9499969482,135.4600067139,134.0281982422,8758700
2026-07-21,134.8999938965,135.3800048828,134.2700042725,135.0000000000,133.5730590820,7989500
2026-07-22,136.3600006104,136.3600006104,134.7200012207,135.6499938965,134.2161865234,6198700
2026-07-23,134.6999969482,135.3399963379,133.7299957275,134.9499969482,133.5235900879,7755700
2026-07-24,135.5299987793,137.1300048828,134.5700073242,136.6399993896,135.1957244873,7968300
2026-07-27,137.0700073242,140.3099975586,137.0099945068,139.7899932861,138.3124237061,7237900
2026-07-28,143.2100067139,145.4299926758,141.7899932861,142.8600006104,141.3499755859,10648800
2026-07-29,143.2799987793,145.2299957275,142.5800018311,143.5000000000,141.9832153320,8390800
2026-07-30,141.1000061035,142.5200042725,139.4199981689,140.1999969482,138.7180938721,8253100
2026-07-31,139.5299987793,140.1600036621,138.3800048828,139.5599975586,138.0848541260,9699400
2026-08-03,141.0800018311,141.5500030518,138.7100067139,139.6300048828,138.1541290283,6645300
2026-08-04,137.7700042725,139.2100067139,137.1300048828,139.1000061035,137.6297302246,8525200
2026-08-05,140.2299957275,140.2700042725,137.9199981689,138.7799987793,137.3131103516,6257600
2026-08-06,140.0899963379,140.5200042725,137.1399993896,138.4400024414,136.9766998291,8510300
2026-08-07,137.5399932861,139.4900054932,137.1499938965,139.0200042725,137.5505676270,4734000
2026-08-10,138.5200042725,138.5200042725,137.1799926758,137.7299957275,136.2742004395,5883800
2026-08-11,137.0099945068,138.5099945068,136.8999938965,138.4100036621,136.9470214844,5823900
2026-08-12,137.5200042725,138.7500000000,136.7299957275,138.6999969482,137.2339477539,5472700
2026-08-13,139.4100036621,140.8300018311,139.3300018311,140.6199951172,139.1336517334,6246700
2026-08-14,140.6199951172,141.2700042725,140.1199951172,140.7899932861,139.3018493652,3867000
2026-08-17,139.7100067139,139.8899993896,137.6600036621,138.2400054932,136.7788238525,6856200
2026-08-18,140.3600006104,140.8000030518,139.0500030518,140.1300048828,138.6488342285,6224700
2026-08-19,140.8699951172,143.6300048828,140.6300048828,142.5800018311,141.0729370117,6954200
2026-08-20,141.7400054932,143.3699951172,141.1100006104,142.0800018311,140.5782318115,5350000
2026-08-21,142.6699981689,143.5599975586,141.6399993896,143.4799957275,141.9634246826,6627600
2026-08-24,144.9100036621,145.8999938965,144.3800048828,144.6699981689,143.1408538818,5997000
2026-08-25,143.7299957275,143.8699951172,142.0800018311,142.2700042725,140.7662200928,10194100
2026-08-26,142.6900024414,142.6900024414,141.2200012207,142.1900024414,140.6870574951,8577000
2026-08-27,140.5599975586,141.0899963379,139.6799926758,139.7200012207,138.2431640625,6241300
2026-08-28,140.6600036621,141.2899932861,139.9900054932,141.0700073242,139.5789031982,5465100
2026-08-31,141.0399932861,141.0399932861,139.3300018311,140.3399963379,138.8566131592,6555600
2026-09-01,141.1900024414,141.4299926758,139.3699951172,139.7899932861,138.3124237061,5529500
2026-09-02,140.2700042725,141.7100067139,139.3000030518,140.5200042725,139.0347137451,7054500
2026-09-03,140.3200073242,140.7500000000,138.5800018311,140.0200042725,138.5400085449,10320000
2026-09-04,137.7400054932,139.4700012207,137.4299926758,137.6300048828,137.6300048828,6138900
2026-09-08,137.0000000000,138.9799957275,137.0000000000,138.4499969482,138.4499969482,10086300
2026-09-09,138.0099945068,138.1199951172,136.3300018311,136.6900024414,136.6900024414,7371700
2026-09-10,137.5000000000,137.7899932861,136.4799957275,136.6499938965,136.6499938965,7445600
2026-09-11,137.3099975586,137.4799957275,136.3200073242,137.1600036621,137.1600036621,2353976
